timestamp,part_id,id_lot_matiere,fournisseur,type_materiau,longueur_brute_theo,longueur_brute_reelle,vitesse_coupe,temp_coupe,etat_machine,duree_cycle,taux_chute
2023-10-26 07:55:53,P-Usine_B-000001,LOT-100,MetalX,Acier Inox 316L,1500.0,1500.14,103.8,248.5,RUN,42.1,2.15
2023-10-26 08:05:31,P-Usine_B-000002,LOT-100,MetalX,Acier Inox 316L,1500.0,1500.49,98.2,243.0,RUN,41.0,4.93
2023-10-26 08:03:00,P-Usine_B-000003,LOT-105,AcierPro,Acier Inox 316L,1500.0,1499.3,103.3,223.4,RUN,42.6,2.79
2023-10-26 08:02:57,P-Usine_B-000004,LOT-100,AluBest,Acier Inox 316L,1500.0,1499.67,102.2,213.8,RUN,44.8,2.25
2023-10-26 08:01:53,P-Usine_B-000005,LOT-100,AluBest,Acier Inox 316L,1500.0,1499.09,97.0,220.4,RUN,42.3,4.27
2023-10-26 08:04:25,P-Usine_B-000006,LOT-103,MetalX,Acier Inox 316L,1500.0,1499.63,102.2,208.9,RUN,49.5,3.03
2023-10-26 08:06:02,P-Usine_B-000007,LOT-103,AcierPro,Acier Inox 316L,1500.0,1499.01,95.3,249.7,RUN,46.1,4.81
2023-10-26 08:03:12,P-Usine_B-000008,LOT-102,AluBest,Acier Inox 316L,1500.0,1500.28,101.1,246.3,RUN,44.0,3.09
2023-10-26 08:13:11,P-Usine_B-000009,LOT-103,AcierPro,Acier Inox 316L,1500.0,1500.4,104.9,236.6,RUN,46.8,2.88
2023-10-26 08:05:49,P-Usine_B-000010,LOT-100,AcierPro,Acier Inox 316L,1500.0,1499.01,98.3,238.4,RUN,44.2,4.74
2023-10-26 08:13:19,P-Usine_B-000011,LOT-102,AcierPro,Acier Inox 316L,1500.0,1500.15,95.4,245.5,RUN,47.4,4.75
2023-10-26 08:12:44,P-Usine_B-000012,LOT-104,AluBest,Acier Inox 316L,1500.0,1499.54,102.8,223.0,RUN,45.9,2.04
2023-10-26 08:09:08,P-Usine_B-000013,LOT-101,AluBest,Acier Inox 316L,1500.0,1500.61,104.9,227.4,RUN,46.2,4.21
2023-10-26 08:16:07,P-Usine_B-000014,LOT-100,AluBest,Acier Inox 316L,1500.0,1499.85,100.6,209.4,RUN,43.7,2.54
2023-10-26 08:18:53,P-Usine_B-000015,LOT-102,AluBest,Acier Inox 316L,1500.0,1500.59,97.0,229.9,RUN,48.9,2.72
2023-10-26 08:11:31,P-Usine_B-000016,LOT-104,AcierPro,Acier Inox 316L,1500.0,1499.27,96.1,236.9,RUN,42.9,3.44
2023-10-26 08:11:31,P-Usine_B-000016,LOT-104,AcierPro,Acier Inox 316L,1500.0,1499.27,96.1,236.9,RUN,42.9,3.44
2023-10-26 08:12:49,P-Usine_B-000017,LOT-100,AcierPro,Acier Inox 316L,1500.0,1499.84,103.9,230.5,RUN,42.5,4.84
2023-10-26 08:16:59,P-Usine_B-000018,LOT-101,MetalX,Acier Inox 316L,1500.0,1499.99,99.6,212.8,RUN,46.2,3.63
2023-10-26 08:15:54,P-Usine_B-000019,LOT-102,AluBest,Acier Inox 316L,1500.0,1500.53,102.5,228.4,RUN,43.2,4.29
2023-10-26 08:19:50,P-Usine_B-000020,LOT-103,MetalX,Acier Inox 316L,1500.0,1499.93,95.5,231.0,RUN,44.0,4.26
2023-10-26 08:25:38,P-Usine_B-000021,LOT-101,AluBest,Acier Inox 316L,1500.0,1499.42,101.8,231.3,RUN,42.2,3.85
2023-10-26 08:22:06,P-Usine_B-000022,LOT-100,AluBest,Acier Inox 316L,1500.0,1499.28,104.9,224.7,RUN,46.3,3.59
2023-10-26 08:20:33,P-Usine_B-000023,LOT-103,MetalX,Acier Inox 316L,1500.0,1499.77,96.3,241.0,RUN,41.6,2.63
2023-10-26 08:20:51,P-Usine_B-000024,LOT-105,AcierPro,Acier Inox 316L,1500.0,1499.33,98.5,243.2,RUN,48.0,4.96
2023-10-26 08:21:59,P-Usine_B-000025,LOT-103,AluBest,Acier Inox 316L,1500.0,1500.49,999.9,211.9,RUN,43.7,3.77
2023-10-26 08:24:17,P-Usine_B-000026,LOT-105,AcierPro,Acier Inox 316L,1500.0,1500.85,104.4,210.5,RUN,42.0,4.16
2023-10-26 08:26:03,P-Usine_B-000027,LOT-102,AcierPro,Acier Inox 316L,1500.0,1499.98,96.2,245.6,RUN,48.4,2.84
2023-10-26 08:29:30,P-Usine_B-000028,LOT-103,MetalX,Acier Inox 316L,1500.0,1500.66,102.0,236.8,RUN,47.0,2.76
2023-10-26 08:25:41,P-Usine_B-000029,LOT-104,MetalX,Acier Inox 316L,1500.0,1500.27,104.9,200.7,RUN,40.0,4.02
2023-10-26 08:27:06,P-Usine_B-000030,LOT-103,MetalX,Acier Inox 316L,1500.0,1500.86,97.0,,RUN,48.5,4.91
2023-10-26 08:28:53,P-Usine_B-000031,LOT-102,AcierPro,Acier Inox 316L,1500.0,1499.95,96.5,248.8,RUN,46.0,2.44
2023-10-26 08:30:22,P-Usine_B-000032,LOT-104,MetalX,Acier Inox 316L,1500.0,1498.95,101.4,206.2,RUN,41.1,4.0
2023-10-26 08:29:04,P-Usine_B-000033,LOT-105,MetalX,Acier Inox 316L,1500.0,1499.78,100.7,228.5,RUN,43.2,3.8
2023-10-26 08:31:23,P-Usine_B-000034,LOT-101,AluBest,Acier Inox 316L,1500.0,1500.08,99.6,205.6,RUN,40.6,3.24
2023-10-26 08:33:45,P-Usine_B-000035,LOT-104,AcierPro,Acier Inox 316L,1500.0,1499.76,101.9,243.3,RUN,48.7,3.88
2023-10-26 08:37:33,P-Usine_B-000036,LOT-101,MetalX,Acier Inox 316L,1500.0,1501.09,103.7,219.4,RUN,40.2,3.54
2023-10-26 08:32:56,P-Usine_B-000037,LOT-103,MetalX,Acier Inox 316L,1500.0,1499.8,98.4,225.0,RUN,42.2,3.27
2023-10-26 08:33:24,P-Usine_B-000038,LOT-102,MetalX,Acier Inox 316L,1500.0,1499.15,104.5,247.7,RUN,40.5,2.95
2023-10-26 08:36:32,P-Usine_B-000039,LOT-101,AcierPro,Acier Inox 316L,1500.0,1500.35,104.5,245.1,RUN,45.3,2.81
2023-10-26 08:37:26,P-Usine_B-000040,LOT-104,AcierPro,Acier Inox 316L,1500.0,1500.69,100.0,207.8,RUN,49.3,3.58
2023-10-26 08:42:14,P-Usine_B-000041,LOT-103,AluBest,Acier Inox 316L,1500.0,1500.7,95.7,237.9,RUN,41.4,3.78
2023-10-26 08:39:38,P-Usine_B-000042,LOT-104,MetalX,Acier Inox 316L,1500.0,1499.56,103.4,209.7,RUN,40.7,4.82
2023-10-26 08:44:49,P-Usine_B-000043,LOT-105,MetalX,Acier Inox 316L,1500.0,1499.68,98.2,246.3,RUN,45.9,4.21
2023-10-26 08:46:40,P-Usine_B-000044,LOT-104,MetalX,Acier Inox 316L,1500.0,1500.03,100.0,233.5,RUN,42.2,4.34
2023-10-26 08:48:22,P-Usine_B-000045,LOT-104,AluBest,Acier Inox 316L,1500.0,1501.6,97.8,213.7,RUN,41.4,2.76
2023-10-26 08:44:39,P-Usine_B-000046,LOT-102,AcierPro,Acier Inox 316L,1500.0,1499.61,96.4,235.3,RUN,47.0,4.07
2023-10-26 08:44:53,P-Usine_B-000047,LOT-103,MetalX,Acier Inox 316L,1500.0,1499.23,102.3,214.9,RUN,41.2,3.5
2023-10-26 08:50:23,P-Usine_B-000048,LOT-104,AcierPro,Acier Inox 316L,,1499.9,104.7,211.7,RUN,44.2,4.87
2023-10-26 08:53:17,P-Usine_B-000049,LOT-102,AcierPro,Acier Inox 316L,1500.0,1499.61,95.9,235.0,RUN,49.3,3.53
2023-10-26 08:45:25,P-Usine_B-000050,LOT-102,AluBest,Acier Inox 316L,1500.0,1500.07,99.9,214.9,RUN,50.0,4.92
2023-10-26 08:54:59,P-Usine_B-000051,LOT-103,MetalX,Acier Inox 316L,1500.0,1499.33,97.8,220.6,RUN,44.7,4.83
2023-10-26 08:56:27,P-Usine_B-000052,LOT-103,MetalX,Acier Inox 316L,1500.0,1500.04,103.6,201.0,RUN,47.4,3.15
2023-10-26 08:53:22,P-Usine_B-000053,LOT-101,MetalX,Acier Inox 316L,1500.0,1499.78,96.4,229.9,RUN,47.6,4.57
2023-10-26 08:50:15,P-Usine_B-000054,LOT-105,AcierPro,Acier Inox 316L,1500.0,1499.92,97.9,243.2,RUN,48.3,2.91
2023-10-26 08:59:13,P-Usine_B-000055,LOT-102,AluBest,Acier Inox 316L,1500.0,1499.26,95.1,219.2,RUN,40.8,2.46
2023-10-26 08:53:07,P-Usine_B-000056,LOT-103,AluBest,Acier Inox 316L,1500.0,1500.58,97.9,217.8,RUN,45.3,4.9
2023-10-26 08:53:27,P-Usine_B-000057,LOT-100,AluBest,Acier Inox 316L,1500.0,1500.35,98.2,233.0,RUN,41.4,3.34
2023-10-26 08:56:41,P-Usine_B-000058,LOT-100,AcierPro,Acier Inox 316L,1500.0,1499.81,97.6,227.6,RUN,42.0,2.91
2023-10-26 08:55:07,P-Usine_B-000059,LOT-105,AcierPro,Acier Inox 316L,1500.0,1499.86,96.0,214.3,RUN,42.5,4.83
2023-10-26 08:58:10,P-Usine_B-000060,LOT-105,AcierPro,Acier Inox 316L,1500.0,1500.28,104.3,221.1,RUN,48.1,3.46
2023-10-26 09:05:40,P-Usine_B-000061,LOT-100,AluBest,Acier Inox 316L,1500.0,1500.35,97.1,224.1,RUN,46.9,4.31
2023-10-26 09:04:04,P-Usine_B-000062,LOT-104,AluBest,Acier Inox 316L,1500.0,1500.9,98.1,240.3,RUN,43.6,2.92
2023-10-26 09:04:23,P-Usine_B-000063,LOT-103,AcierPro,Acier Inox 316L,1500.0,1499.81,102.2,220.9,RUN,40.7,4.23
2023-10-26 09:08:45,P-Usine_B-000064,LOT-100,AluBest,Acier Inox 316L,1500.0,1499.56,103.3,230.2,RUN,43.1,2.96
2023-10-26 09:08:45,P-Usine_B-000065,LOT-104,AcierPro,Acier Inox 316L,1500.0,1500.06,98.0,207.1,RUN,43.8,4.62
2023-10-26 09:09:13,P-Usine_B-000066,LOT-102,AcierPro,Acier Inox 316L,1500.0,1499.79,102.6,210.0,RUN,43.6,3.13
2023-10-26 09:06:10,P-Usine_B-000067,LOT-102,AluBest,Acier Inox 316L,1500.0,1499.28,96.0,210.8,RUN,45.6,3.55
2023-10-26 09:05:30,P-Usine_B-000068,LOT-105,AluBest,Acier Inox 316L,1500.0,1500.27,104.0,223.9,RUN,49.2,3.1
2023-10-26 09:12:59,P-Usine_B-000069,LOT-104,AcierPro,Acier Inox 316L,1500.0,1500.17,101.8,221.5,RUN,41.4,2.23
2023-10-26 09:06:11,P-Usine_B-000070,LOT-104,MetalX,Acier Inox 316L,1500.0,1500.12,101.4,223.2,999.9,49.7,3.9
2023-10-26 09:14:27,P-Usine_B-000071,LOT-103,AcierPro,Acier Inox 316L,1500.0,1499.42,95.6,216.6,RUN,48.4,4.41
2023-10-26 09:08:33,P-Usine_B-000072,LOT-104,MetalX,Acier Inox 316L,1500.0,1499.38,96.2,236.7,RUN,49.2,2.82
2023-10-26 09:15:55,P-Usine_B-000073,LOT-104,MetalX,Acier Inox 316L,1500.0,1500.07,101.7,218.1,RUN,47.9,2.52
2023-10-26 09:13:23,P-Usine_B-000074,LOT-101,MetalX,Acier Inox 316L,1500.0,1500.04,98.0,229.6,RUN,49.2,2.31
2023-10-26 09:14:39,P-Usine_B-000075,LOT-104,AluBest,Acier Inox 316L,1500.0,1499.13,103.4,242.7,RUN,43.5,4.82
2023-10-26 09:13:24,P-Usine_B-000076,LOT-104,AcierPro,Acier Inox 316L,1500.0,1500.44,100.1,231.7,RUN,40.2,4.05
2023-10-26 09:13:49,P-Usine_B-000077,LOT-105,AluBest,Acier Inox 316L,1500.0,1500.51,100.1,247.6,RUN,48.4,2.9
2023-10-26 09:15:54,P-Usine_B-000078,LOT-100,AcierPro,Acier Inox 316L,1500.0,1499.17,95.3,219.6,RUN,46.7,4.96
2023-10-26 09:20:11,P-Usine_B-000079,LOT-100,MetalX,Acier Inox 316L,1500.0,1499.76,95.9,213.0,RUN,48.4,3.39
2023-10-26 09:15:16,P-Usine_B-000080,LOT-103,MetalX,Acier Inox 316L,1500.0,1499.78,102.2,239.2,RUN,47.5,2.12
2023-10-26 09:16:41,P-Usine_B-000081,LOT-104,AluBest,Acier Inox 316L,1500.0,1499.68,99.3,205.0,RUN,47.4,2.86
2023-10-26 09:25:28,P-Usine_B-000082,LOT-105,AluBest,Acier Inox 316L,1500.0,1499.17,102.9,234.2,RUN,40.7,3.48
2023-10-26 09:24:40,P-Usine_B-000083,LOT-104,MetalX,Acier Inox 316L,1500.0,1499.57,100.9,210.3,RUN,40.7,3.08
2023-10-26 09:26:45,P-Usine_B-000084,LOT-101,MetalX,Acier Inox 316L,1500.0,1499.89,99.6,202.2,RUN,41.7,2.19
2023-10-26 09:24:00,P-Usine_B-000085,LOT-105,AluBest,Acier Inox 316L,1500.0,1500.61,102.6,242.7,RUN,45.2,4.96
2023-10-26 09:22:55,P-Usine_B-000086,LOT-100,AcierPro,Acier Inox 316L,1500.0,1500.99,101.6,211.5,RUN,47.5,2.21
2023-10-26 09:24:15,P-Usine_B-000087,LOT-104,AcierPro,Acier Inox 316L,1500.0,1499.14,103.4,236.8,RUN,47.6,3.24
2023-10-26 09:31:58,P-Usine_B-000088,LOT-100,AcierPro,Acier Inox 316L,1500.0,1500.47,100.2,225.0,RUN,43.3,3.87
2023-10-26 09:32:38,P-Usine_B-000089,LOT-105,AcierPro,Acier Inox 316L,1500.0,1500.17,98.0,245.0,RUN,41.9,4.96
2023-10-26 09:27:26,P-Usine_B-000090,LOT-101,AcierPro,Acier Inox 316L,1500.0,1499.16,98.6,211.7,RUN,41.6,4.06
2023-10-26 09:27:40,P-Usine_B-000091,LOT-103,AcierPro,Acier Inox 316L,1500.0,1500.45,96.1,245.2,RUN,48.8,3.89
2023-10-26 09:26:44,P-Usine_B-000092,LOT-105,AcierPro,Acier Inox 316L,1500.0,1500.65,102.5,221.8,RUN,40.8,3.2
2023-10-26 09:29:37,P-Usine_B-000093,LOT-104,AcierPro,Acier Inox 316L,1500.0,1499.68,95.9,229.9,RUN,42.3,3.29
2023-10-26 09:34:09,P-Usine_B-000094,LOT-103,AluBest,Acier Inox 316L,1500.0,1499.82,97.5,246.6,RUN,40.9,3.63
2023-10-26 09:37:07,P-Usine_B-000095,LOT-101,MetalX,Acier Inox 316L,1500.0,1499.64,98.1,244.8,RUN,44.1,4.97
2023-10-26 09:30:39,P-Usine_B-000096,LOT-104,AluBest,Acier Inox 316L,1500.0,1500.79,95.7,246.6,RUN,40.6,2.85
2023-10-26 09:37:59,P-Usine_B-000097,LOT-103,AluBest,Acier Inox 316L,1500.0,1499.8,104.0,235.5,RUN,42.6,3.84
2023-10-26 09:41:59,P-Usine_B-000098,LOT-105,MetalX,Acier Inox 316L,1500.0,1499.99,104.3,248.1,RUN,41.8,3.03
2023-10-26 09:41:57,P-Usine_B-000099,LOT-105,AcierPro,Acier Inox 316L,1500.0,1500.44,96.8,203.0,RUN,48.1,3.41
2023-10-26 09:39:56,P-Usine_B-000100,LOT-104,MetalX,Acier Inox 316L,1500.0,1499.97,96.9,243.7,RUN,41.6,3.35
2023-10-26 09:43:36,P-Usine_B-000101,LOT-105,AluBest,Acier Inox 316L,1500.0,1500.38,97.0,206.0,RUN,49.2,2.42
2023-10-26 09:37:53,P-Usine_B-000102,LOT-103,MetalX,Acier Inox 316L,1500.0,1500.1,96.2,233.7,RUN,49.5,3.56
2023-10-26 09:37:53,P-Usine_B-000102,LOT-103,MetalX,Acier Inox 316L,1500.0,1500.1,96.2,233.7,RUN,49.5,3.56
2023-10-26 09:42:25,P-Usine_B-000103,LOT-104,AcierPro,Acier Inox 316L,1500.0,1499.88,101.6,238.4,RUN,45.2,3.33
2023-10-26 09:42:25,P-Usine_B-000103,LOT-104,AcierPro,Acier Inox 316L,1500.0,1499.88,101.6,238.4,RUN,45.2,3.33
2023-10-26 09:41:52,P-Usine_B-000104,LOT-100,MetalX,Acier Inox 316L,1500.0,1500.12,101.1,211.8,RUN,41.5,3.37
2023-10-26 09:45:59,P-Usine_B-000105,LOT-100,MetalX,Acier Inox 316L,1500.0,1500.0,104.8,240.5,RUN,46.1,2.28
2023-10-26 09:47:51,P-Usine_B-000106,LOT-102,AcierPro,Acier Inox 316L,1500.0,1499.86,102.4,222.4,RUN,42.7,2.85
2023-10-26 09:45:21,P-Usine_B-000107,LOT-103,AluBest,Acier Inox 316L,1500.0,1500.32,100.1,223.6,RUN,49.0,2.65
2023-10-26 09:51:23,P-Usine_B-000108,LOT-101,MetalX,Acier Inox 316L,1500.0,1500.27,103.0,213.1,RUN,47.9,2.39
2023-10-26 09:45:26,P-Usine_B-000109,LOT-103,AluBest,Acier Inox 316L,1500.0,1500.3,97.4,232.9,RUN,45.0,3.96
2023-10-26 09:52:17,P-Usine_B-000110,LOT-104,MetalX,Acier Inox 316L,1500.0,1500.07,100.0,200.9,RUN,44.6,4.68
2023-10-26 09:54:10,P-Usine_B-000111,LOT-101,MetalX,Acier Inox 316L,1500.0,1499.39,104.8,200.5,RUN,46.7,3.33
2023-10-26 09:52:08,P-Usine_B-000112,LOT-100,AluBest,Acier Inox 316L,1500.0,1499.56,95.7,217.4,RUN,48.8,4.96
2023-10-26 09:49:14,P-Usine_B-000113,LOT-104,AluBest,Acier Inox 316L,1500.0,1500.31,97.3,210.4,RUN,41.8,4.08
2023-10-26 09:50:33,P-Usine_B-000114,LOT-103,AcierPro,Acier Inox 316L,1500.0,1499.56,102.8,231.8,RUN,44.3,3.18
2023-10-26 09:56:10,P-Usine_B-000115,LOT-100,AluBest,Acier Inox 316L,1500.0,1500.89,104.7,237.7,RUN,47.0,2.89
2023-10-26 10:00:50,P-Usine_B-000116,LOT-105,AcierPro,Acier Inox 316L,1500.0,1499.67,100.8,224.5,RUN,48.7,4.26
2023-10-26 09:58:50,P-Usine_B-000117,LOT-101,MetalX,Acier Inox 316L,1500.0,1500.38,104.2,213.1,RUN,48.7,4.82
2023-10-26 10:00:28,P-Usine_B-000118,LOT-101,AluBest,Acier Inox 316L,1500.0,1499.19,97.7,220.1,RUN,48.3,2.1
2023-10-26 09:59:38,P-Usine_B-000119,LOT-100,AcierPro,Acier Inox 316L,1500.0,1499.84,103.1,222.3,RUN,42.4,3.54
2023-10-26 09:57:16,P-Usine_B-000120,LOT-101,AcierPro,Acier Inox 316L,1500.0,1498.63,96.7,244.7,RUN,47.6,3.85
2023-10-26 09:58:27,P-Usine_B-000121,LOT-100,AcierPro,Acier Inox 316L,1500.0,1500.26,98.8,245.7,RUN,43.1,2.32
2023-10-26 10:06:32,P-Usine_B-000122,LOT-100,MetalX,Acier Inox 316L,999.9,1499.31,103.6,222.5,RUN,41.8,3.11
2023-10-26 10:02:39,P-Usine_B-000123,LOT-104,AcierPro,Acier Inox 316L,1500.0,1500.37,103.1,213.9,RUN,44.5,3.28
2023-10-26 10:03:21,P-Usine_B-000124,LOT-105,MetalX,Acier Inox 316L,1500.0,1500.06,104.1,227.8,RUN,48.1,2.16
2023-10-26 10:03:21,P-Usine_B-000124,LOT-105,MetalX,Acier Inox 316L,1500.0,1500.06,104.1,227.8,RUN,48.1,2.16
2023-10-26 10:03:17,P-Usine_B-000125,LOT-105,AluBest,Acier Inox 316L,1500.0,1500.96,104.6,200.2,RUN,43.7,4.71
2023-10-26 10:08:10,P-Usine_B-000126,LOT-102,AcierPro,Acier Inox 316L,1500.0,1500.16,96.8,200.4,RUN,42.9,4.3
2023-10-26 10:09:21,P-Usine_B-000127,LOT-101,AluBest,Acier Inox 316L,1500.0,1499.31,96.3,212.0,RUN,42.7,3.69
2023-10-26 10:04:39,P-Usine_B-000128,,MetalX,Acier Inox 316L,1500.0,1500.3,98.4,249.9,RUN,43.0,2.86
2023-10-26 10:10:23,P-Usine_B-000129,LOT-105,MetalX,Acier Inox 316L,1500.0,1499.82,99.7,210.7,RUN,45.7,3.66
2023-10-26 10:08:20,P-Usine_B-000130,LOT-100,AcierPro,Acier Inox 316L,1500.0,1499.77,101.2,243.6,RUN,48.0,3.56
2023-10-26 10:10:07,P-Usine_B-000131,LOT-101,MetalX,Acier Inox 316L,1500.0,1500.22,103.3,226.8,RUN,44.1,4.68
2023-10-26 10:06:53,P-Usine_B-000132,LOT-100,MetalX,Acier Inox 316L,1500.0,1499.57,102.1,211.2,RUN,41.2,4.94
2023-10-26 10:13:24,P-Usine_B-000133,LOT-105,MetalX,Acier Inox 316L,1500.0,1499.93,102.3,227.9,RUN,42.6,2.06
2023-10-26 10:15:23,P-Usine_B-000134,LOT-100,AluBest,Acier Inox 316L,1500.0,1499.9,98.1,240.9,RUN,45.7,2.73
2023-10-26 10:17:07,,LOT-104,AcierPro,Acier Inox 316L,1500.0,1500.55,104.5,203.1,RUN,44.7,2.76
2023-10-26 10:20:19,P-Usine_B-000136,LOT-100,AcierPro,Acier Inox 316L,1500.0,1500.01,98.5,250.0,RUN,44.9,3.03
2023-10-26 10:20:19,P-Usine_B-000136,LOT-100,AcierPro,Acier Inox 316L,1500.0,1500.01,98.5,250.0,RUN,44.9,3.03
2023-10-26 10:18:46,P-Usine_B-000137,LOT-103,MetalX,Acier Inox 316L,1500.0,1499.92,96.1,217.2,RUN,41.9,4.69
2023-10-26 10:18:12,P-Usine_B-000138,LOT-104,AcierPro,Acier Inox 316L,1500.0,1500.39,103.5,207.3,RUN,41.4,4.82
2023-10-26 10:18:54,P-Usine_B-000139,LOT-104,AcierPro,Acier Inox 316L,1500.0,1499.41,104.4,243.1,STOP,46.2,3.42
2023-10-26 10:19:45,P-Usine_B-000140,LOT-100,MetalX,Acier Inox 316L,1500.0,1500.36,102.9,223.7,RUN,44.2,3.3
2023-10-26 10:18:49,P-Usine_B-000141,LOT-101,AcierPro,Acier Inox 316L,1500.0,1499.98,97.5,230.1,RUN,44.4,4.14
2023-10-26 10:21:33,P-Usine_B-000142,LOT-101,MetalX,Acier Inox 316L,1500.0,1499.94,102.5,218.8,RUN,46.3,3.29
2023-10-26 10:26:59,P-Usine_B-000143,LOT-105,AluBest,Acier Inox 316L,1500.0,1500.38,96.4,200.6,RUN,42.2,2.19
2023-10-26 10:22:36,P-Usine_B-000144,LOT-103,AcierPro,Acier Inox 316L,1500.0,1499.67,96.0,249.5,RUN,40.2,3.48
2023-10-26 10:24:21,P-Usine_B-000145,LOT-103,AluBest,Acier Inox 316L,1500.0,1500.19,102.1,227.1,RUN,43.9,4.01
2023-10-26 10:27:27,P-Usine_B-000146,LOT-102,AluBest,Acier Inox 316L,1500.0,1499.44,104.7,216.1,RUN,49.1,3.87
2023-10-26 10:22:19,P-Usine_B-000147,LOT-100,AluBest,Acier Inox 316L,1500.0,1499.93,103.5,205.1,RUN,46.9,2.27
2023-10-26 10:22:19,P-Usine_B-000147,LOT-100,AluBest,Acier Inox 316L,1500.0,1499.93,103.5,205.1,RUN,46.9,2.27
2023-10-26 10:28:57,P-Usine_B-000148,LOT-102,AluBest,Acier Inox 316L,1500.0,1500.5,95.0,226.9,RUN,48.5,3.57
2023-10-26 10:30:17,P-Usine_B-000149,LOT-100,AluBest,Acier Inox 316L,1500.0,1499.76,101.7,246.8,RUN,44.3,3.19
2023-10-26 10:25:36,P-Usine_B-000150,LOT-100,AcierPro,Acier Inox 316L,1500.0,1500.18,99.5,246.2,RUN,42.5,4.28
2023-10-26 10:32:21,P-Usine_B-000151,LOT-102,AcierPro,Acier Inox 316L,1500.0,1498.92,96.0,220.9,RUN,43.9,4.65
2023-10-26 10:34:44,P-Usine_B-000152,LOT-103,AcierPro,Acier Inox 316L,1500.0,1499.73,101.9,209.2,RUN,45.2,2.79
2023-10-26 10:32:52,P-Usine_B-000153,LOT-102,AcierPro,Acier Inox 316L,1500.0,1499.56,99.5,236.8,RUN,42.4,4.39
2023-10-26 10:33:08,P-Usine_B-000154,LOT-100,AcierPro,Acier Inox 316L,1500.0,1499.48,104.9,218.3,RUN,41.0,3.11
2023-10-26 10:36:43,P-Usine_B-000155,LOT-100,AcierPro,Acier Inox 316L,1500.0,999.9,95.9,245.3,RUN,48.8,3.3
2023-10-26 10:35:42,P-Usine_B-000156,LOT-100,AluBest,Acier Inox 316L,1500.0,1499.6,103.4,214.1,RUN,46.1,4.02
2023-10-26 10:37:05,P-Usine_B-000157,LOT-100,MetalX,Acier Inox 316L,1500.0,1499.67,102.8,219.8,RUN,48.9,2.97
2023-10-26 10:33:25,P-Usine_B-000158,LOT-105,MetalX,Acier Inox 316L,1500.0,1500.95,98.3,219.5,RUN,41.1,2.41
2023-10-26 10:34:55,P-Usine_B-000159,LOT-104,MetalX,Acier Inox 316L,1500.0,1500.64,102.4,241.1,RUN,47.9,2.99
2023-10-26 10:37:42,P-Usine_B-000160,LOT-105,AluBest,Acier Inox 316L,1500.0,1499.85,104.2,217.6,RUN,48.4,4.88
2023-10-26 10:36:26,P-Usine_B-000161,LOT-105,AcierPro,Acier Inox 316L,1500.0,1500.12,95.2,236.1,RUN,46.3,2.74
2023-10-26 10:41:13,P-Usine_B-000162,LOT-102,AluBest,Acier Inox 316L,999.9,1500.18,100.9,217.4,RUN,46.9,2.34
2023-10-26 10:40:10,P-Usine_B-000163,LOT-100,AcierPro,Acier Inox 316L,1500.0,1500.3,102.5,208.6,RUN,48.6,3.5
,P-Usine_B-000164,LOT-100,AluBest,Acier Inox 316L,1500.0,1500.38,103.5,207.4,RUN,44.7,2.02
2023-10-26 10:48:01,P-Usine_B-000165,LOT-105,MetalX,Acier Inox 316L,1500.0,1500.38,101.8,222.1,RUN,44.9,2.53
2023-10-26 10:47:51,P-Usine_B-000166,LOT-104,MetalX,Acier Inox 316L,1500.0,1499.96,999.9,236.9,RUN,44.8,2.43
2023-10-26 10:43:35,P-Usine_B-000167,LOT-102,AcierPro,Acier Inox 316L,1500.0,1499.9,97.7,212.2,STOP,44.4,3.02
2023-10-26 10:49:25,P-Usine_B-000168,LOT-103,AcierPro,Acier Inox 316L,1500.0,1499.64,99.7,229.3,RUN,46.2,3.53
2023-10-26 10:49:31,P-Usine_B-000169,LOT-100,AluBest,Acier Inox 316L,1500.0,1499.55,96.9,249.1,RUN,40.9,3.32
2023-10-26 10:48:17,P-Usine_B-000170,LOT-103,AluBest,Acier Inox 316L,1500.0,1499.95,100.2,231.1,RUN,45.6,4.96
2023-10-26 10:49:02,P-Usine_B-000171,LOT-102,AcierPro,Acier Inox 316L,1500.0,1500.13,97.5,203.2,RUN,47.2,4.77
2023-10-26 10:48:21,P-Usine_B-000172,LOT-100,AluBest,Acier Inox 316L,1500.0,1500.42,99.0,241.2,RUN,47.4,3.76
2023-10-26 10:50:42,P-Usine_B-000173,LOT-100,MetalX,Acier Inox 316L,1500.0,1500.23,95.5,216.7,RUN,42.0,4.88
2023-10-26 10:57:54,P-Usine_B-000174,LOT-104,AluBest,Acier Inox 316L,1500.0,1500.29,98.2,246.5,RUN,46.5,2.3
2023-10-26 10:59:03,P-Usine_B-000175,LOT-105,AcierPro,Acier Inox 316L,1500.0,1499.92,104.3,236.2,RUN,44.4,2.5
2023-10-26 10:52:23,P-Usine_B-000176,LOT-102,MetalX,Acier Inox 316L,1500.0,1501.01,104.8,237.6,RUN,45.0,3.74
2023-10-26 10:55:32,P-Usine_B-000177,LOT-102,AcierPro,Acier Inox 316L,1500.0,1500.97,102.4,235.7,RUN,48.3,3.85
2023-10-26 11:00:38,P-Usine_B-000178,LOT-105,AluBest,Acier Inox 316L,1500.0,1499.54,97.7,225.3,RUN,47.3,4.34
2023-10-26 10:56:07,P-Usine_B-000179,LOT-105,AluBest,Acier Inox 316L,1500.0,1500.51,101.0,237.3,RUN,40.5,3.15
2023-10-26 10:58:22,P-Usine_B-000180,LOT-100,MetalX,Acier Inox 316L,1500.0,1500.32,100.0,229.9,RUN,41.3,3.83
2023-10-26 11:05:54,P-Usine_B-000181,LOT-103,AcierPro,Acier Inox 316L,1500.0,1499.04,96.8,212.9,RUN,43.5,4.69
2023-10-26 10:58:18,P-Usine_B-000182,LOT-105,MetalX,Acier Inox 316L,1500.0,1499.98,102.1,238.9,RUN,45.4,3.67
2023-10-26 11:05:19,P-Usine_B-000183,LOT-101,MetalX,Acier Inox 316L,1500.0,1500.42,99.5,219.1,RUN,43.7,4.45
2023-10-26 11:01:06,P-Usine_B-000184,LOT-104,AcierPro,Acier Inox 316L,1500.0,1500.24,99.1,235.4,RUN,46.7,2.7
2023-10-26 11:04:35,P-Usine_B-000185,LOT-104,AluBest,Acier Inox 316L,1500.0,1499.45,104.2,229.3,RUN,43.0,2.15
2023-10-26 11:11:14,P-Usine_B-000186,LOT-102,MetalX,,1500.0,1499.92,100.6,239.3,RUN,40.7,3.25
2023-10-26 11:06:26,P-Usine_B-000187,LOT-105,AcierPro,Acier Inox 316L,1500.0,1500.21,95.9,233.5,RUN,46.8,4.93
2023-10-26 11:13:27,P-Usine_B-000188,LOT-105,MetalX,Acier Inox 316L,1500.0,1500.67,96.5,203.6,RUN,48.9,4.25
2023-10-26 11:08:02,P-Usine_B-000189,LOT-101,AcierPro,Acier Inox 316L,1500.0,1500.4,97.7,237.5,999.9,49.2,2.09
2023-10-26 11:06:55,P-Usine_B-000190,LOT-102,AcierPro,Acier Inox 316L,1500.0,1499.69,97.6,217.0,RUN,48.5,3.52
2023-10-26 11:12:10,P-Usine_B-000191,LOT-104,AluBest,Acier Inox 316L,1500.0,1498.75,103.0,243.9,RUN,46.4,3.98
2023-10-26 11:17:24,P-Usine_B-000192,LOT-101,MetalX,Acier Inox 316L,1500.0,1499.81,104.3,209.1,RUN,41.8,3.81
2023-10-26 11:17:02,P-Usine_B-000193,LOT-100,AcierPro,Acier Inox 316L,1500.0,1500.5,102.7,243.3,RUN,45.5,4.13
2023-10-26 11:14:54,P-Usine_B-000194,LOT-103,MetalX,Acier Inox 316L,1500.0,1500.22,103.2,227.5,STOP,44.8,4.36
2023-10-26 11:14:43,P-Usine_B-000195,LOT-102,AluBest,Acier Inox 316L,1500.0,1500.16,98.5,223.8,RUN,45.1,4.67
2023-10-26 11:19:54,P-Usine_B-000196,LOT-105,MetalX,Acier Inox 316L,1500.0,1499.87,96.6,238.6,RUN,44.1,2.59
2023-10-26 11:16:17,P-Usine_B-000197,LOT-101,MetalX,Acier Inox 316L,1500.0,1500.36,103.3,207.1,RUN,48.5,3.77
2023-10-26 11:16:17,P-Usine_B-000197,LOT-101,MetalX,Acier Inox 316L,1500.0,1500.36,103.3,207.1,RUN,48.5,3.77
2023-10-26 11:15:50,P-Usine_B-000198,LOT-105,AluBest,Acier Inox 316L,1500.0,1499.49,104.7,206.7,RUN,46.1,3.33
2023-10-26 11:23:22,P-Usine_B-000199,LOT-101,MetalX,Acier Inox 316L,1500.0,1499.73,101.3,231.8,RUN,47.1,2.75
2023-10-26 11:20:48,P-Usine_B-000200,LOT-104,AluBest,Acier Inox 316L,1500.0,1499.51,101.1,212.1,RUN,44.3,4.68
2023-10-26 11:17:46,P-Usine_B-000201,LOT-105,MetalX,Acier Inox 316L,1500.0,1498.58,98.7,238.2,RUN,44.7,4.44
2023-10-26 11:19:07,P-Usine_B-000202,LOT-104,AcierPro,Acier Inox 316L,1500.0,1500.23,103.9,217.2,RUN,49.9,3.97
2023-10-26 11:21:34,P-Usine_B-000203,LOT-105,AcierPro,Acier Inox 316L,1500.0,1500.04,104.7,214.5,RUN,41.5,4.35
2023-10-26 11:27:37,P-Usine_B-000204,LOT-105,AluBest,Acier Inox 316L,1500.0,1500.13,100.1,216.6,RUN,43.6,3.44
2023-10-26 11:27:44,P-Usine_B-000205,LOT-104,MetalX,Acier Inox 316L,1500.0,1499.03,105.0,207.4,RUN,45.4,3.2
2023-10-26 11:30:03,P-Usine_B-000206,LOT-100,AluBest,Acier Inox 316L,1500.0,1499.8,101.1,248.2,RUN,40.0,4.4
2023-10-26 11:27:24,P-Usine_B-000207,LOT-103,AcierPro,Acier Inox 316L,1500.0,1499.07,101.7,201.0,RUN,44.9,4.82
2023-10-26 11:25:24,P-Usine_B-000208,LOT-100,AcierPro,Acier Inox 316L,,1499.42,100.2,221.1,RUN,49.4,3.05
2023-10-26 11:31:30,P-Usine_B-000209,LOT-102,MetalX,Acier Inox 316L,1500.0,1500.46,100.9,228.3,RUN,46.6,3.06
2023-10-26 11:29:03,P-Usine_B-000210,LOT-102,AluBest,Acier Inox 316L,1500.0,1500.7,99.4,201.8,RUN,45.1,2.69
2023-10-26 11:31:27,P-Usine_B-000211,LOT-100,AcierPro,Acier Inox 316L,1500.0,1500.41,104.0,204.9,RUN,43.4,3.17
2023-10-26 11:34:40,P-Usine_B-000212,LOT-105,AluBest,Acier Inox 316L,1500.0,1499.85,99.9,201.1,RUN,41.6,3.84
2023-10-26 11:34:35,P-Usine_B-000213,LOT-105,MetalX,Acier Inox 316L,1500.0,1499.92,103.7,247.9,RUN,40.8,2.36
2023-10-26 11:30:29,P-Usine_B-000214,LOT-100,AcierPro,Acier Inox 316L,1500.0,1500.52,100.9,233.8,RUN,48.0,3.59
2023-10-26 11:30:51,P-Usine_B-000215,LOT-102,MetalX,Acier Inox 316L,1500.0,1499.96,95.5,210.1,RUN,41.2,3.6
2023-10-26 11:39:24,P-Usine_B-000216,LOT-102,AluBest,Acier Inox 316L,1500.0,1500.06,102.1,229.3,RUN,49.4,2.82
2023-10-26 11:39:55,P-Usine_B-000217,LOT-104,AluBest,Acier Inox 316L,1500.0,1499.81,104.9,214.6,RUN,48.3,4.68
2023-10-26 11:38:26,P-Usine_B-000218,LOT-102,AcierPro,Acier Inox 316L,1500.0,1499.49,103.1,232.8,RUN,48.8,4.86
2023-10-26 11:35:04,P-Usine_B-000219,LOT-105,AcierPro,Acier Inox 316L,1500.0,1499.93,100.9,237.8,RUN,43.2,2.95
2023-10-26 11:40:38,P-Usine_B-000220,LOT-105,AluBest,Acier Inox 316L,1500.0,1500.62,99.8,249.7,STOP,48.9,2.14
2023-10-26 11:37:22,P-Usine_B-000221,LOT-105,AcierPro,Acier Inox 316L,1500.0,1499.79,99.1,229.3,RUN,44.7,3.98
2023-10-26 11:40:15,P-Usine_B-000222,LOT-104,MetalX,Acier Inox 316L,1500.0,1500.55,96.2,200.0,RUN,40.4,4.66
2023-10-26 11:39:28,P-Usine_B-000223,LOT-103,AluBest,Acier Inox 316L,1500.0,1499.91,98.2,228.0,RUN,48.4,3.53
2023-10-26 11:43:39,P-Usine_B-000224,LOT-102,AluBest,Acier Inox 316L,1500.0,1499.86,97.1,200.4,RUN,44.6,4.35
2023-10-26 11:41:08,P-Usine_B-000225,LOT-100,MetalX,Acier Inox 316L,1500.0,1500.38,98.4,229.2,RUN,48.3,2.91
2023-10-26 11:43:54,P-Usine_B-000226,LOT-101,AluBest,Acier Inox 316L,1500.0,1500.12,103.9,218.1,RUN,48.9,4.38
2023-10-26 11:47:06,P-Usine_B-000227,LOT-104,MetalX,Acier Inox 316L,1500.0,1500.6,97.2,235.1,RUN,40.5,2.32
2023-10-26 11:44:16,P-Usine_B-000228,LOT-100,AcierPro,Acier Inox 316L,1500.0,1500.17,100.0,205.2,RUN,44.8,2.75
2023-10-26 11:50:59,P-Usine_B-000229,LOT-100,AluBest,Acier Inox 316L,1500.0,1499.73,96.4,248.4,RUN,47.5,4.99
2023-10-26 11:52:31,P-Usine_B-000230,LOT-100,AluBest,Acier Inox 316L,1500.0,1500.0,104.5,204.4,RUN,47.8,2.51
2023-10-26 11:56:16,P-Usine_B-000231,LOT-100,AcierPro,Acier Inox 316L,1500.0,1500.03,95.7,247.1,RUN,48.5,4.96
2023-10-26 11:55:59,P-Usine_B-000232,LOT-103,MetalX,Acier Inox 316L,1500.0,1499.65,95.5,236.4,RUN,44.6,3.81
2023-10-26 11:55:04,P-Usine_B-000233,LOT-101,AluBest,Acier Inox 316L,1500.0,1499.59,97.0,217.5,RUN,40.9,2.21
2023-10-26 11:54:29,P-Usine_B-000234,LOT-101,AluBest,Acier Inox 316L,1500.0,1500.15,101.4,246.5,RUN,44.8,2.88
2023-10-26 11:51:47,P-Usine_B-000235,LOT-102,AluBest,Acier Inox 316L,1500.0,1500.26,100.0,228.9,RUN,47.2,3.03
2023-10-26 11:59:53,P-Usine_B-000236,LOT-105,AluBest,Acier Inox 316L,1500.0,1499.17,95.6,200.5,RUN,44.8,5.0
2023-10-26 12:02:05,P-Usine_B-000237,LOT-101,AcierPro,Acier Inox 316L,1500.0,1500.68,103.8,231.2,RUN,45.1,3.65
2023-10-26 12:00:45,P-Usine_B-000238,LOT-104,AluBest,Acier Inox 316L,1500.0,1500.58,104.8,224.1,RUN,40.8,2.39
2023-10-26 12:02:52,P-Usine_B-000239,LOT-102,MetalX,Acier Inox 316L,1500.0,1500.07,999.9,231.0,RUN,44.6,2.09
2023-10-26 11:55:53,P-Usine_B-000240,LOT-104,AluBest,Acier Inox 316L,1500.0,1500.01,101.7,219.9,RUN,48.7,3.45
2023-10-26 12:00:32,P-Usine_B-000241,LOT-105,AcierPro,Acier Inox 316L,1500.0,1500.11,102.0,225.7,RUN,48.1,2.68
2023-10-26 12:00:11,P-Usine_B-000242,LOT-102,AcierPro,Acier Inox 316L,1500.0,1499.55,97.8,209.3,RUN,42.2,3.02
2023-10-26 12:03:15,P-Usine_B-000243,LOT-100,AluBest,Acier Inox 316L,1500.0,1500.3,103.4,205.9,RUN,44.9,3.46
2023-10-26 12:06:42,P-Usine_B-000244,LOT-100,AcierPro,Acier Inox 316L,1500.0,1500.71,104.1,214.3,RUN,46.5,4.44
2023-10-26 12:03:35,P-Usine_B-000245,LOT-103,AluBest,Acier Inox 316L,1500.0,1500.01,105.0,233.9,RUN,49.6,2.31
2023-10-26 12:08:08,P-Usine_B-000246,LOT-103,AcierPro,Acier Inox 316L,1500.0,1499.86,97.3,229.6,RUN,43.1,4.13
2023-10-26 12:02:06,P-Usine_B-000247,LOT-101,AluBest,Acier Inox 316L,1500.0,1500.52,97.7,225.7,RUN,41.8,4.94
2023-10-26 12:07:09,P-Usine_B-000248,LOT-104,MetalX,Acier Inox 316L,1500.0,1499.73,96.4,241.8,RUN,44.9,2.25
2023-10-26 12:04:48,P-Usine_B-000249,LOT-104,AluBest,Acier Inox 316L,1500.0,1500.11,102.6,234.5,RUN,43.3,2.53
2023-10-26 12:09:42,P-Usine_B-000250,LOT-100,MetalX,Acier Inox 316L,1500.0,1499.95,95.5,215.4,RUN,42.8,4.37
2023-10-26 12:11:26,P-Usine_B-000251,LOT-101,AcierPro,Acier Inox 316L,1500.0,1499.79,96.1,216.4,RUN,45.2,3.71
2023-10-26 12:11:59,P-Usine_B-000252,LOT-101,MetalX,Acier Inox 316L,1500.0,1500.4,99.6,249.1,RUN,40.9,3.06
2023-10-26 12:17:06,P-Usine_B-000253,LOT-103,AluBest,Acier Inox 316L,1500.0,1499.35,95.3,234.7,RUN,48.7,4.49
2023-10-26 12:14:47,P-Usine_B-000254,LOT-104,MetalX,Acier Inox 316L,1500.0,1499.66,104.7,200.3,RUN,42.6,2.85
2023-10-26 12:12:47,P-Usine_B-000255,LOT-101,MetalX,Acier Inox 316L,1500.0,1500.01,96.3,234.5,RUN,41.2,4.72
2023-10-26 12:13:04,P-Usine_B-000256,LOT-104,AcierPro,Acier Inox 316L,1500.0,1500.0,104.2,206.9,RUN,42.5,3.12
2023-10-26 12:13:54,P-Usine_B-000257,LOT-100,AluBest,Acier Inox 316L,1500.0,1500.46,95.0,222.8,RUN,44.7,2.31
2023-10-26 12:16:48,P-Usine_B-000258,LOT-102,AluBest,Acier Inox 316L,1500.0,1500.73,97.8,236.5,RUN,999.9,4.83
2023-10-26 12:22:34,P-Usine_B-000259,LOT-105,MetalX,Acier Inox 316L,1500.0,1500.62,95.9,241.4,RUN,41.0,4.02
2023-10-26 12:21:34,P-Usine_B-000260,LOT-104,AcierPro,Acier Inox 316L,1500.0,1500.6,97.6,200.6,RUN,42.5,3.48
2023-10-26 12:20:30,P-Usine_B-000261,LOT-105,AcierPro,Acier Inox 316L,1500.0,1500.05,96.3,239.2,RUN,46.1,3.4
2023-10-26 12:19:14,P-Usine_B-000262,LOT-101,AluBest,Acier Inox 316L,1500.0,1500.66,97.5,238.5,RUN,43.0,3.46
2023-10-26 12:24:27,P-Usine_B-000263,LOT-103,AluBest,Acier Inox 316L,1500.0,1498.96,104.7,214.7,RUN,44.9,2.95
2023-10-26 12:20:51,P-Usine_B-000264,LOT-104,AluBest,Acier Inox 316L,1500.0,1500.21,98.2,247.0,RUN,44.4,4.8
2023-10-26 12:21:08,P-Usine_B-000265,LOT-101,AcierPro,Acier Inox 316L,1500.0,1500.53,99.5,204.9,RUN,46.0,2.75
2023-10-26 12:20:45,P-Usine_B-000266,LOT-103,AluBest,Acier Inox 316L,1500.0,1499.92,95.9,223.5,RUN,49.8,3.8
2023-10-26 12:22:46,P-Usine_B-000267,LOT-102,999.9,Acier Inox 316L,1500.0,1500.47,99.1,243.7,RUN,40.5,4.82
2023-10-26 12:26:15,P-Usine_B-000268,LOT-103,MetalX,Acier Inox 316L,1500.0,1499.55,102.7,247.3,RUN,46.7,4.45
2023-10-26 12:32:57,P-Usine_B-000269,LOT-103,AcierPro,Acier Inox 316L,1500.0,1500.72,103.0,201.7,RUN,42.4,3.31
2023-10-26 12:33:47,P-Usine_B-000270,LOT-103,MetalX,Acier Inox 316L,1500.0,1499.89,102.6,249.4,RUN,46.3,2.65
2023-10-26 12:31:54,P-Usine_B-000271,LOT-103,MetalX,Acier Inox 316L,1500.0,1500.07,95.4,204.3,RUN,47.2,3.79
2023-10-26 12:26:06,P-Usine_B-000272,LOT-103,AluBest,Acier Inox 316L,1500.0,1499.99,100.5,210.9,RUN,40.1,4.59
2023-10-26 12:31:21,P-Usine_B-000273,LOT-100,MetalX,Acier Inox 316L,1500.0,1500.14,101.5,211.8,RUN,43.3,3.78
2023-10-26 12:28:43,P-Usine_B-000274,LOT-105,AcierPro,Acier Inox 316L,1500.0,1499.78,95.1,204.9,RUN,46.7,2.06
2023-10-26 12:30:30,P-Usine_B-000275,LOT-102,MetalX,Acier Inox 316L,1500.0,1500.1,96.3,230.5,RUN,49.4,4.85
2023-10-26 12:36:46,P-Usine_B-000276,LOT-104,AcierPro,Acier Inox 316L,1500.0,1500.04,95.6,248.9,RUN,47.6,2.25
2023-10-26 12:31:39,P-Usine_B-000277,LOT-102,AluBest,Acier Inox 316L,1500.0,1499.36,100.6,224.0,RUN,49.8,4.68
2023-10-26 12:32:23,P-Usine_B-000278,LOT-101,AcierPro,Acier Inox 316L,1500.0,1499.75,103.4,217.9,RUN,47.5,2.21
2023-10-26 12:32:23,P-Usine_B-000278,LOT-101,AcierPro,Acier Inox 316L,1500.0,1499.75,103.4,217.9,RUN,47.5,2.21
2023-10-26 12:42:18,P-Usine_B-000279,LOT-102,MetalX,Acier Inox 316L,1500.0,1499.82,98.9,222.3,STOP,47.4,2.67
2023-10-26 12:34:37,P-Usine_B-000280,LOT-103,AluBest,Acier Inox 316L,1500.0,1500.05,102.7,220.0,RUN,49.0,3.79
2023-10-26 12:38:02,P-Usine_B-000281,LOT-100,MetalX,Acier Inox 316L,1500.0,1499.6,99.6,223.9,RUN,44.2,4.12
2023-10-26 12:41:49,P-Usine_B-000282,LOT-103,MetalX,Acier Inox 316L,1500.0,1499.86,96.4,236.4,RUN,46.5,4.58
2023-10-26 12:42:09,P-Usine_B-000283,LOT-104,AcierPro,Acier Inox 316L,1500.0,1500.13,100.2,243.3,RUN,47.6,3.78
2023-10-26 12:39:07,P-Usine_B-000284,LOT-105,AcierPro,Acier Inox 316L,1500.0,1499.42,98.9,245.8,RUN,41.7,3.94
2023-10-26 12:39:49,P-Usine_B-000285,LOT-101,AluBest,Acier Inox 316L,1500.0,1500.05,103.7,221.0,RUN,40.4,2.43
2023-10-26 12:43:04,P-Usine_B-000286,LOT-100,MetalX,Acier Inox 316L,1500.0,1499.77,99.3,220.6,RUN,47.9,3.8
2023-10-26 12:44:55,P-Usine_B-000287,LOT-105,AcierPro,Acier Inox 316L,1500.0,1500.07,95.0,242.7,RUN,50.0,4.1
2023-10-26 12:50:23,P-Usine_B-000288,LOT-100,AcierPro,Acier Inox 316L,1500.0,1499.45,95.1,217.6,RUN,48.5,2.18
2023-10-26 12:42:52,P-Usine_B-000289,LOT-101,AluBest,Acier Inox 316L,,1499.27,98.0,214.0,RUN,47.9,4.39
2023-10-26 12:47:21,P-Usine_B-000290,LOT-101,AluBest,Acier Inox 316L,1500.0,1500.25,98.8,218.1,RUN,47.0,3.09
2023-10-26 12:47:52,P-Usine_B-000291,LOT-104,AluBest,Acier Inox 316L,1500.0,1499.37,101.4,226.6,RUN,40.7,4.17
2023-10-26 12:51:19,P-Usine_B-000292,LOT-100,AcierPro,Acier Inox 316L,1500.0,1500.17,103.0,227.1,RUN,43.2,4.84
2023-10-26 12:53:25,P-Usine_B-000293,LOT-104,MetalX,Acier Inox 316L,1500.0,1500.63,96.5,235.0,RUN,45.5,999.9
2023-10-26 12:52:21,P-Usine_B-000294,LOT-102,AcierPro,Acier Inox 316L,1500.0,1499.96,100.9,243.8,RUN,49.6,2.9
2023-10-26 12:52:57,P-Usine_B-000295,LOT-102,AluBest,Acier Inox 316L,1500.0,1500.23,96.8,211.2,RUN,47.6,4.66
2023-10-26 12:58:11,P-Usine_B-000296,LOT-102,AcierPro,Acier Inox 316L,1500.0,1499.92,99.9,208.3,RUN,44.9,2.37
2023-10-26 12:58:56,P-Usine_B-000297,LOT-103,AcierPro,Acier Inox 316L,1500.0,1500.02,96.8,214.2,RUN,45.8,4.52
2023-10-26 12:58:22,P-Usine_B-000298,LOT-105,MetalX,Acier Inox 316L,1500.0,1499.13,96.4,224.1,RUN,42.8,3.9
2023-10-26 13:00:59,P-Usine_B-000299,LOT-101,AluBest,Acier Inox 316L,1500.0,1499.67,102.8,209.5,RUN,40.5,3.15
2023-10-26 13:02:41,P-Usine_B-000300,LOT-104,AluBest,Acier Inox 316L,1500.0,1500.11,103.7,242.0,STOP,46.0,4.06
2023-10-26 12:57:49,P-Usine_B-000301,LOT-105,MetalX,Acier Inox 316L,1500.0,1499.72,97.0,228.8,RUN,49.1,3.14
2023-10-26 13:00:10,P-Usine_B-000302,LOT-104,AluBest,Acier Inox 316L,1500.0,1499.16,101.6,211.1,RUN,43.3,2.66
2023-10-26 12:56:34,P-Usine_B-000303,LOT-101,MetalX,Acier Inox 316L,1500.0,1500.44,102.0,248.6,RUN,41.6,4.12
2023-10-26 12:59:51,P-Usine_B-000304,LOT-102,AluBest,Acier Inox 316L,1500.0,1499.86,104.8,212.5,RUN,46.9,2.29
2023-10-26 13:00:55,P-Usine_B-000305,LOT-100,AcierPro,Acier Inox 316L,1500.0,1500.29,101.2,230.2,RUN,46.9,3.77
2023-10-26 13:00:55,P-Usine_B-000305,LOT-100,AcierPro,Acier Inox 316L,1500.0,1500.29,101.2,230.2,RUN,46.9,3.77
2023-10-26 12:59:57,P-Usine_B-000306,LOT-102,AluBest,Acier Inox 316L,1500.0,1499.49,99.5,237.2,RUN,48.6,2.47
2023-10-26 13:09:01,P-Usine_B-000307,LOT-103,MetalX,Acier Inox 316L,1500.0,1500.75,98.6,219.2,RUN,43.0,3.69
2023-10-26 13:07:16,P-Usine_B-000308,LOT-104,MetalX,Acier Inox 316L,1500.0,1500.51,99.5,205.5,RUN,43.1,4.2
2023-10-26 13:08:32,P-Usine_B-000309,LOT-100,AcierPro,Acier Inox 316L,1500.0,1500.85,101.6,222.9,RUN,47.6,5.0
2023-10-26 13:12:30,P-Usine_B-000310,LOT-103,AcierPro,Acier Inox 316L,1500.0,1500.09,98.4,245.4,RUN,45.5,4.95
2023-10-26 13:13:58,P-Usine_B-000311,LOT-105,AluBest,Acier Inox 316L,1500.0,1500.91,104.3,211.4,RUN,43.2,3.86
2023-10-26 13:07:47,P-Usine_B-000312,LOT-104,AluBest,Acier Inox 316L,1500.0,1499.4,104.7,246.3,RUN,41.6,2.92
,P-Usine_B-000313,LOT-101,AcierPro,Acier Inox 316L,1500.0,1500.41,101.5,235.2,RUN,43.2,4.26
2023-10-26 13:08:25,P-Usine_B-000314,LOT-105,AcierPro,Acier Inox 316L,1500.0,1499.76,102.6,202.0,RUN,49.3,3.0
2023-10-26 13:16:08,P-Usine_B-000315,LOT-105,MetalX,Acier Inox 316L,1500.0,1499.82,104.8,233.2,RUN,44.8,4.87
2023-10-26 13:15:50,P-Usine_B-000316,LOT-104,MetalX,Acier Inox 316L,1500.0,1499.82,95.7,200.6,RUN,43.2,3.56
2023-10-26 13:10:59,P-Usine_B-000317,LOT-103,MetalX,Acier Inox 316L,1500.0,1500.23,97.3,248.4,RUN,46.3,3.91
2023-10-26 13:16:14,P-Usine_B-000318,LOT-103,AluBest,Acier Inox 316L,1500.0,1500.12,99.2,240.5,RUN,44.3,2.62
2023-10-26 13:17:02,P-Usine_B-000319,LOT-101,AluBest,Acier Inox 316L,1500.0,1499.62,102.4,203.9,RUN,49.6,3.09
2023-10-26 13:20:33,P-Usine_B-000320,LOT-102,AcierPro,Acier Inox 316L,1500.0,1499.65,97.9,217.1,RUN,44.7,2.58
2023-10-26 13:16:21,P-Usine_B-000321,LOT-103,MetalX,Acier Inox 316L,1500.0,1501.16,99.2,239.3,RUN,44.4,2.08
2023-10-26 13:22:57,P-Usine_B-000322,LOT-105,AluBest,Acier Inox 316L,1500.0,1500.29,100.5,245.8,RUN,46.8,3.19
2023-10-26 13:17:27,P-Usine_B-000323,LOT-104,MetalX,Acier Inox 316L,1500.0,1500.16,99.2,205.4,RUN,49.6,4.5
2023-10-26 13:21:40,P-Usine_B-000324,LOT-100,AcierPro,Acier Inox 316L,1500.0,1500.4,103.3,212.9,RUN,40.0,4.4
2023-10-26 13:21:01,P-Usine_B-000325,LOT-105,AcierPro,Acier Inox 316L,1500.0,1500.22,100.0,249.6,RUN,43.0,3.97
2023-10-26 13:24:39,P-Usine_B-000326,LOT-103,MetalX,Acier Inox 316L,1500.0,1500.52,104.6,241.0,RUN,50.0,4.05
2023-10-26 13:24:39,P-Usine_B-000326,LOT-103,MetalX,Acier Inox 316L,1500.0,1500.52,104.6,241.0,RUN,50.0,4.05
2023-10-26 13:29:04,P-Usine_B-000327,LOT-105,AcierPro,Acier Inox 316L,1500.0,1499.69,98.5,204.1,RUN,41.2,4.01
2023-10-26 13:28:12,P-Usine_B-000328,LOT-102,AcierPro,Acier Inox 316L,1500.0,1500.57,104.7,226.1,RUN,43.9,2.48
2023-10-26 13:24:31,P-Usine_B-000329,LOT-100,MetalX,Acier Inox 316L,1500.0,1500.11,97.5,233.7,RUN,46.1,2.27
2023-10-26 13:28:18,P-Usine_B-000330,LOT-103,MetalX,Acier Inox 316L,1500.0,1500.52,103.4,201.4,RUN,40.3,4.29
2023-10-26 13:28:30,P-Usine_B-000331,LOT-104,MetalX,Acier Inox 316L,1500.0,1499.61,97.8,238.0,RUN,42.2,3.53
2023-10-26 13:33:04,P-Usine_B-000332,LOT-102,AluBest,Acier Inox 316L,1500.0,1500.31,99.4,206.5,RUN,41.7,3.75
2023-10-26 13:34:19,P-Usine_B-000333,LOT-102,AluBest,Acier Inox 316L,1500.0,1500.91,99.5,217.7,RUN,46.7,2.01
2023-10-26 13:34:19,P-Usine_B-000333,LOT-102,AluBest,Acier Inox 316L,1500.0,1500.91,99.5,217.7,RUN,46.7,2.01
2023-10-26 13:36:54,P-Usine_B-000334,LOT-105,AcierPro,Acier Inox 316L,1500.0,1499.6,99.9,207.3,RUN,47.9,4.52
2023-10-26 13:31:16,P-Usine_B-000335,LOT-101,MetalX,Acier Inox 316L,1500.0,1500.09,103.7,210.6,RUN,47.5,3.61
2023-10-26 13:36:21,P-Usine_B-000336,LOT-102,MetalX,Acier Inox 316L,1500.0,1499.48,104.3,245.4,RUN,41.1,2.58
2023-10-26 13:39:00,P-Usine_B-000337,LOT-103,MetalX,Acier Inox 316L,1500.0,1500.35,104.0,248.3,RUN,45.0,4.09
2023-10-26 13:34:53,P-Usine_B-000338,LOT-102,AcierPro,Acier Inox 316L,1500.0,1500.21,102.8,240.9,RUN,41.9,2.83
2023-10-26 13:34:59,P-Usine_B-000339,LOT-105,AluBest,Acier Inox 316L,1500.0,1500.4,95.2,237.2,RUN,49.4,4.42
2023-10-26 13:42:37,P-Usine_B-000340,LOT-105,MetalX,Acier Inox 316L,1500.0,1500.66,98.3,248.5,RUN,45.5,3.86
2023-10-26 13:42:13,P-Usine_B-000341,LOT-102,AluBest,Acier Inox 316L,1500.0,1500.1,95.7,241.3,RUN,43.1,2.53
2023-10-26 13:41:33,P-Usine_B-000342,LOT-104,AcierPro,Acier Inox 316L,1500.0,1500.04,105.0,241.5,RUN,44.0,2.3
2023-10-26 13:40:14,P-Usine_B-000343,LOT-102,AluBest,Acier Inox 316L,1500.0,1499.61,96.3,231.2,RUN,47.7,2.5
2023-10-26 13:44:00,P-Usine_B-000344,LOT-100,MetalX,Acier Inox 316L,1500.0,1499.25,99.9,223.5,RUN,41.9,2.04
2023-10-26 13:40:17,P-Usine_B-000345,LOT-100,AluBest,Acier Inox 316L,1500.0,1499.54,100.3,244.4,RUN,41.9,4.48
2023-10-26 13:38:54,P-Usine_B-000346,LOT-103,MetalX,Acier Inox 316L,1500.0,1499.94,97.9,232.3,RUN,47.9,3.06
2023-10-26 13:44:06,P-Usine_B-000347,LOT-101,AluBest,Acier Inox 316L,1500.0,1499.7,97.0,205.7,RUN,43.6,2.8
2023-10-26 13:42:47,P-Usine_B-000348,LOT-101,AluBest,Acier Inox 316L,1500.0,1499.38,95.6,228.8,RUN,45.3,4.25
2023-10-26 13:45:59,P-Usine_B-000349,LOT-104,AluBest,Acier Inox 316L,1500.0,1500.12,99.5,234.4,RUN,43.7,2.71
2023-10-26 13:51:18,P-Usine_B-000350,LOT-105,AluBest,Acier Inox 316L,1500.0,1500.16,99.6,228.4,RUN,48.6,3.33
2023-10-26 13:50:53,P-Usine_B-000351,LOT-105,AcierPro,Acier Inox 316L,1500.0,1500.05,103.2,243.1,RUN,48.1,3.62
2023-10-26 13:54:07,P-Usine_B-000352,LOT-102,AcierPro,Acier Inox 316L,1500.0,1500.69,101.2,239.4,RUN,45.7,2.41
2023-10-26 13:46:49,P-Usine_B-000353,LOT-100,AluBest,Acier Inox 316L,1500.0,1499.9,104.2,216.6,RUN,49.7,2.41
2023-10-26 13:56:51,P-Usine_B-000354,LOT-105,AcierPro,Acier Inox 316L,1500.0,1499.27,103.0,225.7,RUN,42.8,2.58
2023-10-26 13:53:02,P-Usine_B-000355,LOT-102,AcierPro,Acier Inox 316L,1500.0,1499.89,103.9,220.9,RUN,48.8,3.33
2023-10-26 13:58:05,P-Usine_B-000356,LOT-105,AluBest,Acier Inox 316L,1500.0,,100.4,206.8,RUN,42.5,3.09
2023-10-26 13:57:16,P-Usine_B-000357,LOT-100,AcierPro,Acier Inox 316L,1500.0,1498.42,101.6,246.2,RUN,43.8,3.64
2023-10-26 13:55:57,P-Usine_B-000358,LOT-100,AluBest,Acier Inox 316L,1500.0,1500.65,104.7,202.6,RUN,40.3,4.04
2023-10-26 13:56:29,P-Usine_B-000359,LOT-104,MetalX,Acier Inox 316L,1500.0,1499.96,100.1,206.4,RUN,49.4,3.63
2023-10-26 13:54:50,P-Usine_B-000360,LOT-101,AcierPro,Acier Inox 316L,1500.0,1499.43,102.1,238.7,RUN,41.1,2.8
2023-10-26 13:56:48,P-Usine_B-000361,LOT-100,AluBest,Acier Inox 316L,1500.0,1500.23,102.9,206.6,RUN,46.0,4.75
2023-10-26 14:01:41,P-Usine_B-000362,LOT-101,AcierPro,Acier Inox 316L,1500.0,1500.46,97.0,226.5,RUN,45.3,4.98
2023-10-26 13:59:15,P-Usine_B-000363,LOT-104,MetalX,Acier Inox 316L,1500.0,1500.68,97.5,234.4,RUN,41.2,3.24
2023-10-26 14:04:32,P-Usine_B-000364,LOT-101,MetalX,Acier Inox 316L,1500.0,1500.21,103.9,205.4,RUN,43.3,2.66
2023-10-26 14:04:32,P-Usine_B-000365,LOT-100,MetalX,Acier Inox 316L,1500.0,1500.41,95.8,220.7,RUN,41.5,3.97
2023-10-26 14:07:17,P-Usine_B-000366,LOT-101,AcierPro,Acier Inox 316L,1500.0,1500.2,102.7,203.4,RUN,44.9,3.39
2023-10-26 14:08:45,P-Usine_B-000367,LOT-103,AluBest,Acier Inox 316L,1500.0,1499.65,104.9,243.8,RUN,47.3,2.47
2023-10-26 14:01:39,P-Usine_B-000368,LOT-102,MetalX,Acier Inox 316L,1500.0,1499.26,104.8,200.6,RUN,40.9,2.07
2023-10-26 14:12:29,P-Usine_B-000369,LOT-103,AluBest,Acier Inox 316L,1500.0,1500.05,100.4,206.8,RUN,44.7,3.83
2023-10-26 14:11:50,P-Usine_B-000370,LOT-103,AcierPro,Acier Inox 316L,1500.0,1499.96,99.6,233.9,RUN,45.7,2.6
2023-10-26 14:07:10,P-Usine_B-000371,LOT-102,AluBest,Acier Inox 316L,1500.0,1499.56,99.6,240.4,RUN,41.1,3.87
2023-10-26 14:12:31,P-Usine_B-000372,LOT-103,AluBest,Acier Inox 316L,1500.0,1501.52,97.8,245.1,RUN,42.2,4.38
2023-10-26 14:11:33,P-Usine_B-000373,LOT-102,MetalX,Acier Inox 316L,1500.0,1500.54,,204.5,RUN,48.3,4.55
2023-10-26 14:15:03,P-Usine_B-000374,LOT-102,AcierPro,Acier Inox 316L,1500.0,1499.74,95.8,232.5,RUN,49.6,4.02
2023-10-26 14:10:14,P-Usine_B-000375,LOT-103,AcierPro,Acier Inox 316L,1500.0,1499.51,101.6,227.1,RUN,49.8,3.88
2023-10-26 14:17:58,P-Usine_B-000376,LOT-104,AcierPro,Acier Inox 316L,1500.0,1499.59,96.5,233.0,RUN,40.8,2.74
2023-10-26 14:20:27,P-Usine_B-000377,LOT-103,AcierPro,Acier Inox 316L,1500.0,1500.58,95.7,209.4,RUN,48.9,2.6
2023-10-26 14:19:33,P-Usine_B-000378,LOT-101,MetalX,Acier Inox 316L,1500.0,1499.81,102.9,240.4,RUN,48.2,4.11
2023-10-26 14:14:56,P-Usine_B-000379,LOT-103,AluBest,Acier Inox 316L,1500.0,1499.87,103.6,244.0,RUN,41.2,2.8
2023-10-26 14:19:06,P-Usine_B-000380,LOT-102,MetalX,Acier Inox 316L,1500.0,1499.98,99.5,214.5,RUN,47.9,3.81
2023-10-26 14:17:50,P-Usine_B-000381,LOT-104,AluBest,Acier Inox 316L,1500.0,1498.67,98.0,201.8,RUN,46.6,2.62
2023-10-26 14:21:16,P-Usine_B-000382,LOT-104,MetalX,Acier Inox 316L,1500.0,1500.03,96.0,218.3,RUN,41.4,4.38
2023-10-26 14:19:16,P-Usine_B-000383,LOT-102,AcierPro,Acier Inox 316L,1500.0,1500.01,102.8,231.3,RUN,46.2,3.94
2023-10-26 14:23:44,P-Usine_B-000384,LOT-101,MetalX,Acier Inox 316L,1500.0,1499.98,98.8,213.7,RUN,43.9,2.01
2023-10-26 14:25:56,P-Usine_B-000385,LOT-104,AluBest,Acier Inox 316L,1500.0,1500.48,102.1,230.5,RUN,44.5,4.99
2023-10-26 14:22:47,P-Usine_B-000386,LOT-101,MetalX,Acier Inox 316L,1500.0,1499.8,98.7,228.7,RUN,47.2,3.28
2023-10-26 14:26:47,P-Usine_B-000387,LOT-105,AluBest,Acier Inox 316L,1500.0,1500.53,100.2,249.0,RUN,42.6,4.88
2023-10-26 14:28:43,P-Usine_B-000388,LOT-101,AcierPro,Acier Inox 316L,1500.0,1500.57,104.3,234.9,RUN,46.5,4.19
2023-10-26 14:31:22,P-Usine_B-000389,LOT-103,MetalX,Acier Inox 316L,1500.0,1499.93,100.1,230.9,RUN,45.4,3.55
2023-10-26 14:26:02,P-Usine_B-000390,LOT-102,AluBest,Acier Inox 316L,1500.0,1499.75,104.6,219.1,STOP,50.0,3.34
2023-10-26 14:26:02,P-Usine_B-000391,LOT-100,MetalX,Acier Inox 316L,1500.0,1501.01,105.0,202.9,RUN,43.8,4.17
2023-10-26 14:30:56,P-Usine_B-000392,LOT-102,AluBest,Acier Inox 316L,1500.0,1500.17,100.9,232.7,RUN,47.8,4.27
2023-10-26 14:29:23,P-Usine_B-000393,LOT-101,MetalX,Acier Inox 316L,1500.0,1500.19,104.0,207.0,RUN,41.8,2.95
2023-10-26 14:36:29,,LOT-101,MetalX,Acier Inox 316L,1500.0,1500.47,101.6,239.1,RUN,46.6,4.39
2023-10-26 14:37:08,P-Usine_B-000395,LOT-100,MetalX,Acier Inox 316L,1500.0,1499.85,96.9,208.4,RUN,45.2,2.9
2023-10-26 14:37:08,P-Usine_B-000395,LOT-100,MetalX,Acier Inox 316L,1500.0,1499.85,96.9,208.4,RUN,45.2,2.9
2023-10-26 14:38:00,P-Usine_B-000396,LOT-101,AcierPro,Acier Inox 316L,1500.0,1500.69,103.3,208.2,RUN,46.0,4.48
2023-10-26 14:31:04,P-Usine_B-000397,LOT-104,AluBest,Acier Inox 316L,1500.0,1499.48,96.4,236.0,RUN,42.3,4.86
2023-10-26 14:36:55,P-Usine_B-000398,LOT-102,MetalX,Acier Inox 316L,1500.0,1500.34,96.4,203.9,RUN,47.7,4.17
2023-10-26 14:36:51,P-Usine_B-000399,LOT-100,AcierPro,Acier Inox 316L,1500.0,1500.05,103.6,215.2,999.9,41.6,3.55
2023-10-26 14:43:33,P-Usine_B-000400,LOT-100,MetalX,Acier Inox 316L,1500.0,1500.33,96.3,242.9,RUN,46.8,2.84
2023-10-26 14:44:28,P-Usine_B-000401,LOT-100,AcierPro,Acier Inox 316L,1500.0,1499.04,100.4,214.4,RUN,42.5,3.05
2023-10-26 14:43:56,P-Usine_B-000402,LOT-105,AluBest,Acier Inox 316L,1500.0,1499.82,104.3,206.0,RUN,47.6,2.67
2023-10-26 14:41:54,P-Usine_B-000403,LOT-100,AcierPro,Acier Inox 316L,1500.0,1499.78,104.1,238.5,RUN,40.9,2.92
2023-10-26 14:38:44,P-Usine_B-000404,LOT-100,AcierPro,Acier Inox 316L,1500.0,1499.44,95.2,239.2,RUN,49.9,4.9
2023-10-26 14:39:58,P-Usine_B-000405,LOT-103,AcierPro,Acier Inox 316L,1500.0,1499.83,95.6,236.4,RUN,49.8,4.46
2023-10-26 14:47:45,P-Usine_B-000406,LOT-100,AcierPro,Acier Inox 316L,1500.0,1500.21,103.3,244.9,RUN,47.0,3.04
2023-10-26 14:49:50,P-Usine_B-000407,LOT-101,AluBest,Acier Inox 316L,1500.0,1500.04,100.7,201.4,RUN,47.4,4.91
2023-10-26 14:48:22,P-Usine_B-000408,LOT-100,MetalX,Acier Inox 316L,1500.0,1500.54,96.3,208.9,RUN,49.3,2.52
2023-10-26 14:49:55,P-Usine_B-000409,LOT-103,AcierPro,Acier Inox 316L,1500.0,1499.38,101.5,248.4,RUN,44.8,3.67
2023-10-26 14:48:29,P-Usine_B-000410,LOT-104,AcierPro,Acier Inox 316L,1500.0,1499.59,98.8,247.4,RUN,44.7,2.81
2023-10-26 14:48:31,P-Usine_B-000411,LOT-102,AcierPro,Acier Inox 316L,1500.0,1499.72,98.3,219.3,RUN,44.6,3.15
2023-10-26 14:55:37,P-Usine_B-000412,LOT-104,MetalX,Acier Inox 316L,1500.0,1500.18,95.3,230.2,RUN,41.8,4.63
2023-10-26 14:47:53,P-Usine_B-000413,LOT-100,AcierPro,Acier Inox 316L,1500.0,1501.0,104.7,202.0,RUN,45.0,4.68
2023-10-26 14:55:57,P-Usine_B-000414,LOT-104,MetalX,Acier Inox 316L,1500.0,1499.53,101.9,213.4,RUN,46.8,4.73
2023-10-26 14:56:51,P-Usine_B-000415,LOT-103,MetalX,Acier Inox 316L,1500.0,1499.96,103.3,219.7,RUN,45.4,3.35
2023-10-26 14:56:51,P-Usine_B-000415,LOT-103,MetalX,Acier Inox 316L,1500.0,1499.96,103.3,219.7,RUN,45.4,3.35
2023-10-26 14:52:52,P-Usine_B-000416,LOT-102,AcierPro,Acier Inox 316L,1500.0,1499.97,102.3,248.3,RUN,46.7,2.56
2023-10-26 14:57:15,P-Usine_B-000417,LOT-105,AcierPro,Acier Inox 316L,1500.0,1499.0,104.8,210.3,RUN,49.6,2.35
2023-10-26 14:53:14,P-Usine_B-000418,LOT-105,MetalX,Acier Inox 316L,1500.0,1500.23,101.9,243.7,RUN,42.9,2.54
2023-10-26 15:01:48,P-Usine_B-000419,LOT-101,MetalX,Acier Inox 316L,1500.0,1499.61,102.8,201.1,RUN,48.9,2.9
2023-10-26 14:55:26,P-Usine_B-000420,LOT-104,AluBest,Acier Inox 316L,1500.0,1499.57,97.1,205.1,RUN,43.0,4.5
2023-10-26 14:57:41,P-Usine_B-000421,LOT-100,AluBest,Acier Inox 316L,1500.0,1499.75,103.0,225.9,RUN,49.4,3.96
2023-10-26 14:57:41,P-Usine_B-000421,LOT-100,AluBest,Acier Inox 316L,1500.0,1499.75,103.0,225.9,RUN,49.4,3.96
2023-10-26 15:01:12,P-Usine_B-000422,LOT-101,AcierPro,Acier Inox 316L,1500.0,1501.17,96.9,204.5,RUN,43.6,2.69
2023-10-26 15:01:37,P-Usine_B-000423,LOT-102,AcierPro,Acier Inox 316L,1500.0,1499.55,104.8,211.3,RUN,44.8,2.87
2023-10-26 14:59:51,P-Usine_B-000424,LOT-105,MetalX,Acier Inox 316L,1500.0,1500.58,96.8,242.6,RUN,43.7,3.95
2023-10-26 14:59:51,P-Usine_B-000424,LOT-105,MetalX,Acier Inox 316L,1500.0,1500.58,96.8,242.6,RUN,43.7,3.95
2023-10-26 15:00:56,P-Usine_B-000425,LOT-102,MetalX,Acier Inox 316L,1500.0,1500.6,99.3,238.8,RUN,48.1,2.46
2023-10-26 15:09:29,P-Usine_B-000426,LOT-100,MetalX,Acier Inox 316L,1500.0,1500.94,98.1,239.9,RUN,48.9,3.87
2023-10-26 15:03:45,P-Usine_B-000427,LOT-105,MetalX,Acier Inox 316L,1500.0,1499.43,104.9,204.5,,40.9,2.11
2023-10-26 15:07:00,P-Usine_B-000428,LOT-100,AluBest,Acier Inox 316L,1500.0,1499.71,96.8,209.2,RUN,44.6,4.56
2023-10-26 15:03:06,P-Usine_B-000429,LOT-105,MetalX,Acier Inox 316L,1500.0,1499.54,98.4,201.3,RUN,43.9,2.59
2023-10-26 15:05:14,P-Usine_B-000430,LOT-102,AcierPro,Acier Inox 316L,1500.0,1500.04,98.1,211.0,RUN,49.0,3.91
2023-10-26 15:06:25,P-Usine_B-000431,LOT-100,AluBest,Acier Inox 316L,1500.0,1500.68,97.9,211.9,RUN,42.8,2.94
2023-10-26 15:05:54,P-Usine_B-000432,LOT-103,AluBest,Acier Inox 316L,1500.0,1500.33,103.6,224.9,RUN,49.7,4.27
2023-10-26 15:14:59,P-Usine_B-000433,LOT-103,MetalX,Acier Inox 316L,1500.0,1500.35,102.1,209.5,RUN,44.8,4.84
2023-10-26 15:10:32,P-Usine_B-000434,LOT-102,AcierPro,Acier Inox 316L,1500.0,1499.61,101.7,220.4,RUN,41.3,2.39
2023-10-26 15:15:11,P-Usine_B-000435,LOT-100,AcierPro,Acier Inox 316L,1500.0,1499.8,95.5,211.5,RUN,41.2,3.95
2023-10-26 15:10:54,P-Usine_B-000436,LOT-100,MetalX,Acier Inox 316L,1500.0,1500.98,98.2,225.4,RUN,49.0,2.2
2023-10-26 15:17:39,P-Usine_B-000437,LOT-102,MetalX,Acier Inox 316L,1500.0,1500.65,96.6,236.8,RUN,43.0,4.48
2023-10-26 15:13:21,P-Usine_B-000438,LOT-102,AcierPro,Acier Inox 316L,1500.0,1500.05,101.6,230.5,RUN,48.1,2.79
2023-10-26 15:14:09,P-Usine_B-000439,LOT-102,AcierPro,Acier Inox 316L,1500.0,1499.9,97.1,222.4,RUN,40.7,2.65
2023-10-26 15:17:18,P-Usine_B-000440,LOT-100,AcierPro,Acier Inox 316L,1500.0,1499.87,104.8,214.8,RUN,46.4,3.94
2023-10-26 15:15:07,P-Usine_B-000441,LOT-100,AluBest,Acier Inox 316L,1500.0,1499.4,95.3,224.0,RUN,40.7,3.64
2023-10-26 15:22:42,P-Usine_B-000442,LOT-102,MetalX,Acier Inox 316L,1500.0,1500.47,98.4,212.1,RUN,47.7,4.74
2023-10-26 15:22:37,P-Usine_B-000443,LOT-102,MetalX,Acier Inox 316L,1500.0,1499.99,104.0,200.9,RUN,48.5,3.44
2023-10-26 15:25:27,P-Usine_B-000444,LOT-103,AluBest,Acier Inox 316L,1500.0,1500.46,98.3,245.3,RUN,43.0,2.45
2023-10-26 15:20:48,P-Usine_B-000445,LOT-105,AluBest,Acier Inox 316L,1500.0,1500.23,99.1,225.8,RUN,47.3,3.19
2023-10-26 15:22:32,P-Usine_B-000446,,AcierPro,Acier Inox 316L,1500.0,1499.45,97.9,239.6,RUN,42.8,2.5
2023-10-26 15:25:32,P-Usine_B-000447,LOT-102,,Acier Inox 316L,1500.0,1500.2,100.8,241.9,RUN,45.8,2.9
2023-10-26 15:30:17,P-Usine_B-000448,LOT-104,AluBest,Acier Inox 316L,1500.0,1499.81,96.9,206.2,RUN,48.1,3.38
2023-10-26 15:24:23,P-Usine_B-000449,LOT-103,AluBest,Acier Inox 316L,1500.0,1499.28,101.7,205.0,RUN,45.9,2.25
2023-10-26 15:32:37,P-Usine_B-000450,LOT-100,AluBest,Acier Inox 316L,1500.0,1500.29,101.5,219.8,RUN,48.1,2.98
2023-10-26 15:27:56,P-Usine_B-000451,LOT-105,AcierPro,Acier Inox 316L,1500.0,1499.74,103.7,230.3,RUN,40.4,4.29
2023-10-26 15:26:27,P-Usine_B-000452,LOT-103,MetalX,Acier Inox 316L,1500.0,1499.88,100.7,214.2,RUN,47.6,2.83
2023-10-26 15:26:27,P-Usine_B-000452,LOT-103,MetalX,Acier Inox 316L,1500.0,1499.88,100.7,214.2,RUN,47.6,2.83
2023-10-26 15:33:21,P-Usine_B-000453,LOT-101,MetalX,Acier Inox 316L,1500.0,1500.36,102.6,226.0,RUN,42.7,4.32
2023-10-26 15:29:15,P-Usine_B-000454,LOT-102,MetalX,Acier Inox 316L,1500.0,1500.04,100.5,248.0,RUN,48.3,3.09
2023-10-26 15:31:29,P-Usine_B-000455,LOT-103,AluBest,Acier Inox 316L,1500.0,1500.12,98.0,203.8,RUN,49.8,4.94
2023-10-26 15:32:57,P-Usine_B-000456,LOT-104,AcierPro,Acier Inox 316L,1500.0,1499.34,95.9,214.0,RUN,47.2,4.2
2023-10-26 15:33:39,P-Usine_B-000457,LOT-104,AcierPro,Acier Inox 316L,1500.0,1499.22,99.4,244.4,RUN,45.5,4.59
2023-10-26 15:35:31,P-Usine_B-000458,LOT-100,MetalX,Acier Inox 316L,1500.0,1498.83,98.9,202.4,RUN,43.4,2.15
2023-10-26 15:41:31,P-Usine_B-000459,LOT-102,AluBest,Acier Inox 316L,1500.0,1499.54,104.7,236.7,RUN,49.4,3.3
2023-10-26 15:35:08,P-Usine_B-000460,LOT-105,MetalX,Acier Inox 316L,1500.0,1499.75,99.8,226.2,RUN,42.7,2.21
2023-10-26 15:39:53,P-Usine_B-000461,LOT-104,MetalX,Acier Inox 316L,1500.0,1499.76,100.3,232.9,RUN,47.1,2.33
2023-10-26 15:41:26,P-Usine_B-000462,LOT-103,AcierPro,Acier Inox 316L,1500.0,1500.61,98.5,229.8,RUN,48.6,3.59
2023-10-26 15:43:49,P-Usine_B-000463,LOT-103,AluBest,Acier Inox 316L,1500.0,1499.42,100.3,200.4,RUN,48.0,4.28
2023-10-26 15:43:22,P-Usine_B-000464,LOT-105,MetalX,Acier Inox 316L,1500.0,1499.85,99.6,221.9,RUN,42.3,4.57
2023-10-26 15:41:51,P-Usine_B-000465,LOT-103,AluBest,Acier Inox 316L,1500.0,1499.09,103.6,223.5,RUN,46.5,2.24
2023-10-26 15:44:58,P-Usine_B-000466,LOT-104,AluBest,Acier Inox 316L,1500.0,1501.08,98.3,201.2,RUN,43.8,2.95
2023-10-26 15:44:58,P-Usine_B-000466,LOT-104,AluBest,Acier Inox 316L,1500.0,1501.08,98.3,201.2,RUN,43.8,2.95
2023-10-26 15:47:57,P-Usine_B-000467,LOT-100,MetalX,Acier Inox 316L,1500.0,1499.8,98.0,245.3,RUN,47.9,4.45
2023-10-26 15:44:42,P-Usine_B-000468,LOT-103,MetalX,Acier Inox 316L,1500.0,1500.01,105.0,233.1,RUN,47.5,4.93
2023-10-26 15:46:34,P-Usine_B-000469,LOT-101,AluBest,Acier Inox 316L,1500.0,999.9,99.5,220.5,RUN,44.0,3.09
2023-10-26 15:51:41,,LOT-103,AcierPro,Acier Inox 316L,1500.0,1499.96,102.3,236.5,RUN,44.4,4.88
2023-10-26 15:52:01,P-Usine_B-000471,LOT-100,AluBest,Acier Inox 316L,1500.0,1500.16,95.8,221.4,RUN,49.7,3.69
2023-10-26 15:53:21,P-Usine_B-000472,LOT-105,MetalX,Acier Inox 316L,1500.0,1499.21,101.4,205.3,RUN,49.8,3.71
2023-10-26 15:47:47,P-Usine_B-000473,LOT-103,MetalX,Acier Inox 316L,1500.0,1499.93,103.8,241.0,RUN,48.7,2.04
2023-10-26 15:48:41,P-Usine_B-000474,LOT-105,AcierPro,Acier Inox 316L,1500.0,1500.23,102.7,221.6,RUN,47.7,
2023-10-26 15:51:49,P-Usine_B-000475,LOT-101,AluBest,Acier Inox 316L,1500.0,1499.26,101.3,236.8,RUN,48.1,4.87
2023-10-26 15:52:48,P-Usine_B-000476,LOT-104,MetalX,Acier Inox 316L,1500.0,1499.94,102.4,207.1,RUN,44.0,3.59
2023-10-26 15:52:26,P-Usine_B-000477,LOT-103,AluBest,Acier Inox 316L,1500.0,1499.8,95.5,246.8,RUN,47.3,4.21
2023-10-26 16:01:15,P-Usine_B-000478,LOT-102,AluBest,Acier Inox 316L,1500.0,1499.96,96.0,226.6,RUN,48.1,2.92
2023-10-26 16:02:32,P-Usine_B-000479,LOT-100,AcierPro,Acier Inox 316L,1500.0,1499.6,97.4,228.0,RUN,42.0,4.11
2023-10-26 15:54:38,P-Usine_B-000480,LOT-105,AcierPro,Acier Inox 316L,1500.0,1500.36,104.7,201.8,RUN,45.8,2.54
2023-10-26 16:03:33,P-Usine_B-000481,LOT-102,AluBest,Acier Inox 316L,1500.0,1499.78,95.6,234.7,RUN,40.5,4.75
2023-10-26 16:03:33,P-Usine_B-000481,LOT-102,AluBest,Acier Inox 316L,1500.0,1499.78,95.6,234.7,RUN,40.5,4.75
2023-10-26 16:01:59,P-Usine_B-000482,LOT-103,AluBest,Acier Inox 316L,1500.0,1500.38,103.8,200.2,RUN,41.1,3.68
2023-10-26 16:04:25,P-Usine_B-000483,LOT-102,AluBest,Acier Inox 316L,1500.0,1498.86,99.6,239.3,RUN,45.3,2.9
2023-10-26 16:06:24,P-Usine_B-000484,LOT-104,AluBest,Acier Inox 316L,1500.0,1500.14,98.6,234.8,RUN,45.5,2.73
2023-10-26 16:07:07,P-Usine_B-000485,LOT-103,MetalX,Acier Inox 316L,1500.0,1500.45,99.1,213.5,RUN,42.3,2.77
2023-10-26 16:02:08,P-Usine_B-000486,LOT-103,AcierPro,Acier Inox 316L,1500.0,1500.57,100.8,233.0,RUN,44.4,4.49
2023-10-26 16:03:52,P-Usine_B-000487,LOT-105,AluBest,Acier Inox 316L,1500.0,1499.71,102.7,206.0,RUN,46.7,2.97
2023-10-26 16:07:46,P-Usine_B-000488,LOT-104,AluBest,Acier Inox 316L,1500.0,1500.24,98.9,245.6,RUN,46.1,4.58
2023-10-26 16:05:56,P-Usine_B-000489,LOT-103,AcierPro,Acier Inox 316L,1500.0,1501.33,97.0,238.0,RUN,48.1,4.1
2023-10-26 16:07:39,P-Usine_B-000490,LOT-102,MetalX,Acier Inox 316L,1500.0,1499.98,100.0,213.6,RUN,48.4,4.15
2023-10-26 16:10:40,P-Usine_B-000491,LOT-102,AluBest,Acier Inox 316L,1500.0,1499.67,98.9,240.6,RUN,41.1,4.99
2023-10-26 16:14:41,P-Usine_B-000492,LOT-100,MetalX,Acier Inox 316L,1500.0,1499.05,97.9,212.9,RUN,41.7,4.99
2023-10-26 16:08:48,P-Usine_B-000493,,AluBest,Acier Inox 316L,1500.0,1500.2,98.2,228.0,RUN,44.7,4.41
2023-10-26 16:11:56,P-Usine_B-000494,LOT-103,AcierPro,Acier Inox 316L,1500.0,1499.66,101.3,246.4,RUN,48.9,2.49
2023-10-26 16:18:43,P-Usine_B-000495,LOT-100,AcierPro,Acier Inox 316L,1500.0,1500.27,95.4,238.2,RUN,40.1,2.93
2023-10-26 16:11:12,P-Usine_B-000496,LOT-105,AluBest,Acier Inox 316L,1500.0,1499.44,96.3,241.6,RUN,41.5,3.23
2023-10-26 16:21:45,P-Usine_B-000497,LOT-103,AluBest,Acier Inox 316L,1500.0,1500.43,98.0,221.8,RUN,42.9,4.25
2023-10-26 16:16:29,P-Usine_B-000498,LOT-105,AluBest,Acier Inox 316L,1500.0,1499.99,104.8,244.8,RUN,40.6,4.3
2023-10-26 16:23:49,P-Usine_B-000499,LOT-101,AluBest,Acier Inox 316L,1500.0,1499.92,102.1,202.5,RUN,46.4,2.94
2023-10-26 16:24:06,P-Usine_B-000500,LOT-103,AcierPro,Acier Inox 316L,1500.0,1500.1,95.2,223.4,RUN,49.0,4.97
2023-10-26 16:24:49,P-Usine_B-000501,LOT-104,MetalX,Acier Inox 316L,1500.0,1498.84,100.8,238.9,RUN,47.1,2.95
2023-10-26 16:25:14,P-Usine_B-000502,LOT-102,MetalX,Acier Inox 316L,1500.0,1500.42,95.1,205.3,RUN,48.3,4.44
2023-10-26 16:19:58,P-Usine_B-000503,LOT-104,MetalX,Acier Inox 316L,1500.0,1499.16,103.7,240.6,RUN,41.1,999.9
2023-10-26 16:23:09,P-Usine_B-000504,LOT-101,AcierPro,Acier Inox 316L,1500.0,1500.5,103.5,212.3,RUN,40.5,4.42
2023-10-26 16:30:09,P-Usine_B-000505,LOT-102,AcierPro,Acier Inox 316L,1500.0,1499.9,100.4,221.6,RUN,42.2,3.02
2023-10-26 16:27:52,P-Usine_B-000506,LOT-104,MetalX,Acier Inox 316L,1500.0,1499.8,101.6,243.4,RUN,43.0,4.2
2023-10-26 16:30:57,P-Usine_B-000507,LOT-103,AcierPro,Acier Inox 316L,1500.0,1500.91,95.1,222.5,,41.2,3.33
2023-10-26 16:29:31,P-Usine_B-000508,LOT-105,AcierPro,Acier Inox 316L,1500.0,,104.3,206.2,RUN,47.1,3.85
2023-10-26 16:32:13,P-Usine_B-000509,LOT-105,MetalX,Acier Inox 316L,1500.0,1500.54,97.2,214.3,RUN,40.1,4.8
2023-10-26 16:27:21,P-Usine_B-000510,LOT-105,AcierPro,Acier Inox 316L,1500.0,1499.17,96.0,248.5,RUN,43.0,4.75
2023-10-26 16:28:45,P-Usine_B-000511,LOT-104,AluBest,Acier Inox 316L,1500.0,1500.54,98.8,240.7,RUN,40.4,2.72
2023-10-26 16:32:28,P-Usine_B-000512,LOT-100,AluBest,Acier Inox 316L,1500.0,1500.64,103.1,203.8,RUN,48.8,4.06
2023-10-26 16:29:04,P-Usine_B-000513,LOT-104,MetalX,Acier Inox 316L,1500.0,1500.72,103.9,249.1,RUN,44.1,2.94
2023-10-26 16:32:05,P-Usine_B-000514,LOT-102,AcierPro,Acier Inox 316L,1500.0,1500.69,97.4,238.7,RUN,46.7,4.12
2023-10-26 16:34:40,P-Usine_B-000515,LOT-101,,Acier Inox 316L,1500.0,1500.12,98.6,232.7,RUN,47.8,3.21
2023-10-26 16:35:00,P-Usine_B-000516,LOT-101,AcierPro,Acier Inox 316L,1500.0,1499.67,96.7,220.5,RUN,43.0,3.3
2023-10-26 16:36:06,P-Usine_B-000517,LOT-105,MetalX,Acier Inox 316L,1500.0,1499.66,104.7,218.3,RUN,48.7,3.14
2023-10-26 16:37:10,P-Usine_B-000518,LOT-100,AluBest,Acier Inox 316L,1500.0,1500.36,99.5,201.2,RUN,46.3,4.6
2023-10-26 16:37:50,P-Usine_B-000519,LOT-101,MetalX,Acier Inox 316L,1500.0,1499.12,103.8,241.2,RUN,41.4,4.58
2023-10-26 16:38:04,P-Usine_B-000520,LOT-101,MetalX,Acier Inox 316L,1500.0,1500.48,100.4,240.6,RUN,45.5,4.32
2023-10-26 16:42:18,P-Usine_B-000521,LOT-100,AluBest,Acier Inox 316L,1500.0,1499.76,95.2,245.2,RUN,48.8,2.69
2023-10-26 16:43:16,P-Usine_B-000522,LOT-104,AluBest,Acier Inox 316L,1500.0,1500.96,97.6,246.9,RUN,45.6,3.29
2023-10-26 16:47:51,P-Usine_B-000523,LOT-102,AcierPro,Acier Inox 316L,1500.0,1500.46,98.3,209.5,RUN,48.1,4.51
2023-10-26 16:41:38,P-Usine_B-000524,LOT-104,AluBest,Acier Inox 316L,1500.0,1499.73,98.7,238.8,RUN,49.7,2.29
2023-10-26 16:49:18,P-Usine_B-000525,LOT-102,AluBest,Acier Inox 316L,1500.0,1499.6,95.2,245.8,RUN,48.6,2.44
2023-10-26 16:46:24,P-Usine_B-000526,LOT-100,MetalX,Acier Inox 316L,1500.0,1499.32,101.8,220.3,RUN,48.2,3.95
2023-10-26 16:47:58,P-Usine_B-000527,LOT-105,AcierPro,Acier Inox 316L,1500.0,1499.17,103.0,221.0,RUN,46.3,4.08
2023-10-26 16:47:05,P-Usine_B-000528,LOT-104,AcierPro,Acier Inox 316L,1500.0,1500.36,98.1,202.4,RUN,42.2,3.73
2023-10-26 16:46:56,P-Usine_B-000529,LOT-103,MetalX,Acier Inox 316L,1500.0,1500.6,99.8,240.7,RUN,49.3,2.89
2023-10-26 16:55:19,P-Usine_B-000530,LOT-102,MetalX,Acier Inox 316L,1500.0,999.9,95.3,202.8,RUN,47.7,2.16
2023-10-26 16:49:19,P-Usine_B-000531,LOT-102,MetalX,Acier Inox 316L,1500.0,1499.7,102.9,229.6,RUN,40.7,2.4
2023-10-26 16:52:53,P-Usine_B-000532,LOT-102,AcierPro,Acier Inox 316L,1500.0,1499.6,97.2,218.0,RUN,48.7,4.41
2023-10-26 16:57:34,P-Usine_B-000533,LOT-105,MetalX,Acier Inox 316L,1500.0,1500.9,104.0,236.3,RUN,47.2,2.55
2023-10-26 16:58:43,P-Usine_B-000534,LOT-100,AluBest,Acier Inox 316L,1500.0,1500.38,96.5,218.6,RUN,50.0,2.79
2023-10-26 16:54:43,P-Usine_B-000535,LOT-100,AcierPro,Acier Inox 316L,1500.0,1500.25,98.2,210.4,RUN,46.3,3.73
2023-10-26 16:58:06,P-Usine_B-000536,LOT-100,AcierPro,Acier Inox 316L,1500.0,1499.99,104.3,235.5,RUN,44.2,4.86
2023-10-26 16:59:34,P-Usine_B-000537,LOT-102,AcierPro,Acier Inox 316L,1500.0,1499.99,95.5,214.0,RUN,48.0,3.71
2023-10-26 16:58:22,P-Usine_B-000538,LOT-101,MetalX,Acier Inox 316L,1500.0,1499.78,97.2,223.3,RUN,44.0,3.31
2023-10-26 17:00:22,P-Usine_B-000539,LOT-100,MetalX,Acier Inox 316L,1500.0,1500.73,101.2,219.4,RUN,41.9,4.37
2023-10-26 16:58:45,P-Usine_B-000540,LOT-102,AluBest,Acier Inox 316L,1500.0,1500.1,97.8,206.0,RUN,48.6,4.61
2023-10-26 17:02:02,P-Usine_B-000541,LOT-101,MetalX,Acier Inox 316L,1500.0,1500.55,99.6,237.0,RUN,46.1,4.49
2023-10-26 17:03:46,P-Usine_B-000542,LOT-102,MetalX,Acier Inox 316L,1500.0,1501.05,102.3,237.9,RUN,46.2,2.02
2023-10-26 17:01:03,P-Usine_B-000543,LOT-102,AluBest,Acier Inox 316L,1500.0,1499.93,98.9,244.1,RUN,41.8,2.39
2023-10-26 17:03:01,P-Usine_B-000544,LOT-101,AcierPro,Acier Inox 316L,1500.0,1499.58,102.9,999.9,RUN,49.7,2.19
2023-10-26 17:03:56,P-Usine_B-000545,LOT-105,AcierPro,Acier Inox 316L,1500.0,1499.58,103.1,200.0,RUN,47.6,4.38
2023-10-26 17:01:03,P-Usine_B-000546,LOT-104,AcierPro,Acier Inox 316L,1500.0,1498.99,101.6,230.9,RUN,49.0,3.71
2023-10-26 17:04:12,P-Usine_B-000547,LOT-105,AcierPro,Acier Inox 316L,1500.0,1500.27,103.4,207.4,RUN,47.2,4.52
2023-10-26 17:10:41,P-Usine_B-000548,LOT-103,AluBest,Acier Inox 316L,1500.0,1500.04,97.8,223.9,RUN,47.0,2.97
2023-10-26 17:13:26,P-Usine_B-000549,LOT-100,AcierPro,Acier Inox 316L,1500.0,1500.2,97.4,214.6,RUN,46.5,4.97
2023-10-26 17:09:59,P-Usine_B-000550,LOT-105,AluBest,Acier Inox 316L,1500.0,1500.15,96.1,211.9,RUN,40.2,2.42
2023-10-26 17:10:10,P-Usine_B-000551,LOT-100,MetalX,Acier Inox 316L,1500.0,1499.53,102.1,211.9,RUN,43.5,4.44
2023-10-26 17:09:48,P-Usine_B-000552,LOT-100,MetalX,Acier Inox 316L,1500.0,1499.2,99.5,246.3,RUN,46.7,2.5
2023-10-26 17:15:22,P-Usine_B-000553,LOT-101,AcierPro,Acier Inox 316L,1500.0,1499.91,104.8,225.3,RUN,48.4,4.7
2023-10-26 17:10:04,P-Usine_B-000554,LOT-100,AluBest,Acier Inox 316L,1500.0,1500.59,100.3,216.6,RUN,44.2,4.43
2023-10-26 17:13:39,P-Usine_B-000555,LOT-102,AluBest,Acier Inox 316L,1500.0,1499.12,101.0,213.2,RUN,40.2,3.35
2023-10-26 17:13:21,P-Usine_B-000556,LOT-105,MetalX,Acier Inox 316L,1500.0,1499.95,99.1,248.9,RUN,41.5,2.58
2023-10-26 17:12:20,P-Usine_B-000557,LOT-101,AcierPro,Acier Inox 316L,1500.0,1500.33,98.9,248.9,RUN,42.9,2.9
2023-10-26 17:21:21,P-Usine_B-000558,LOT-102,AluBest,Acier Inox 316L,1500.0,1499.81,98.0,246.9,RUN,42.7,3.01
2023-10-26 17:22:31,P-Usine_B-000559,LOT-103,AluBest,Acier Inox 316L,1500.0,1499.92,97.5,226.1,RUN,49.9,3.49
2023-10-26 17:19:33,P-Usine_B-000560,LOT-101,AluBest,Acier Inox 316L,1500.0,1500.03,95.0,249.5,RUN,46.3,3.35
2023-10-26 17:25:02,P-Usine_B-000561,LOT-105,AluBest,Acier Inox 316L,1500.0,1500.45,103.3,211.2,RUN,42.5,4.46
2023-10-26 17:16:44,P-Usine_B-000562,LOT-103,AcierPro,Acier Inox 316L,1500.0,1500.91,103.8,234.1,RUN,44.7,4.57
2023-10-26 17:26:28,P-Usine_B-000563,LOT-103,MetalX,Acier Inox 316L,1500.0,1500.49,100.8,246.9,RUN,40.9,3.7
2023-10-26 17:20:58,P-Usine_B-000564,LOT-102,MetalX,Acier Inox 316L,1500.0,1499.48,102.3,233.1,RUN,46.3,4.93
2023-10-26 17:20:31,P-Usine_B-000565,LOT-103,AluBest,Acier Inox 316L,1500.0,1500.05,96.0,,RUN,46.3,3.53
2023-10-26 17:24:19,P-Usine_B-000566,LOT-105,AcierPro,Acier Inox 316L,1500.0,1500.74,102.7,214.2,RUN,46.9,3.72
2023-10-26 17:25:52,P-Usine_B-000567,LOT-105,AcierPro,Acier Inox 316L,1500.0,1500.43,104.7,229.3,RUN,42.7,4.26
2023-10-26 17:29:53,P-Usine_B-000568,LOT-102,AcierPro,Acier Inox 316L,1500.0,1499.95,103.7,233.2,RUN,49.4,4.99
2023-10-26 17:29:48,P-Usine_B-000569,LOT-104,AluBest,Acier Inox 316L,1500.0,1500.23,99.1,249.2,RUN,49.3,4.78
2023-10-26 17:32:03,P-Usine_B-000570,LOT-103,AcierPro,Acier Inox 316L,1500.0,1498.91,95.6,215.8,RUN,43.4,3.58
2023-10-26 17:26:48,P-Usine_B-000571,LOT-102,MetalX,Acier Inox 316L,1500.0,1499.24,98.9,244.8,RUN,42.9,
2023-10-26 17:29:12,P-Usine_B-000572,LOT-104,AcierPro,Acier Inox 316L,1500.0,1499.9,97.4,235.2,RUN,50.0,4.44
2023-10-26 17:33:18,P-Usine_B-000573,LOT-104,AcierPro,Acier Inox 316L,1500.0,1500.25,98.3,214.2,RUN,42.4,4.98
2023-10-26 17:31:36,P-Usine_B-000574,LOT-103,AcierPro,Acier Inox 316L,1500.0,1499.49,99.0,227.8,RUN,48.1,4.3
2023-10-26 17:39:52,P-Usine_B-000575,LOT-103,AluBest,Acier Inox 316L,1500.0,1500.54,101.9,244.9,RUN,47.3,4.52
2023-10-26 17:31:24,P-Usine_B-000576,LOT-100,AluBest,Acier Inox 316L,1500.0,1500.0,102.3,212.2,RUN,41.3,4.07
2023-10-26 17:32:28,P-Usine_B-000577,LOT-101,MetalX,Acier Inox 316L,1500.0,1500.2,97.3,201.6,RUN,47.8,4.96
2023-10-26 17:38:16,P-Usine_B-000578,LOT-101,AcierPro,Acier Inox 316L,1500.0,1499.56,95.9,216.0,RUN,47.7,2.2
2023-10-26 17:41:34,P-Usine_B-000579,LOT-102,MetalX,999.9,1500.0,1500.02,97.4,242.6,RUN,47.1,2.92
2023-10-26 17:43:19,P-Usine_B-000580,LOT-101,AluBest,Acier Inox 316L,1500.0,1499.88,99.8,206.9,RUN,44.0,2.59
2023-10-26 17:39:08,P-Usine_B-000581,LOT-100,AluBest,Acier Inox 316L,1500.0,1499.99,103.8,220.0,RUN,45.8,4.46
2023-10-26 17:39:05,P-Usine_B-000582,LOT-102,AluBest,Acier Inox 316L,1500.0,1500.98,96.1,210.6,RUN,44.0,2.71
2023-10-26 17:39:18,P-Usine_B-000583,LOT-102,MetalX,Acier Inox 316L,1500.0,1499.75,103.7,201.1,RUN,41.7,2.43
2023-10-26 17:39:56,,LOT-102,AcierPro,Acier Inox 316L,1500.0,1500.13,102.8,248.8,RUN,46.0,3.52
2023-10-26 17:45:38,P-Usine_B-000585,LOT-101,MetalX,Acier Inox 316L,1500.0,1499.5,99.8,202.6,RUN,46.3,4.63
2023-10-26 17:48:41,P-Usine_B-000586,LOT-102,MetalX,Acier Inox 316L,1500.0,1500.23,104.8,234.4,RUN,47.2,3.45
2023-10-26 17:49:17,P-Usine_B-000587,LOT-103,MetalX,Acier Inox 316L,1500.0,1500.28,98.7,205.0,RUN,47.3,2.99
2023-10-26 17:50:13,P-Usine_B-000588,LOT-101,MetalX,Acier Inox 316L,1500.0,1500.06,101.0,210.3,RUN,42.5,4.23
2023-10-26 17:47:42,P-Usine_B-000589,LOT-103,AcierPro,Acier Inox 316L,1500.0,1500.54,101.6,233.2,RUN,48.4,4.9
2023-10-26 17:49:16,P-Usine_B-000590,LOT-105,AluBest,Acier Inox 316L,1500.0,1499.49,98.0,203.6,RUN,48.9,2.36
2023-10-26 17:46:12,P-Usine_B-000591,LOT-101,MetalX,Acier Inox 316L,1500.0,1500.61,95.3,238.6,RUN,40.2,2.71
2023-10-26 17:48:36,P-Usine_B-000592,LOT-105,MetalX,Acier Inox 316L,1500.0,1499.69,99.3,200.2,RUN,46.7,2.28
2023-10-26 17:51:17,P-Usine_B-000593,LOT-103,MetalX,Acier Inox 316L,1500.0,1498.99,103.9,203.5,RUN,46.7,2.23
2023-10-26 17:53:29,P-Usine_B-000594,LOT-102,AluBest,Acier Inox 316L,1500.0,1499.76,96.8,234.5,RUN,42.6,2.44
2023-10-26 17:53:55,P-Usine_B-000595,LOT-105,MetalX,Acier Inox 316L,1500.0,1500.1,100.9,207.8,RUN,44.9,2.98
2023-10-26 17:51:14,P-Usine_B-000596,LOT-101,AcierPro,Acier Inox 316L,1500.0,1499.28,95.9,221.7,RUN,40.6,3.12
2023-10-26 17:58:54,P-Usine_B-000597,LOT-104,AluBest,Acier Inox 316L,1500.0,1499.68,98.1,219.7,999.9,44.9,3.93
2023-10-26 17:56:51,P-Usine_B-000598,LOT-105,MetalX,Acier Inox 316L,1500.0,1499.98,97.5,200.2,RUN,41.9,2.93
2023-10-26 18:03:07,P-Usine_B-000599,LOT-104,AluBest,Acier Inox 316L,1500.0,1500.96,95.3,230.7,RUN,47.5,2.26
2023-10-26 18:03:07,P-Usine_B-000599,LOT-104,AluBest,Acier Inox 316L,1500.0,1500.96,95.3,230.7,RUN,47.5,2.26
2023-10-26 18:00:09,P-Usine_B-000600,LOT-100,MetalX,Acier Inox 316L,1500.0,1501.08,97.5,228.1,RUN,45.8,2.98
2023-10-26 17:58:16,P-Usine_B-000601,LOT-103,MetalX,Acier Inox 316L,1500.0,1499.8,97.8,220.1,RUN,47.3,4.94
2023-10-26 18:05:43,P-Usine_B-000602,LOT-102,AluBest,Acier Inox 316L,1500.0,1500.45,102.2,203.3,STOP,47.4,2.02
2023-10-26 18:00:09,P-Usine_B-000603,LOT-102,AluBest,Acier Inox 316L,1500.0,1500.6,100.3,236.2,RUN,42.4,3.3
2023-10-26 18:04:26,P-Usine_B-000604,LOT-102,MetalX,Acier Inox 316L,1500.0,1499.74,103.0,229.5,RUN,45.9,3.49
2023-10-26 18:04:18,P-Usine_B-000605,LOT-104,AluBest,Acier Inox 316L,1500.0,1499.98,97.2,228.8,RUN,48.9,3.93
2023-10-26 18:10:06,P-Usine_B-000606,LOT-103,MetalX,Acier Inox 316L,1500.0,1500.07,104.4,240.2,STOP,49.4,3.1
2023-10-26 18:05:51,P-Usine_B-000607,LOT-104,AluBest,Acier Inox 316L,1500.0,1500.36,103.3,209.7,RUN,45.8,4.1
2023-10-26 18:07:53,P-Usine_B-000608,LOT-105,MetalX,Acier Inox 316L,1500.0,1499.32,101.5,211.7,RUN,45.5,2.67
2023-10-26 18:03:27,P-Usine_B-000609,LOT-102,AcierPro,Acier Inox 316L,1500.0,1499.82,101.9,221.5,STOP,45.1,3.16
2023-10-26 18:06:07,P-Usine_B-000610,LOT-101,MetalX,Acier Inox 316L,1500.0,1499.96,102.1,208.7,RUN,47.5,2.38
2023-10-26 18:08:32,P-Usine_B-000611,LOT-102,AcierPro,Acier Inox 316L,1500.0,1499.45,103.4,230.6,RUN,50.0,4.41
2023-10-26 18:06:17,P-Usine_B-000612,LOT-103,MetalX,Acier Inox 316L,1500.0,1499.91,104.3,241.3,RUN,47.0,4.25
2023-10-26 18:17:14,P-Usine_B-000613,LOT-105,AcierPro,Acier Inox 316L,1500.0,1499.98,99.9,230.4,RUN,48.3,4.43
2023-10-26 18:14:06,P-Usine_B-000614,LOT-102,AcierPro,Acier Inox 316L,1500.0,1499.91,101.7,234.9,RUN,44.6,3.52
2023-10-26 18:18:53,P-Usine_B-000615,LOT-100,AluBest,Acier Inox 316L,1500.0,1500.27,102.3,203.5,RUN,41.4,2.25
2023-10-26 18:12:45,P-Usine_B-000616,LOT-102,MetalX,Acier Inox 316L,1500.0,1501.13,96.4,232.2,RUN,43.1,4.85
2023-10-26 18:12:45,P-Usine_B-000616,LOT-102,MetalX,Acier Inox 316L,1500.0,1501.13,96.4,232.2,RUN,43.1,4.85
2023-10-26 18:18:58,P-Usine_B-000617,LOT-101,AcierPro,Acier Inox 316L,1500.0,1499.67,99.1,245.4,RUN,41.6,3.32
2023-10-26 18:19:35,P-Usine_B-000618,LOT-100,AluBest,Acier Inox 316L,1500.0,1500.65,101.2,223.6,RUN,48.6,2.84
2023-10-26 18:19:35,P-Usine_B-000618,LOT-100,AluBest,Acier Inox 316L,1500.0,1500.65,101.2,223.6,RUN,48.6,2.84
2023-10-26 18:19:01,P-Usine_B-000619,LOT-104,AcierPro,Acier Inox 316L,1500.0,1499.59,96.9,212.6,RUN,41.9,2.91
2023-10-26 18:17:06,P-Usine_B-000620,LOT-100,AcierPro,Acier Inox 316L,1500.0,1499.54,97.5,236.0,RUN,45.4,4.48
2023-10-26 18:19:48,P-Usine_B-000621,LOT-100,MetalX,Acier Inox 316L,1500.0,1499.89,96.4,242.6,RUN,40.5,3.57
2023-10-26 18:22:53,P-Usine_B-000622,LOT-104,AcierPro,Acier Inox 316L,1500.0,1499.72,97.5,242.2,RUN,49.9,3.65
2023-10-26 18:23:44,P-Usine_B-000623,LOT-103,MetalX,Acier Inox 316L,1500.0,1500.85,104.3,233.4,RUN,41.0,4.74
2023-10-26 18:23:35,,LOT-101,AcierPro,Acier Inox 316L,1500.0,1500.52,97.6,225.5,STOP,41.3,4.71
2023-10-26 18:24:35,P-Usine_B-000625,LOT-102,AluBest,Acier Inox 316L,1500.0,1499.59,97.0,225.9,RUN,47.9,4.72
2023-10-26 18:24:54,P-Usine_B-000626,LOT-100,MetalX,Acier Inox 316L,1500.0,1500.52,96.0,209.3,RUN,46.5,4.4
2023-10-26 18:27:52,P-Usine_B-000627,LOT-101,AcierPro,Acier Inox 316L,1500.0,1500.26,100.9,213.5,RUN,45.2,4.88
2023-10-26 18:26:07,P-Usine_B-000628,LOT-105,AluBest,Acier Inox 316L,1500.0,,103.5,218.0,RUN,44.2,2.14
2023-10-26 18:25:02,P-Usine_B-000629,LOT-104,MetalX,Acier Inox 316L,1500.0,1499.18,100.9,238.8,RUN,48.1,3.86
2023-10-26 18:32:55,,LOT-100,AcierPro,Acier Inox 316L,1500.0,1500.89,101.9,215.3,RUN,46.5,3.79
2023-10-26 18:27:59,P-Usine_B-000631,LOT-105,AluBest,Acier Inox 316L,1500.0,1500.26,99.1,243.7,RUN,45.5,3.13
2023-10-26 18:27:07,P-Usine_B-000632,LOT-100,MetalX,Acier Inox 316L,1500.0,1500.43,104.5,228.8,RUN,44.0,3.17
2023-10-26 18:28:40,P-Usine_B-000633,LOT-102,AluBest,Acier Inox 316L,1500.0,1500.38,100.6,242.9,RUN,46.6,4.45
2023-10-26 18:34:36,P-Usine_B-000634,LOT-100,MetalX,Acier Inox 316L,1500.0,1500.08,96.8,243.3,RUN,46.2,3.71
2023-10-26 18:32:26,P-Usine_B-000635,LOT-105,AcierPro,Acier Inox 316L,1500.0,1500.08,100.1,242.7,RUN,41.6,999.9
2023-10-26 18:32:02,P-Usine_B-000636,LOT-102,AluBest,Acier Inox 316L,1500.0,1499.63,99.5,203.4,RUN,45.3,3.39
2023-10-26 18:41:03,P-Usine_B-000637,LOT-100,AluBest,Acier Inox 316L,1500.0,1500.7,97.3,246.8,RUN,49.0,4.26
2023-10-26 18:40:47,P-Usine_B-000638,LOT-100,MetalX,Acier Inox 316L,1500.0,1499.54,98.7,215.8,RUN,46.4,3.36
2023-10-26 18:43:54,P-Usine_B-000639,LOT-101,MetalX,Acier Inox 316L,1500.0,1499.71,99.8,208.5,RUN,47.3,4.98
2023-10-26 18:38:37,P-Usine_B-000640,LOT-104,AcierPro,Acier Inox 316L,1500.0,1499.81,100.8,209.6,RUN,48.3,4.93
2023-10-26 18:45:17,P-Usine_B-000641,LOT-104,AcierPro,Acier Inox 316L,1500.0,1499.98,98.5,200.6,RUN,41.8,3.31
2023-10-26 18:37:29,P-Usine_B-000642,LOT-105,AluBest,Acier Inox 316L,1500.0,999.9,98.9,231.2,RUN,47.4,3.29
2023-10-26 18:43:38,P-Usine_B-000643,LOT-103,MetalX,Acier Inox 316L,1500.0,1500.24,100.8,237.2,RUN,46.1,3.4
2023-10-26 18:45:40,P-Usine_B-000644,LOT-105,MetalX,Acier Inox 316L,1500.0,1500.2,95.8,214.3,RUN,42.8,2.45
2023-10-26 18:40:58,P-Usine_B-000645,LOT-105,AluBest,Acier Inox 316L,1500.0,1499.44,104.8,209.6,RUN,45.2,2.13
2023-10-26 18:50:04,P-Usine_B-000646,LOT-102,AluBest,Acier Inox 316L,1500.0,1499.66,104.5,246.3,RUN,44.7,4.67
2023-10-26 18:48:21,P-Usine_B-000647,LOT-101,MetalX,Acier Inox 316L,1500.0,1500.33,99.3,223.1,RUN,46.8,4.26
2023-10-26 18:50:56,P-Usine_B-000648,LOT-101,AcierPro,Acier Inox 316L,1500.0,1499.56,100.6,212.3,RUN,45.9,2.46
2023-10-26 18:44:43,P-Usine_B-000649,LOT-101,MetalX,Acier Inox 316L,1500.0,1500.65,100.4,241.5,RUN,46.2,4.94
2023-10-26 18:55:11,P-Usine_B-000650,LOT-104,AcierPro,Acier Inox 316L,1500.0,1498.54,101.7,205.4,RUN,45.0,3.92
2023-10-26 18:51:06,P-Usine_B-000651,LOT-100,AluBest,Acier Inox 316L,1500.0,1499.8,96.8,239.3,RUN,44.7,4.3
2023-10-26 18:52:40,P-Usine_B-000652,LOT-103,MetalX,Acier Inox 316L,1500.0,1499.96,95.4,232.2,RUN,49.6,4.68
2023-10-26 18:53:20,P-Usine_B-000653,LOT-105,AluBest,Acier Inox 316L,1500.0,1500.75,101.8,218.6,RUN,48.1,2.77
2023-10-26 18:52:19,P-Usine_B-000654,LOT-101,MetalX,Acier Inox 316L,1500.0,1500.24,104.3,249.7,RUN,42.0,2.01
2023-10-26 18:53:57,P-Usine_B-000655,LOT-100,AcierPro,Acier Inox 316L,1500.0,1500.56,101.2,235.8,RUN,45.6,4.2
2023-10-26 18:55:00,P-Usine_B-000656,LOT-102,AcierPro,Acier Inox 316L,1500.0,1499.27,95.1,206.5,RUN,46.7,4.15
2023-10-26 19:00:38,P-Usine_B-000657,LOT-100,AluBest,Acier Inox 316L,1500.0,1500.65,100.5,246.0,RUN,46.9,3.86
2023-10-26 18:58:41,P-Usine_B-000658,LOT-102,MetalX,Acier Inox 316L,1500.0,1500.47,104.5,203.7,RUN,41.7,2.44
2023-10-26 19:01:22,P-Usine_B-000659,LOT-103,AcierPro,Acier Inox 316L,1500.0,1499.89,97.5,201.1,STOP,49.2,2.9
2023-10-26 19:04:52,P-Usine_B-000660,LOT-103,AcierPro,Acier Inox 316L,1500.0,1500.23,103.3,207.1,RUN,43.3,3.89
2023-10-26 19:00:24,P-Usine_B-000661,LOT-101,MetalX,Acier Inox 316L,1500.0,1499.18,99.9,209.5,RUN,46.5,3.08
2023-10-26 18:59:41,P-Usine_B-000662,LOT-100,AluBest,Acier Inox 316L,1500.0,1499.91,104.2,245.3,RUN,44.2,4.92
2023-10-26 19:03:05,P-Usine_B-000663,LOT-105,AluBest,Acier Inox 316L,1500.0,1499.53,98.1,237.0,RUN,40.6,4.02
2023-10-26 19:01:15,P-Usine_B-000664,LOT-103,MetalX,Acier Inox 316L,1500.0,1500.08,99.4,238.8,RUN,40.3,2.38
2023-10-26 19:09:32,P-Usine_B-000665,LOT-102,AluBest,Acier Inox 316L,1500.0,1500.27,104.4,203.7,RUN,43.5,4.57
2023-10-26 19:06:24,P-Usine_B-000666,LOT-105,MetalX,Acier Inox 316L,1500.0,1500.59,102.2,217.8,RUN,48.9,3.88
2023-10-26 19:06:09,P-Usine_B-000667,LOT-101,MetalX,Acier Inox 316L,1500.0,1499.79,98.7,232.4,RUN,47.5,4.27
2023-10-26 19:11:42,P-Usine_B-000668,LOT-104,AluBest,Acier Inox 316L,1500.0,1500.42,102.6,208.8,RUN,48.7,2.19
2023-10-26 19:07:11,P-Usine_B-000669,LOT-100,MetalX,Acier Inox 316L,1500.0,1500.32,95.7,228.3,RUN,47.2,3.27
2023-10-26 19:06:33,P-Usine_B-000670,LOT-101,MetalX,Acier Inox 316L,1500.0,1499.92,102.0,234.0,RUN,40.1,4.89
2023-10-26 19:06:41,P-Usine_B-000671,LOT-105,MetalX,Acier Inox 316L,1500.0,1499.89,104.3,228.0,RUN,46.0,4.49
2023-10-26 19:14:11,P-Usine_B-000672,LOT-102,MetalX,Acier Inox 316L,1500.0,1499.68,100.6,249.2,RUN,45.6,2.75
2023-10-26 19:12:14,P-Usine_B-000673,LOT-105,AcierPro,Acier Inox 316L,1500.0,1499.52,95.5,219.3,RUN,46.7,2.87
2023-10-26 19:10:38,P-Usine_B-000674,LOT-105,AcierPro,Acier Inox 316L,1500.0,1499.97,102.3,206.8,RUN,41.4,3.13
2023-10-26 19:11:05,P-Usine_B-000675,LOT-101,MetalX,Acier Inox 316L,1500.0,1500.49,97.4,202.7,RUN,41.3,4.53
2023-10-26 19:13:14,P-Usine_B-000676,LOT-101,AcierPro,Acier Inox 316L,1500.0,1499.33,101.7,248.9,RUN,47.0,4.09
2023-10-26 19:20:06,P-Usine_B-000677,LOT-103,MetalX,Acier Inox 316L,1500.0,1500.18,96.2,213.7,RUN,41.3,3.18
2023-10-26 19:20:06,P-Usine_B-000677,LOT-103,MetalX,Acier Inox 316L,1500.0,1500.18,96.2,213.7,RUN,41.3,3.18
2023-10-26 19:17:44,P-Usine_B-000678,LOT-102,MetalX,Acier Inox 316L,1500.0,1500.96,98.3,231.5,RUN,44.9,2.84
2023-10-26 19:21:43,P-Usine_B-000679,LOT-100,AcierPro,Acier Inox 316L,1500.0,1499.69,101.1,239.1,RUN,41.6,4.85
2023-10-26 19:17:03,P-Usine_B-000680,LOT-101,MetalX,Acier Inox 316L,1500.0,1500.08,99.5,206.8,STOP,49.2,
2023-10-26 19:20:30,P-Usine_B-000681,LOT-101,AcierPro,Acier Inox 316L,1500.0,1499.56,95.0,207.9,RUN,44.4,4.32
2023-10-26 19:18:58,P-Usine_B-000682,LOT-105,AluBest,Acier Inox 316L,1500.0,1499.52,97.7,217.2,RUN,41.2,3.22
2023-10-26 19:26:50,P-Usine_B-000683,LOT-103,MetalX,Acier Inox 316L,1500.0,1500.69,102.0,216.9,RUN,48.4,4.87
2023-10-26 19:21:26,P-Usine_B-000684,LOT-100,AcierPro,Acier Inox 316L,1500.0,1500.37,102.1,208.7,RUN,42.5,2.32
2023-10-26 19:27:18,P-Usine_B-000685,,MetalX,Acier Inox 316L,1500.0,1500.18,101.7,235.9,RUN,47.2,2.78
2023-10-26 19:28:56,P-Usine_B-000686,LOT-105,MetalX,Acier Inox 316L,1500.0,1500.04,95.7,220.8,RUN,40.5,3.44
2023-10-26 19:28:56,P-Usine_B-000686,LOT-105,MetalX,Acier Inox 316L,1500.0,1500.04,95.7,220.8,RUN,40.5,3.44
2023-10-26 19:27:10,P-Usine_B-000687,LOT-103,AcierPro,Acier Inox 316L,1500.0,1501.01,96.0,245.5,RUN,41.4,4.79
2023-10-26 19:23:51,P-Usine_B-000688,LOT-105,MetalX,Acier Inox 316L,1500.0,1499.81,99.7,235.7,RUN,48.8,4.38
2023-10-26 19:33:21,P-Usine_B-000689,LOT-102,MetalX,Acier Inox 316L,1500.0,1500.22,100.1,224.0,RUN,42.7,2.56
2023-10-26 19:28:29,P-Usine_B-000690,LOT-101,AluBest,Acier Inox 316L,1500.0,999.9,99.8,207.0,RUN,47.2,2.65
2023-10-26 19:31:09,P-Usine_B-000691,LOT-104,AluBest,Acier Inox 316L,1500.0,1499.17,103.6,215.8,RUN,49.8,2.83
2023-10-26 19:27:02,P-Usine_B-000692,LOT-102,MetalX,Acier Inox 316L,1500.0,1499.62,95.2,203.9,RUN,49.7,3.29
2023-10-26 19:33:14,P-Usine_B-000693,LOT-100,AluBest,Acier Inox 316L,1500.0,1500.25,100.8,232.9,RUN,48.0,2.37
2023-10-26 19:32:28,P-Usine_B-000694,LOT-102,AluBest,Acier Inox 316L,1500.0,1499.96,97.3,243.8,RUN,40.8,4.08
2023-10-26 19:36:22,P-Usine_B-000695,LOT-103,AcierPro,Acier Inox 316L,1500.0,1499.9,97.5,230.3,,47.6,2.4
2023-10-26 19:33:11,P-Usine_B-000696,LOT-100,AcierPro,Acier Inox 316L,1500.0,1500.09,100.8,244.3,RUN,46.3,4.21
2023-10-26 19:32:12,P-Usine_B-000697,LOT-100,AcierPro,Acier Inox 316L,1500.0,1500.58,104.8,235.5,RUN,49.7,2.09
2023-10-26 19:35:32,P-Usine_B-000698,LOT-105,AcierPro,Acier Inox 316L,1500.0,1499.79,99.0,202.7,RUN,44.4,4.3
2023-10-26 19:36:53,P-Usine_B-000699,LOT-104,MetalX,Acier Inox 316L,1500.0,1499.89,103.6,212.0,RUN,40.0,2.41
2023-10-26 19:44:23,P-Usine_B-000700,LOT-105,MetalX,Acier Inox 316L,1500.0,1500.48,97.7,217.9,RUN,45.7,2.16
2023-10-26 19:37:00,P-Usine_B-000701,LOT-101,MetalX,Acier Inox 316L,1500.0,1500.49,101.5,202.5,RUN,40.0,2.76
2023-10-26 19:44:30,P-Usine_B-000702,LOT-103,AcierPro,Acier Inox 316L,1500.0,1500.39,104.4,209.5,RUN,49.5,3.09
2023-10-26 19:37:43,P-Usine_B-000703,LOT-103,AluBest,Acier Inox 316L,1500.0,1499.47,95.4,231.1,RUN,41.2,3.0
2023-10-26 19:43:43,P-Usine_B-000704,LOT-104,MetalX,Acier Inox 316L,1500.0,1499.39,95.7,209.4,RUN,42.7,4.07
2023-10-26 19:46:52,P-Usine_B-000705,LOT-100,AluBest,Acier Inox 316L,1500.0,1499.99,95.3,218.6,RUN,47.8,2.42
2023-10-26 19:44:46,P-Usine_B-000706,LOT-100,MetalX,Acier Inox 316L,1500.0,1499.73,101.9,245.6,RUN,43.2,3.49
2023-10-26 19:43:18,P-Usine_B-000707,LOT-102,AcierPro,Acier Inox 316L,1500.0,1499.51,96.3,226.0,RUN,45.1,2.27
2023-10-26 19:49:01,P-Usine_B-000708,LOT-100,AluBest,Acier Inox 316L,1500.0,1499.65,103.4,234.5,RUN,48.7,4.51
2023-10-26 19:48:16,P-Usine_B-000709,LOT-105,AluBest,Acier Inox 316L,1500.0,1500.19,105.0,235.8,RUN,46.6,4.09
2023-10-26 19:45:57,P-Usine_B-000710,LOT-103,AluBest,Acier Inox 316L,1500.0,1500.69,96.0,226.3,RUN,46.9,4.08
2023-10-26 19:51:44,P-Usine_B-000711,LOT-103,AluBest,Acier Inox 316L,1500.0,1499.8,100.7,230.7,RUN,48.6,3.99
2023-10-26 19:49:24,P-Usine_B-000712,LOT-101,MetalX,Acier Inox 316L,1500.0,1501.04,99.3,249.8,RUN,45.0,
2023-10-26 19:49:53,P-Usine_B-000713,LOT-100,AcierPro,Acier Inox 316L,1500.0,1500.63,103.9,241.5,RUN,42.7,2.55
2023-10-26 19:51:47,P-Usine_B-000714,LOT-102,AcierPro,Acier Inox 316L,1500.0,1499.89,97.9,217.8,RUN,47.1,2.16
2023-10-26 19:54:50,P-Usine_B-000715,LOT-102,AluBest,Acier Inox 316L,1500.0,1499.88,98.1,232.7,RUN,42.1,4.87
2023-10-26 19:52:11,P-Usine_B-000716,LOT-101,MetalX,Acier Inox 316L,1500.0,1499.75,97.4,236.0,RUN,48.2,2.92
2023-10-26 19:59:14,P-Usine_B-000717,LOT-105,AluBest,Acier Inox 316L,1500.0,1499.99,96.8,220.7,RUN,45.0,2.89
2023-10-26 20:01:27,P-Usine_B-000718,LOT-101,AcierPro,Acier Inox 316L,1500.0,1499.94,102.8,224.2,RUN,47.1,4.31
2023-10-26 19:57:38,P-Usine_B-000719,LOT-102,AcierPro,Acier Inox 316L,1500.0,1499.61,104.9,214.9,RUN,40.5,2.5
2023-10-26 20:02:31,P-Usine_B-000720,LOT-105,MetalX,Acier Inox 316L,1500.0,1500.41,95.9,244.0,RUN,45.2,3.46
2023-10-26 20:05:32,P-Usine_B-000721,LOT-102,AcierPro,Acier Inox 316L,1500.0,1500.74,97.0,210.7,RUN,44.6,2.66
2023-10-26 20:06:01,P-Usine_B-000722,LOT-102,MetalX,Acier Inox 316L,1500.0,1499.2,97.4,202.1,RUN,44.1,4.18
2023-10-26 20:06:40,P-Usine_B-000723,LOT-101,MetalX,Acier Inox 316L,1500.0,1500.35,102.7,235.1,RUN,42.2,2.51
2023-10-26 20:05:52,P-Usine_B-000724,LOT-101,AcierPro,Acier Inox 316L,1500.0,1499.69,99.3,237.0,RUN,40.7,3.46
2023-10-26 20:00:19,P-Usine_B-000725,LOT-104,MetalX,Acier Inox 316L,1500.0,1500.07,98.3,238.7,RUN,44.5,3.91
2023-10-26 20:06:04,P-Usine_B-000726,LOT-102,AluBest,Acier Inox 316L,1500.0,1500.26,95.4,203.8,RUN,44.9,3.36
2023-10-26 20:03:38,P-Usine_B-000727,LOT-104,AluBest,Acier Inox 316L,1500.0,1500.08,96.5,214.3,RUN,42.1,2.91
2023-10-26 20:05:00,P-Usine_B-000728,LOT-104,AcierPro,Acier Inox 316L,1500.0,1500.49,98.4,205.8,RUN,41.9,4.63
2023-10-26 20:06:11,P-Usine_B-000729,LOT-105,AcierPro,Acier Inox 316L,1500.0,1500.01,99.5,216.1,RUN,45.7,2.01
2023-10-26 20:08:52,P-Usine_B-000730,LOT-100,AcierPro,Acier Inox 316L,1500.0,1500.73,97.6,249.0,RUN,45.1,2.38
2023-10-26 20:06:18,P-Usine_B-000731,LOT-104,AcierPro,Acier Inox 316L,1500.0,1499.88,101.1,209.3,RUN,46.7,2.34
2023-10-26 20:13:15,P-Usine_B-000732,LOT-100,MetalX,Acier Inox 316L,1500.0,1499.33,100.4,247.4,RUN,47.7,3.6
2023-10-26 20:11:45,P-Usine_B-000733,LOT-102,AluBest,Acier Inox 316L,1500.0,1499.17,104.6,241.9,RUN,49.7,4.11
2023-10-26 20:13:05,P-Usine_B-000734,LOT-102,AcierPro,Acier Inox 316L,1500.0,1500.3,96.4,207.1,RUN,47.7,3.58
2023-10-26 20:14:24,P-Usine_B-000735,LOT-100,AluBest,Acier Inox 316L,1500.0,1499.33,97.3,205.9,RUN,45.8,3.82
2023-10-26 20:11:07,P-Usine_B-000736,LOT-102,AluBest,Acier Inox 316L,1500.0,1500.14,100.1,248.3,RUN,42.0,4.74
2023-10-26 20:15:28,P-Usine_B-000737,LOT-100,AluBest,Acier Inox 316L,1500.0,1499.34,100.3,235.1,RUN,42.1,2.72
2023-10-26 20:17:43,P-Usine_B-000738,LOT-105,AcierPro,Acier Inox 316L,1500.0,1499.4,97.7,234.0,RUN,47.3,3.77
2023-10-26 20:18:54,P-Usine_B-000739,LOT-104,AluBest,Acier Inox 316L,1500.0,1499.4,104.1,208.1,RUN,49.3,3.32
2023-10-26 20:16:11,P-Usine_B-000740,LOT-102,AluBest,Acier Inox 316L,1500.0,1500.48,96.3,233.2,RUN,48.9,4.09
2023-10-26 20:22:45,P-Usine_B-000741,LOT-101,AcierPro,Acier Inox 316L,1500.0,1500.76,98.1,205.9,RUN,41.6,2.15
2023-10-26 20:23:43,P-Usine_B-000742,LOT-104,AcierPro,Acier Inox 316L,1500.0,1500.72,97.0,219.5,RUN,42.9,3.94
2023-10-26 20:19:09,P-Usine_B-000743,LOT-100,AluBest,Acier Inox 316L,1500.0,1499.91,102.3,235.8,RUN,49.5,3.96
2023-10-26 20:21:11,P-Usine_B-000744,LOT-100,MetalX,Acier Inox 316L,1500.0,1499.64,102.1,217.0,RUN,46.6,2.94
2023-10-26 20:24:55,P-Usine_B-000745,LOT-102,MetalX,Acier Inox 316L,1500.0,1500.48,101.2,220.7,RUN,46.8,3.83
2023-10-26 20:29:43,P-Usine_B-000746,LOT-101,AluBest,Acier Inox 316L,1500.0,1499.07,102.8,233.7,RUN,46.6,3.41
2023-10-26 20:31:31,P-Usine_B-000747,LOT-101,MetalX,Acier Inox 316L,1500.0,1500.53,104.2,213.6,RUN,47.8,3.51
2023-10-26 20:23:29,P-Usine_B-000748,LOT-103,AcierPro,Acier Inox 316L,1500.0,1500.67,95.4,204.1,RUN,43.2,3.66
2023-10-26 20:28:21,P-Usine_B-000749,LOT-100,AcierPro,Acier Inox 316L,1500.0,1499.69,101.5,225.1,RUN,46.8,4.36
2023-10-26 20:28:07,P-Usine_B-000750,LOT-100,AcierPro,Acier Inox 316L,1500.0,1499.36,96.6,211.8,RUN,41.1,3.44
2023-10-26 20:32:28,P-Usine_B-000751,LOT-102,AluBest,Acier Inox 316L,1500.0,1500.03,98.7,208.9,RUN,40.9,2.83
2023-10-26 20:28:45,P-Usine_B-000752,LOT-105,AcierPro,Acier Inox 316L,1500.0,1500.68,102.9,210.5,RUN,41.2,3.95
2023-10-26 20:28:09,P-Usine_B-000753,LOT-100,MetalX,Acier Inox 316L,1500.0,1499.73,100.8,211.7,RUN,40.9,3.93
2023-10-26 20:34:06,P-Usine_B-000754,LOT-102,AluBest,Acier Inox 316L,1500.0,1499.98,96.9,232.4,RUN,40.1,2.66
2023-10-26 20:32:35,P-Usine_B-000755,LOT-105,MetalX,Acier Inox 316L,1500.0,,100.6,220.5,RUN,41.8,3.98
2023-10-26 20:36:51,P-Usine_B-000756,LOT-100,MetalX,Acier Inox 316L,1500.0,1499.76,99.3,206.8,RUN,41.7,4.68
2023-10-26 20:31:42,P-Usine_B-000757,LOT-101,AluBest,Acier Inox 316L,1500.0,1500.59,103.9,239.2,RUN,49.9,3.2
2023-10-26 20:36:18,P-Usine_B-000758,LOT-105,AcierPro,Acier Inox 316L,1500.0,1500.18,101.1,232.6,RUN,40.5,3.08
2023-10-26 20:36:18,P-Usine_B-000758,LOT-105,AcierPro,Acier Inox 316L,1500.0,1500.18,101.1,232.6,RUN,40.5,3.08
2023-10-26 20:41:53,P-Usine_B-000759,LOT-103,MetalX,Acier Inox 316L,1500.0,1500.16,102.3,249.0,RUN,40.7,3.11
2023-10-26 20:35:46,P-Usine_B-000760,LOT-102,AcierPro,Acier Inox 316L,1500.0,1500.18,103.0,224.9,RUN,41.6,3.43
2023-10-26 20:43:20,P-Usine_B-000761,LOT-104,AluBest,Acier Inox 316L,1500.0,1499.97,99.4,236.4,RUN,43.9,3.4
2023-10-26 20:41:40,P-Usine_B-000762,LOT-101,MetalX,Acier Inox 316L,1500.0,1500.07,99.5,220.5,RUN,47.1,4.67
2023-10-26 20:41:54,P-Usine_B-000763,LOT-105,AcierPro,Acier Inox 316L,1500.0,1499.99,95.0,236.7,RUN,41.0,3.69
2023-10-26 20:43:59,P-Usine_B-000764,LOT-102,AluBest,Acier Inox 316L,1500.0,1499.3,97.2,224.0,RUN,43.1,4.39
2023-10-26 20:41:11,P-Usine_B-000765,LOT-104,AcierPro,Acier Inox 316L,1500.0,1499.13,101.4,200.7,RUN,42.5,3.32
2023-10-26 20:42:40,P-Usine_B-000766,LOT-101,AcierPro,Acier Inox 316L,1500.0,1500.29,102.4,214.7,RUN,46.3,3.17
2023-10-26 20:46:32,P-Usine_B-000767,LOT-105,MetalX,Acier Inox 316L,1500.0,1500.75,103.5,245.2,RUN,40.0,2.16
2023-10-26 20:47:31,P-Usine_B-000768,LOT-100,MetalX,Acier Inox 316L,1500.0,1500.57,96.6,225.6,RUN,44.9,2.88
2023-10-26 20:51:33,P-Usine_B-000769,LOT-102,MetalX,Acier Inox 316L,1500.0,1499.91,101.2,224.6,RUN,41.9,3.84
2023-10-26 20:48:05,P-Usine_B-000770,LOT-102,MetalX,Acier Inox 316L,1500.0,1499.84,96.3,213.5,RUN,47.8,2.52
2023-10-26 20:47:09,P-Usine_B-000771,LOT-102,AluBest,Acier Inox 316L,1500.0,1500.23,97.3,217.6,RUN,41.1,2.44
2023-10-26 20:47:09,P-Usine_B-000771,LOT-102,AluBest,Acier Inox 316L,1500.0,1500.23,97.3,217.6,RUN,41.1,2.44
2023-10-26 20:55:47,P-Usine_B-000772,LOT-101,AcierPro,Acier Inox 316L,1500.0,1499.89,98.2,238.9,RUN,42.1,4.37
2023-10-26 20:55:37,P-Usine_B-000773,LOT-103,MetalX,Acier Inox 316L,1500.0,1500.2,95.1,205.7,RUN,41.2,2.39
2023-10-26 20:53:21,P-Usine_B-000774,LOT-102,MetalX,Acier Inox 316L,1500.0,1500.37,96.3,247.1,RUN,42.1,3.84
2023-10-26 20:59:09,P-Usine_B-000775,LOT-101,MetalX,Acier Inox 316L,1500.0,1499.36,95.4,226.8,RUN,40.5,2.78
2023-10-26 20:55:35,P-Usine_B-000776,LOT-101,MetalX,Acier Inox 316L,1500.0,1499.51,104.7,234.5,RUN,43.1,2.06
2023-10-26 20:55:35,P-Usine_B-000776,LOT-101,MetalX,Acier Inox 316L,1500.0,1499.51,104.7,234.5,RUN,43.1,2.06
2023-10-26 20:59:37,P-Usine_B-000777,LOT-104,MetalX,Acier Inox 316L,1500.0,1499.42,103.9,212.5,RUN,43.6,2.77
2023-10-26 20:58:26,P-Usine_B-000778,LOT-104,AcierPro,Acier Inox 316L,1500.0,1500.25,101.3,243.4,RUN,47.9,3.8
2023-10-26 20:57:19,P-Usine_B-000779,LOT-102,AluBest,Acier Inox 316L,1500.0,1500.75,103.0,209.6,RUN,49.0,3.58
2023-10-26 21:00:55,P-Usine_B-000780,LOT-105,AcierPro,Acier Inox 316L,1500.0,1500.97,101.5,244.0,RUN,44.8,2.3
2023-10-26 21:00:55,P-Usine_B-000780,LOT-105,AcierPro,Acier Inox 316L,1500.0,1500.97,101.5,244.0,RUN,44.8,2.3
2023-10-26 20:55:10,P-Usine_B-000781,LOT-101,MetalX,Acier Inox 316L,1500.0,1499.83,104.5,206.4,RUN,44.9,3.25
2023-10-26 20:57:13,P-Usine_B-000782,LOT-102,AluBest,Acier Inox 316L,1500.0,1499.95,101.9,232.0,RUN,42.2,3.75
2023-10-26 20:59:22,P-Usine_B-000783,LOT-104,MetalX,Acier Inox 316L,1500.0,1500.02,97.2,211.6,RUN,42.2,3.63
2023-10-26 20:58:55,P-Usine_B-000784,LOT-104,AcierPro,Acier Inox 316L,1500.0,1499.69,,203.8,RUN,48.6,4.37
2023-10-26 20:59:58,P-Usine_B-000785,LOT-101,AcierPro,Acier Inox 316L,1500.0,1500.57,100.7,234.1,RUN,46.3,3.43
2023-10-26 21:09:18,P-Usine_B-000786,LOT-100,AcierPro,Acier Inox 316L,1500.0,1499.43,102.4,217.5,RUN,41.5,2.69
2023-10-26 21:02:06,P-Usine_B-000787,LOT-101,AluBest,Acier Inox 316L,1500.0,1498.75,99.7,233.4,RUN,49.0,3.62
2023-10-26 21:06:44,P-Usine_B-000788,LOT-105,AcierPro,Acier Inox 316L,1500.0,1500.33,99.2,217.6,RUN,40.7,3.06
2023-10-26 21:05:34,P-Usine_B-000789,LOT-105,AcierPro,Acier Inox 316L,1500.0,1500.15,99.6,202.7,RUN,46.6,3.72
2023-10-26 21:08:51,P-Usine_B-000790,LOT-100,MetalX,Acier Inox 316L,1500.0,1499.89,103.1,212.9,RUN,43.1,3.35
2023-10-26 21:05:48,P-Usine_B-000791,LOT-103,AluBest,Acier Inox 316L,1500.0,1499.31,100.3,201.9,RUN,44.9,3.89
2023-10-26 21:11:23,P-Usine_B-000792,LOT-105,MetalX,Acier Inox 316L,1500.0,1500.2,96.7,243.7,RUN,49.2,3.32
2023-10-26 21:16:09,P-Usine_B-000793,LOT-102,MetalX,Acier Inox 316L,1500.0,1500.96,99.8,236.4,RUN,999.9,2.46
2023-10-26 21:15:32,P-Usine_B-000794,LOT-103,MetalX,Acier Inox 316L,999.9,1500.45,99.8,230.2,RUN,45.7,3.42
2023-10-26 21:15:34,P-Usine_B-000795,LOT-102,AluBest,Acier Inox 316L,1500.0,1499.8,102.7,212.9,RUN,49.9,2.03
2023-10-26 21:10:44,P-Usine_B-000796,LOT-103,AcierPro,Acier Inox 316L,1500.0,1499.68,100.7,219.1,RUN,44.7,2.11
2023-10-26 21:12:40,P-Usine_B-000797,LOT-100,MetalX,Acier Inox 316L,1500.0,1500.39,99.4,207.0,RUN,46.4,4.2
2023-10-26 21:21:08,P-Usine_B-000798,LOT-101,AcierPro,Acier Inox 316L,1500.0,1499.59,103.0,211.3,RUN,42.8,4.72
2023-10-26 21:18:47,P-Usine_B-000799,LOT-104,MetalX,Acier Inox 316L,1500.0,1499.78,104.2,211.9,RUN,42.3,2.01
2023-10-26 21:18:49,P-Usine_B-000800,LOT-104,AcierPro,Acier Inox 316L,1500.0,1500.63,103.8,211.5,RUN,46.2,2.41
2023-10-26 21:16:29,P-Usine_B-000801,LOT-104,AluBest,Acier Inox 316L,1500.0,1500.3,101.0,211.9,RUN,42.9,4.89
2023-10-26 21:21:15,P-Usine_B-000802,LOT-102,AluBest,Acier Inox 316L,1500.0,1500.79,102.4,221.3,RUN,46.4,3.52
2023-10-26 21:21:12,P-Usine_B-000803,LOT-102,AluBest,Acier Inox 316L,1500.0,1500.36,103.3,213.0,RUN,40.2,2.5
2023-10-26 21:25:39,P-Usine_B-000804,LOT-105,AcierPro,Acier Inox 316L,1500.0,1499.73,99.9,205.4,RUN,46.1,3.87
2023-10-26 21:24:28,P-Usine_B-000805,LOT-104,AcierPro,Acier Inox 316L,1500.0,1501.31,95.2,229.1,RUN,49.3,4.24
2023-10-26 21:26:55,P-Usine_B-000806,LOT-105,MetalX,Acier Inox 316L,1500.0,1500.98,102.8,205.3,RUN,41.1,3.46
2023-10-26 21:20:59,P-Usine_B-000807,LOT-101,AluBest,Acier Inox 316L,1500.0,1500.19,96.1,206.9,RUN,46.0,2.74
2023-10-26 21:27:35,P-Usine_B-000808,LOT-100,AcierPro,Acier Inox 316L,1500.0,1499.67,96.6,200.4,RUN,47.3,2.88
2023-10-26 21:26:07,P-Usine_B-000809,LOT-101,AcierPro,Acier Inox 316L,1500.0,1499.85,104.6,235.9,RUN,41.6,2.18
2023-10-26 21:24:40,P-Usine_B-000810,LOT-100,MetalX,Acier Inox 316L,1500.0,1499.89,98.9,248.1,RUN,45.3,3.19
2023-10-26 21:30:37,P-Usine_B-000811,LOT-103,999.9,Acier Inox 316L,1500.0,1500.15,99.3,233.9,RUN,49.5,2.76
2023-10-26 21:29:51,P-Usine_B-000812,LOT-104,MetalX,Acier Inox 316L,1500.0,1500.01,97.3,219.6,RUN,48.7,2.82
2023-10-26 21:28:08,P-Usine_B-000813,LOT-105,AluBest,Acier Inox 316L,1500.0,1500.33,102.3,227.7,RUN,43.6,2.3
2023-10-26 21:35:45,P-Usine_B-000814,LOT-105,AluBest,Acier Inox 316L,1500.0,1500.31,99.9,230.2,RUN,40.1,4.62
2023-10-26 21:35:37,P-Usine_B-000815,LOT-105,AcierPro,Acier Inox 316L,1500.0,1499.46,104.9,201.6,RUN,43.5,4.15
2023-10-26 21:39:11,P-Usine_B-000816,LOT-100,MetalX,Acier Inox 316L,1500.0,1500.13,98.5,228.2,RUN,46.3,4.52
2023-10-26 21:34:33,P-Usine_B-000817,LOT-101,AluBest,Acier Inox 316L,1500.0,1500.03,97.1,209.5,RUN,43.0,4.88
2023-10-26 21:34:38,P-Usine_B-000818,LOT-100,MetalX,Acier Inox 316L,1500.0,1500.91,102.4,215.3,RUN,44.4,3.04
2023-10-26 21:36:38,P-Usine_B-000819,LOT-103,AcierPro,Acier Inox 316L,1500.0,1501.22,96.5,220.8,RUN,46.5,4.89
2023-10-26 21:36:45,P-Usine_B-000820,LOT-103,MetalX,Acier Inox 316L,1500.0,1499.67,104.8,224.0,RUN,48.8,3.16
2023-10-26 21:43:20,P-Usine_B-000821,LOT-104,AcierPro,Acier Inox 316L,1500.0,1499.26,103.6,234.8,RUN,42.0,2.36
2023-10-26 21:37:13,P-Usine_B-000822,LOT-105,AluBest,Acier Inox 316L,1500.0,1499.81,97.2,214.6,RUN,49.4,4.08
2023-10-26 21:38:36,P-Usine_B-000823,LOT-104,AcierPro,Acier Inox 316L,1500.0,1499.58,98.9,219.6,RUN,49.8,4.65
2023-10-26 21:45:31,P-Usine_B-000824,LOT-102,AluBest,Acier Inox 316L,1500.0,1500.19,99.5,223.1,RUN,47.3,2.05
2023-10-26 21:38:36,P-Usine_B-000825,LOT-101,MetalX,Acier Inox 316L,1500.0,1499.37,99.5,230.9,RUN,42.8,4.81
2023-10-26 21:43:57,P-Usine_B-000826,LOT-105,MetalX,Acier Inox 316L,1500.0,1500.67,95.8,226.9,RUN,41.3,4.19
2023-10-26 21:46:46,P-Usine_B-000827,LOT-103,AluBest,Acier Inox 316L,1500.0,1499.5,103.2,222.4,RUN,41.8,3.27
2023-10-26 21:48:43,P-Usine_B-000828,LOT-104,MetalX,Acier Inox 316L,1500.0,1499.21,99.5,206.3,RUN,46.7,4.2
2023-10-26 21:48:56,P-Usine_B-000829,LOT-103,AluBest,Acier Inox 316L,1500.0,1500.64,104.7,244.8,RUN,48.8,2.93
2023-10-26 21:49:07,P-Usine_B-000830,LOT-105,AluBest,Acier Inox 316L,1500.0,1500.47,103.2,220.5,RUN,44.3,2.58
2023-10-26 21:53:33,P-Usine_B-000831,LOT-104,AcierPro,Acier Inox 316L,1500.0,1499.95,99.3,233.6,RUN,48.5,2.94
2023-10-26 21:45:22,P-Usine_B-000832,LOT-105,AluBest,Acier Inox 316L,1500.0,1500.38,101.2,212.5,RUN,46.3,3.2
2023-10-26 21:50:25,P-Usine_B-000833,LOT-103,AluBest,Acier Inox 316L,1500.0,1499.75,98.7,247.5,RUN,44.7,2.09
2023-10-26 21:50:34,P-Usine_B-000834,LOT-101,MetalX,Acier Inox 316L,1500.0,1500.41,99.4,206.6,RUN,41.0,2.38
2023-10-26 21:56:41,P-Usine_B-000835,LOT-103,AluBest,Acier Inox 316L,1500.0,1500.25,104.8,223.9,RUN,48.0,3.24
2023-10-26 21:49:36,P-Usine_B-000836,LOT-103,AluBest,Acier Inox 316L,1500.0,1500.34,103.1,224.8,RUN,47.6,3.54
2023-10-26 21:56:57,P-Usine_B-000837,LOT-102,AluBest,Acier Inox 316L,1500.0,1499.76,100.3,222.5,RUN,45.4,4.15
2023-10-26 21:58:34,P-Usine_B-000838,LOT-103,AluBest,Acier Inox 316L,1500.0,1500.2,96.0,219.5,RUN,49.6,4.7
2023-10-26 21:56:25,P-Usine_B-000839,LOT-100,MetalX,Acier Inox 316L,999.9,1500.28,99.0,231.7,RUN,47.0,3.19
2023-10-26 21:58:44,P-Usine_B-000840,LOT-101,MetalX,Acier Inox 316L,1500.0,1499.73,99.4,223.6,RUN,46.3,2.1
2023-10-26 21:54:37,P-Usine_B-000841,LOT-102,MetalX,Acier Inox 316L,1500.0,1500.44,104.9,242.5,RUN,42.2,2.61
2023-10-26 21:54:37,P-Usine_B-000841,LOT-102,MetalX,Acier Inox 316L,1500.0,1500.44,104.9,242.5,RUN,42.2,2.61
2023-10-26 21:57:36,P-Usine_B-000842,LOT-103,MetalX,Acier Inox 316L,1500.0,999.9,102.2,203.9,RUN,48.7,3.65
2023-10-26 22:00:19,P-Usine_B-000843,LOT-104,AcierPro,Acier Inox 316L,1500.0,1499.47,100.6,226.8,,46.5,2.29
2023-10-26 22:04:21,P-Usine_B-000844,LOT-102,MetalX,Acier Inox 316L,1500.0,1500.61,101.8,205.5,RUN,46.1,3.08
2023-10-26 22:03:16,P-Usine_B-000845,LOT-100,AluBest,Acier Inox 316L,1500.0,1499.28,99.1,237.4,RUN,48.2,3.56
2023-10-26 22:02:38,P-Usine_B-000846,LOT-101,AluBest,Acier Inox 316L,1500.0,1499.33,99.6,213.4,RUN,48.1,4.37
2023-10-26 22:06:12,P-Usine_B-000847,LOT-105,MetalX,Acier Inox 316L,1500.0,1500.44,104.2,218.0,RUN,41.3,3.04
2023-10-26 22:04:51,P-Usine_B-000848,LOT-105,AluBest,Acier Inox 316L,1500.0,1500.19,102.9,244.4,RUN,41.1,4.0
2023-10-26 22:10:58,P-Usine_B-000849,LOT-103,MetalX,Acier Inox 316L,1500.0,1500.52,96.4,236.4,RUN,44.1,2.97
2023-10-26 22:07:06,P-Usine_B-000850,LOT-104,MetalX,Acier Inox 316L,1500.0,1499.56,103.3,200.7,RUN,49.0,4.35
2023-10-26 22:11:08,P-Usine_B-000851,LOT-100,MetalX,Acier Inox 316L,1500.0,1499.85,99.7,222.5,RUN,42.7,3.55
2023-10-26 22:12:03,P-Usine_B-000852,LOT-104,MetalX,Acier Inox 316L,1500.0,1499.75,100.0,206.7,RUN,48.5,4.53
2023-10-26 22:06:22,P-Usine_B-000853,LOT-103,MetalX,Acier Inox 316L,1500.0,1499.91,95.0,209.9,RUN,46.6,4.39
2023-10-26 22:08:03,P-Usine_B-000854,LOT-101,MetalX,Acier Inox 316L,1500.0,1500.05,103.0,232.5,RUN,47.3,4.8
2023-10-26 22:13:08,P-Usine_B-000855,LOT-103,AcierPro,Acier Inox 316L,1500.0,1500.23,101.6,201.6,RUN,49.8,2.69
2023-10-26 22:13:23,P-Usine_B-000856,LOT-105,MetalX,Acier Inox 316L,1500.0,1500.19,97.3,242.6,RUN,42.4,3.48
2023-10-26 22:13:28,P-Usine_B-000857,LOT-102,AluBest,Acier Inox 316L,1500.0,1500.03,104.7,232.9,RUN,46.2,2.98
2023-10-26 22:17:20,P-Usine_B-000858,LOT-102,AluBest,Acier Inox 316L,1500.0,1500.26,99.3,221.9,RUN,45.0,4.11
2023-10-26 22:14:49,P-Usine_B-000859,LOT-100,AluBest,Acier Inox 316L,1500.0,1500.08,95.8,215.9,RUN,46.2,2.14
2023-10-26 22:14:49,P-Usine_B-000859,LOT-100,AluBest,Acier Inox 316L,1500.0,1500.08,95.8,215.9,RUN,46.2,2.14
2023-10-26 22:16:44,P-Usine_B-000860,LOT-104,AcierPro,Acier Inox 316L,1500.0,1499.58,96.1,204.6,RUN,41.7,2.76
2023-10-26 22:16:44,P-Usine_B-000860,LOT-104,AcierPro,Acier Inox 316L,1500.0,1499.58,96.1,204.6,RUN,41.7,2.76
2023-10-26 22:14:44,P-Usine_B-000861,LOT-104,AcierPro,Acier Inox 316L,1500.0,1499.79,101.4,219.1,RUN,41.9,3.84
2023-10-26 22:23:57,P-Usine_B-000862,LOT-104,AcierPro,Acier Inox 316L,1500.0,1500.55,102.3,213.7,RUN,42.5,3.22
2023-10-26 22:23:57,P-Usine_B-000862,LOT-104,AcierPro,Acier Inox 316L,1500.0,1500.55,102.3,213.7,RUN,42.5,3.22
2023-10-26 22:16:56,P-Usine_B-000863,LOT-105,AluBest,Acier Inox 316L,1500.0,1500.02,96.9,226.4,RUN,44.1,3.73
2023-10-26 22:17:24,P-Usine_B-000864,LOT-105,AcierPro,Acier Inox 316L,1500.0,1500.1,97.8,243.9,RUN,43.3,2.43
2023-10-26 22:24:18,P-Usine_B-000865,LOT-101,AcierPro,Acier Inox 316L,1500.0,1499.68,103.1,217.3,RUN,43.3,2.08
2023-10-26 22:26:32,P-Usine_B-000866,LOT-101,MetalX,Acier Inox 316L,1500.0,1499.55,103.4,208.9,RUN,48.1,2.18
2023-10-26 22:23:55,P-Usine_B-000867,LOT-103,AcierPro,Acier Inox 316L,1500.0,1500.72,100.2,248.3,RUN,47.0,4.92
2023-10-26 22:29:44,P-Usine_B-000868,LOT-102,MetalX,Acier Inox 316L,1500.0,1499.95,102.7,236.0,RUN,47.1,4.19
2023-10-26 22:23:57,P-Usine_B-000869,LOT-100,AcierPro,Acier Inox 316L,1500.0,1500.9,101.2,228.7,RUN,41.4,3.99
2023-10-26 22:32:26,P-Usine_B-000870,LOT-101,AcierPro,Acier Inox 316L,1500.0,1499.72,102.0,210.0,RUN,45.9,4.74
2023-10-26 22:29:13,P-Usine_B-000871,LOT-102,MetalX,Acier Inox 316L,1500.0,1499.74,95.2,231.7,RUN,45.1,3.47
2023-10-26 22:33:22,P-Usine_B-000872,LOT-101,AcierPro,Acier Inox 316L,1500.0,1500.67,96.6,213.4,RUN,49.7,4.12
2023-10-26 22:31:01,P-Usine_B-000873,LOT-103,AluBest,Acier Inox 316L,1500.0,1499.94,103.8,238.2,RUN,48.4,4.6
2023-10-26 22:35:50,P-Usine_B-000874,LOT-105,AcierPro,Acier Inox 316L,1500.0,1500.5,103.8,208.8,RUN,42.4,3.75
2023-10-26 22:37:47,P-Usine_B-000875,LOT-104,AcierPro,Acier Inox 316L,1500.0,1499.09,95.7,238.5,RUN,40.1,2.11
2023-10-26 22:32:50,P-Usine_B-000876,LOT-100,MetalX,Acier Inox 316L,1500.0,1500.92,95.6,240.9,RUN,43.9,2.52
2023-10-26 22:31:50,P-Usine_B-000877,LOT-100,MetalX,Acier Inox 316L,1500.0,1499.57,102.2,222.0,RUN,47.6,4.52
2023-10-26 22:38:27,P-Usine_B-000878,LOT-101,MetalX,Acier Inox 316L,1500.0,1499.95,95.8,248.6,RUN,46.4,2.19
2023-10-26 22:41:47,P-Usine_B-000879,LOT-102,AcierPro,Acier Inox 316L,1500.0,1500.65,99.0,999.9,RUN,45.2,3.08
2023-10-26 22:37:10,P-Usine_B-000880,LOT-102,AcierPro,Acier Inox 316L,1500.0,1500.08,101.7,215.6,RUN,41.6,4.69
2023-10-26 22:41:07,P-Usine_B-000881,LOT-102,AluBest,Acier Inox 316L,1500.0,1500.17,96.5,228.3,RUN,48.3,3.67
2023-10-26 22:44:26,P-Usine_B-000882,LOT-105,AluBest,Acier Inox 316L,1500.0,1500.38,97.0,248.0,RUN,48.9,2.4
2023-10-26 22:39:15,P-Usine_B-000883,LOT-101,AcierPro,Acier Inox 316L,1500.0,1500.1,100.2,231.0,RUN,46.6,3.09
2023-10-26 22:44:05,P-Usine_B-000884,LOT-100,MetalX,Acier Inox 316L,1500.0,1499.96,98.7,235.2,RUN,48.3,3.22
2023-10-26 22:43:09,P-Usine_B-000885,LOT-102,AluBest,Acier Inox 316L,1500.0,1499.94,95.8,228.0,RUN,49.4,2.16
2023-10-26 22:44:36,P-Usine_B-000886,LOT-100,AcierPro,Acier Inox 316L,1500.0,1499.8,102.0,243.8,RUN,47.3,2.37
2023-10-26 22:46:38,P-Usine_B-000887,LOT-103,MetalX,Acier Inox 316L,1500.0,1500.77,103.2,211.7,RUN,42.5,3.59
2023-10-26 22:40:40,P-Usine_B-000888,LOT-104,AcierPro,Acier Inox 316L,1500.0,1498.25,105.0,209.8,,42.3,2.19
2023-10-26 22:49:56,P-Usine_B-000889,LOT-102,AcierPro,Acier Inox 316L,1500.0,1499.68,98.1,235.5,STOP,40.9,4.38
2023-10-26 22:43:24,P-Usine_B-000890,LOT-102,AluBest,Acier Inox 316L,1500.0,1500.28,95.6,208.0,RUN,46.0,3.05
2023-10-26 22:52:39,P-Usine_B-000891,LOT-104,MetalX,Acier Inox 316L,1500.0,1500.37,97.8,241.8,RUN,45.4,2.51
2023-10-26 22:45:42,P-Usine_B-000892,LOT-103,AluBest,Acier Inox 316L,1500.0,1500.37,98.2,219.7,RUN,49.9,2.13
2023-10-26 22:48:06,P-Usine_B-000893,LOT-105,AluBest,Acier Inox 316L,1500.0,1499.82,98.1,202.3,RUN,40.8,4.24
2023-10-26 22:49:36,P-Usine_B-000894,LOT-104,MetalX,Acier Inox 316L,1500.0,1499.8,100.8,200.9,RUN,49.1,2.87
2023-10-26 22:56:27,P-Usine_B-000895,LOT-102,AluBest,Acier Inox 316L,1500.0,1499.68,100.8,209.2,RUN,47.5,3.21
2023-10-26 22:48:26,P-Usine_B-000896,LOT-103,MetalX,Acier Inox 316L,1500.0,1499.86,103.3,222.4,RUN,49.7,4.64
2023-10-26 22:58:26,P-Usine_B-000897,LOT-100,,Acier Inox 316L,1500.0,1500.12,100.9,234.9,RUN,41.9,3.85
2023-10-26 22:56:27,P-Usine_B-000898,LOT-105,AcierPro,Acier Inox 316L,1500.0,1500.15,96.2,216.0,RUN,45.8,2.57
2023-10-26 22:56:20,P-Usine_B-000899,LOT-103,AcierPro,Acier Inox 316L,1500.0,1499.66,,245.3,RUN,48.8,3.24
2023-10-26 23:00:25,P-Usine_B-000900,LOT-104,MetalX,Acier Inox 316L,1500.0,1501.46,104.9,231.3,RUN,49.6,3.37
2023-10-26 23:00:27,P-Usine_B-000901,LOT-105,MetalX,Acier Inox 316L,1500.0,1500.33,103.6,214.0,RUN,42.1,3.07
2023-10-26 22:59:12,P-Usine_B-000902,LOT-103,MetalX,Acier Inox 316L,1500.0,1500.66,98.1,201.2,RUN,48.5,2.99
2023-10-26 23:04:40,P-Usine_B-000903,LOT-105,AluBest,Acier Inox 316L,1500.0,1499.92,96.1,242.4,RUN,42.2,3.37
2023-10-26 22:56:54,P-Usine_B-000904,LOT-100,AcierPro,Acier Inox 316L,1500.0,1499.76,99.9,237.8,RUN,48.4,3.69
2023-10-26 23:00:45,P-Usine_B-000905,LOT-102,AluBest,Acier Inox 316L,1500.0,1500.12,103.3,207.3,RUN,47.7,4.83
2023-10-26 23:04:50,P-Usine_B-000906,LOT-104,MetalX,Acier Inox 316L,1500.0,1500.97,97.9,211.2,RUN,47.8,2.83
2023-10-26 23:03:05,P-Usine_B-000907,LOT-102,AluBest,Acier Inox 316L,1500.0,1499.35,97.4,223.4,RUN,46.7,2.03
2023-10-26 23:00:30,P-Usine_B-000908,LOT-105,AcierPro,Acier Inox 316L,1500.0,1500.18,101.4,238.2,RUN,43.4,4.58
2023-10-26 23:08:15,P-Usine_B-000909,LOT-105,AluBest,Acier Inox 316L,1500.0,1499.94,103.4,218.3,RUN,44.0,2.97
2023-10-26 23:10:03,P-Usine_B-000910,LOT-101,MetalX,Acier Inox 316L,1500.0,1500.36,100.6,225.8,RUN,45.6,4.72
2023-10-26 23:09:48,P-Usine_B-000911,LOT-102,AcierPro,Acier Inox 316L,1500.0,1499.61,100.8,203.2,RUN,46.1,4.28
2023-10-26 23:10:31,P-Usine_B-000912,LOT-101,MetalX,Acier Inox 316L,1500.0,1500.32,96.6,240.0,RUN,41.0,3.03
2023-10-26 23:14:31,P-Usine_B-000913,LOT-101,AluBest,Acier Inox 316L,1500.0,1500.62,97.5,200.6,RUN,41.3,3.32
2023-10-26 23:10:22,P-Usine_B-000914,LOT-100,AluBest,Acier Inox 316L,1500.0,1500.67,99.4,229.9,RUN,44.2,3.38
2023-10-26 23:12:26,P-Usine_B-000915,LOT-104,AcierPro,Acier Inox 316L,1500.0,1500.11,95.7,246.5,RUN,42.3,3.54
2023-10-26 23:11:16,P-Usine_B-000916,LOT-100,AluBest,Acier Inox 316L,1500.0,1500.46,101.3,233.4,RUN,49.9,3.42
,P-Usine_B-000917,LOT-100,MetalX,Acier Inox 316L,1500.0,1499.33,101.2,229.3,RUN,48.4,2.7
2023-10-26 23:16:35,P-Usine_B-000918,LOT-103,MetalX,Acier Inox 316L,1500.0,1499.72,101.2,216.4,RUN,41.4,3.35
2023-10-26 23:12:24,P-Usine_B-000919,LOT-104,AluBest,Acier Inox 316L,1500.0,1500.82,98.4,246.3,RUN,40.9,2.37
2023-10-26 23:17:17,P-Usine_B-000920,LOT-105,AluBest,Acier Inox 316L,1500.0,1500.31,95.7,213.3,RUN,43.0,4.12
2023-10-26 23:22:53,P-Usine_B-000921,LOT-103,AcierPro,Acier Inox 316L,1500.0,1500.09,99.2,238.0,RUN,43.7,3.07
2023-10-26 23:16:03,P-Usine_B-000922,LOT-103,MetalX,Acier Inox 316L,1500.0,1500.85,98.4,236.3,RUN,47.4,2.36
2023-10-26 23:19:38,P-Usine_B-000923,LOT-105,AcierPro,Acier Inox 316L,1500.0,1500.66,97.2,247.2,999.9,49.3,4.49
2023-10-26 23:21:40,P-Usine_B-000924,LOT-101,AcierPro,Acier Inox 316L,1500.0,1499.96,103.5,235.2,RUN,50.0,4.88
2023-10-26 23:25:13,P-Usine_B-000925,LOT-103,MetalX,Acier Inox 316L,1500.0,1499.94,105.0,215.3,RUN,40.7,4.57
2023-10-26 23:24:30,P-Usine_B-000926,LOT-105,AluBest,Acier Inox 316L,1500.0,1499.33,98.6,207.3,RUN,41.9,3.3
2023-10-26 23:24:40,P-Usine_B-000927,LOT-105,AcierPro,Acier Inox 316L,1500.0,1500.2,95.7,220.1,RUN,48.9,2.04
2023-10-26 23:24:04,P-Usine_B-000928,LOT-103,AluBest,Acier Inox 316L,1500.0,1499.63,96.6,245.2,RUN,40.8,4.57
2023-10-26 23:28:44,P-Usine_B-000929,LOT-101,AcierPro,Acier Inox 316L,1500.0,1500.17,102.7,201.0,RUN,41.5,4.02
2023-10-26 23:31:39,P-Usine_B-000930,LOT-102,MetalX,Acier Inox 316L,1500.0,1500.6,100.4,221.3,RUN,49.2,4.81
,P-Usine_B-000931,LOT-102,AluBest,Acier Inox 316L,1500.0,1500.51,100.2,223.4,RUN,41.2,3.98
2023-10-26 23:27:10,P-Usine_B-000932,LOT-102,AcierPro,Acier Inox 316L,1500.0,1500.03,100.4,218.8,RUN,40.7,3.97
2023-10-26 23:27:10,P-Usine_B-000932,LOT-102,AcierPro,Acier Inox 316L,1500.0,1500.03,100.4,218.8,RUN,40.7,3.97
2023-10-26 23:35:12,P-Usine_B-000933,LOT-102,AcierPro,Acier Inox 316L,1500.0,1499.81,98.0,227.9,RUN,45.2,3.64
2023-10-26 23:26:40,P-Usine_B-000934,LOT-100,MetalX,Acier Inox 316L,1500.0,1500.29,103.8,237.9,RUN,49.9,3.74
2023-10-26 23:35:59,P-Usine_B-000935,LOT-100,AcierPro,Acier Inox 316L,1500.0,1499.72,104.7,236.3,RUN,40.1,2.66
2023-10-26 23:29:03,P-Usine_B-000936,LOT-104,AluBest,Acier Inox 316L,1500.0,1500.24,101.7,215.1,RUN,46.5,3.43
2023-10-26 23:30:49,P-Usine_B-000937,LOT-101,MetalX,Acier Inox 316L,1500.0,1499.9,103.5,220.5,RUN,47.4,2.51
2023-10-26 23:35:28,P-Usine_B-000938,LOT-105,MetalX,Acier Inox 316L,1500.0,1500.63,104.1,229.2,RUN,41.0,4.87
2023-10-26 23:33:40,P-Usine_B-000939,LOT-103,AluBest,Acier Inox 316L,1500.0,1499.72,104.8,230.2,RUN,46.2,4.08
2023-10-26 23:35:59,P-Usine_B-000940,LOT-101,MetalX,Acier Inox 316L,1500.0,1500.37,102.6,227.3,RUN,44.9,3.06
2023-10-26 23:38:41,P-Usine_B-000941,LOT-101,AluBest,Acier Inox 316L,1500.0,1500.07,104.2,246.4,RUN,45.1,2.09
2023-10-26 23:37:00,P-Usine_B-000942,LOT-101,AcierPro,Acier Inox 316L,1500.0,1500.5,97.2,238.4,RUN,40.7,2.13
2023-10-26 23:36:32,P-Usine_B-000943,LOT-105,AcierPro,Acier Inox 316L,1500.0,1500.57,100.8,230.2,RUN,41.8,3.53
2023-10-26 23:37:19,P-Usine_B-000944,LOT-103,AluBest,Acier Inox 316L,1500.0,1499.41,99.1,244.5,RUN,42.5,3.29
2023-10-26 23:40:03,P-Usine_B-000945,LOT-102,AluBest,Acier Inox 316L,1500.0,1499.26,103.1,226.8,RUN,45.5,2.02
2023-10-26 23:47:21,P-Usine_B-000946,LOT-104,MetalX,Acier Inox 316L,1500.0,1499.66,97.0,240.0,RUN,48.6,4.89
2023-10-26 23:40:23,P-Usine_B-000947,LOT-100,AluBest,Acier Inox 316L,1500.0,1500.4,96.1,212.9,RUN,42.7,2.06
2023-10-26 23:49:29,P-Usine_B-000948,LOT-105,AcierPro,Acier Inox 316L,1500.0,1499.8,96.8,228.6,RUN,41.0,2.23
2023-10-26 23:49:40,P-Usine_B-000949,LOT-100,AcierPro,Acier Inox 316L,1500.0,1499.23,96.7,201.2,RUN,42.5,2.25
2023-10-26 23:43:25,P-Usine_B-000950,LOT-105,AcierPro,Acier Inox 316L,1500.0,1500.0,104.4,236.6,RUN,44.4,3.3
2023-10-26 23:52:37,P-Usine_B-000951,LOT-103,AcierPro,Acier Inox 316L,1500.0,1500.02,95.5,235.1,RUN,42.5,2.44
2023-10-26 23:50:49,P-Usine_B-000952,LOT-104,AluBest,Acier Inox 316L,1500.0,1499.65,102.8,244.4,RUN,40.7,4.13
2023-10-26 23:47:04,P-Usine_B-000953,LOT-104,AcierPro,Acier Inox 316L,1500.0,1499.75,104.6,210.5,RUN,45.3,4.51
2023-10-26 23:47:30,P-Usine_B-000954,LOT-105,AcierPro,Acier Inox 316L,1500.0,1500.14,99.4,247.3,RUN,46.6,4.67
2023-10-26 23:50:22,,LOT-101,AcierPro,Acier Inox 316L,1500.0,1499.76,104.3,230.7,RUN,43.2,2.46
2023-10-26 23:48:37,P-Usine_B-000956,LOT-101,MetalX,Acier Inox 316L,1500.0,1499.93,103.0,208.3,RUN,42.0,3.51
2023-10-26 23:52:20,P-Usine_B-000957,LOT-101,AcierPro,Acier Inox 316L,1500.0,1500.14,102.6,223.2,RUN,47.4,4.4
2023-10-26 23:59:40,P-Usine_B-000958,LOT-103,AluBest,Acier Inox 316L,1500.0,1500.2,95.9,223.1,RUN,44.9,2.59
2023-10-27 00:00:56,P-Usine_B-000959,LOT-101,AcierPro,Acier Inox 316L,1500.0,1500.81,97.1,248.9,RUN,49.0,4.54
2023-10-26 23:53:56,P-Usine_B-000960,LOT-105,AcierPro,Acier Inox 316L,1500.0,1500.15,97.9,206.8,RUN,44.9,3.73
2023-10-26 23:58:20,P-Usine_B-000961,LOT-103,AluBest,Acier Inox 316L,1500.0,1499.81,99.1,240.6,RUN,47.9,4.5
2023-10-27 00:00:25,P-Usine_B-000962,LOT-105,AluBest,Acier Inox 316L,1500.0,1499.75,95.5,210.5,RUN,44.3,3.48
2023-10-26 23:56:24,P-Usine_B-000963,LOT-103,MetalX,Acier Inox 316L,1500.0,1500.37,97.1,213.6,RUN,41.9,4.74
2023-10-26 23:59:43,P-Usine_B-000964,LOT-101,MetalX,Acier Inox 316L,1500.0,1499.92,96.9,230.9,RUN,44.6,4.73
2023-10-27 00:06:45,P-Usine_B-000965,LOT-104,AcierPro,Acier Inox 316L,1500.0,1500.27,95.4,,RUN,44.5,4.08
2023-10-27 00:00:52,P-Usine_B-000966,LOT-102,AcierPro,Acier Inox 316L,1500.0,1501.11,100.8,208.6,RUN,48.2,4.3
2023-10-27 00:07:10,P-Usine_B-000967,LOT-104,AluBest,Acier Inox 316L,1500.0,1499.06,102.5,204.9,RUN,44.0,3.52
2023-10-27 00:09:37,P-Usine_B-000968,LOT-105,AcierPro,Acier Inox 316L,1500.0,1500.75,103.7,207.3,RUN,44.0,3.7
2023-10-27 00:06:43,P-Usine_B-000969,LOT-103,AcierPro,Acier Inox 316L,1500.0,1499.66,103.1,216.1,RUN,43.6,4.79
2023-10-27 00:08:03,P-Usine_B-000970,LOT-105,AluBest,Acier Inox 316L,1500.0,1499.88,103.2,235.9,RUN,40.7,2.74
2023-10-27 00:12:45,P-Usine_B-000971,LOT-104,MetalX,Acier Inox 316L,1500.0,1500.98,95.3,226.4,RUN,45.5,4.98
2023-10-27 00:05:14,P-Usine_B-000972,LOT-104,AcierPro,Acier Inox 316L,1500.0,1499.97,104.1,221.4,RUN,49.3,4.42
2023-10-27 00:07:37,P-Usine_B-000973,LOT-105,AluBest,Acier Inox 316L,1500.0,1500.54,100.2,209.7,RUN,40.9,4.28
2023-10-27 00:09:20,P-Usine_B-000974,LOT-100,MetalX,Acier Inox 316L,1500.0,1499.28,96.0,231.1,RUN,41.2,2.41
2023-10-27 00:13:33,P-Usine_B-000975,LOT-102,MetalX,Acier Inox 316L,1500.0,1499.96,101.4,203.9,RUN,42.3,4.22
2023-10-27 00:10:15,P-Usine_B-000976,LOT-103,AcierPro,Acier Inox 316L,1500.0,1500.53,102.0,222.1,RUN,42.5,2.66
2023-10-27 00:18:01,P-Usine_B-000977,LOT-102,AcierPro,Acier Inox 316L,1500.0,,95.1,238.4,RUN,48.3,2.61
2023-10-27 00:15:31,P-Usine_B-000978,LOT-103,AluBest,Acier Inox 316L,1500.0,1500.55,95.1,239.8,RUN,47.0,2.39
2023-10-27 00:14:10,P-Usine_B-000979,LOT-102,MetalX,Acier Inox 316L,1500.0,1500.37,99.7,239.0,RUN,47.9,4.55
2023-10-27 00:19:50,P-Usine_B-000980,LOT-100,AcierPro,Acier Inox 316L,1500.0,1499.3,104.5,226.2,RUN,42.5,2.65
2023-10-27 00:17:45,P-Usine_B-000981,LOT-102,AcierPro,Acier Inox 316L,1500.0,1500.42,101.0,242.9,RUN,45.1,2.79
2023-10-27 00:20:24,P-Usine_B-000982,LOT-105,AluBest,Acier Inox 316L,1500.0,1500.44,102.2,226.9,RUN,48.0,4.51
2023-10-27 00:23:34,P-Usine_B-000983,LOT-104,MetalX,Acier Inox 316L,1500.0,1500.31,102.7,205.7,RUN,40.2,3.89
2023-10-27 00:16:53,P-Usine_B-000984,LOT-102,AcierPro,Acier Inox 316L,1500.0,1500.21,95.9,248.2,RUN,44.9,4.99
2023-10-27 00:25:07,P-Usine_B-000985,LOT-102,MetalX,Acier Inox 316L,1500.0,1499.13,99.9,239.5,RUN,43.6,2.51
2023-10-27 00:22:45,P-Usine_B-000986,LOT-102,MetalX,Acier Inox 316L,1500.0,1499.99,95.8,209.8,RUN,49.4,4.13
2023-10-27 00:22:12,P-Usine_B-000987,LOT-103,MetalX,Acier Inox 316L,1500.0,1500.19,99.0,237.3,RUN,49.7,3.81
2023-10-27 00:22:26,P-Usine_B-000988,LOT-104,AluBest,Acier Inox 316L,1500.0,1499.85,100.2,218.8,RUN,47.3,2.21
2023-10-27 00:26:29,P-Usine_B-000989,LOT-103,AluBest,Acier Inox 316L,1500.0,1500.07,102.0,243.9,RUN,41.0,4.61
2023-10-27 00:23:30,P-Usine_B-000990,LOT-102,AluBest,Acier Inox 316L,1500.0,1500.28,97.6,226.5,RUN,41.2,2.15
2023-10-27 00:26:40,P-Usine_B-000991,LOT-103,MetalX,Acier Inox 316L,1500.0,1499.7,101.0,215.4,RUN,47.3,3.72
2023-10-27 00:26:49,P-Usine_B-000992,LOT-105,AcierPro,Acier Inox 316L,1500.0,1499.8,95.8,207.6,RUN,49.7,3.5
2023-10-27 00:29:49,P-Usine_B-000993,LOT-100,MetalX,Acier Inox 316L,1500.0,1499.3,98.0,200.6,RUN,40.5,4.14
2023-10-27 00:28:59,P-Usine_B-000994,LOT-100,AluBest,Acier Inox 316L,1500.0,1499.61,96.5,243.6,RUN,48.5,2.31
2023-10-27 00:28:59,P-Usine_B-000994,LOT-100,AluBest,Acier Inox 316L,1500.0,1499.61,96.5,243.6,RUN,48.5,2.31
2023-10-27 00:29:57,P-Usine_B-000995,LOT-105,MetalX,Acier Inox 316L,1500.0,1500.0,97.3,213.7,RUN,43.4,2.42
2023-10-27 00:34:20,P-Usine_B-000996,LOT-103,AcierPro,Acier Inox 316L,1500.0,1499.33,100.8,231.1,RUN,46.1,2.55
2023-10-27 00:31:05,P-Usine_B-000997,LOT-105,AluBest,Acier Inox 316L,1500.0,1499.52,102.1,247.1,RUN,44.6,2.01
2023-10-27 00:36:58,P-Usine_B-000998,LOT-103,AcierPro,Acier Inox 316L,1500.0,1500.34,95.8,247.3,RUN,43.7,3.36
2023-10-27 00:36:14,P-Usine_B-000999,LOT-104,AcierPro,Acier Inox 316L,1500.0,1499.36,103.3,228.0,RUN,45.8,2.07
2023-10-27 00:40:43,P-Usine_B-001000,LOT-100,AluBest,Acier Inox 316L,1500.0,1499.53,102.9,211.4,RUN,46.2,2.41
