timestamp,part_id,vitesse_broche_rpm,avance_outil,profondeur_passe,temp_broche,temp_piece,vibration_broche,couple_moteur,puissance_conso_kw,temps_cycle_theo,temps_cycle_reel,nb_pieces_prod,nb_pieces_nok,id_machine,version_prog,num_outil,usure_outil_pct,etat_machine,alarmes
2023-10-26 08:05:29,P-Usine_B-000001,12281,2149.0,3.09,46.5,33.4,0.529,13.24,5.62,120.0,122.1,1,0,CNU-02,v2.4,2,0.9,RUN,NONE
2023-10-26 08:05:01,P-Usine_B-000002,12012,2163.0,3.09,43.8,39.5,0.42,12.63,6.02,120.0,120.7,2,0,CNU-01,v2.4,3,4.9,RUN,NONE
2023-10-26 08:06:20,P-Usine_B-000003,12314,2119.0,3.06,42.8,42.3,0.584,12.98,5.51,120.0,119.9,3,0,CNU-02,v2.4,3,6.4,RUN,NONE
2023-10-26 08:10:01,P-Usine_B-000004,12068,2145.0,3.16,51.7,41.5,0.49,13.13,6.01,120.0,122.1,4,0,CNU-01,v2.4,1,3.0,RUN,NONE
2023-10-26 08:09:28,P-Usine_B-000005,11505,1861.0,2.9,40.2,42.9,0.559,13.4,,120.0,121.8,5,0,CNU-02,v2.4,3,5.2,RUN,NONE
2023-10-26 08:11:09,P-Usine_B-000006,11944,2164.0,2.87,54.5,37.6,0.604,12.34,6.79,120.0,122.7,6,0,CNU-01,v2.4,1,3.3,RUN,NONE
2023-10-26 08:14:17,P-Usine_B-000007,11867,2014.0,3.02,49.8,42.0,0.41,10.44,5.57,120.0,120.8,7,0,CNU-02,v2.4,4,6.8,RUN,NONE
2023-10-26 08:14:49,P-Usine_B-000008,12083,2011.0,3.15,44.6,38.5,0.443,12.32,7.26,120.0,123.0,8,0,CNU-01,v2.4,2,8.3,RUN,NONE
2023-10-26 08:15:38,P-Usine_B-000009,12063,2042.0,2.97,43.1,40.1,0.627,13.85,6.7,120.0,123.0,9,0,CNU-02,v2.4,2,5.3,RUN,NONE
2023-10-26 08:15:17,P-Usine_B-000010,12067,1830.0,2.95,53.7,42.9,0.353,12.56,7.01,120.0,123.4,10,0,CNU-01,v2.4,5,10.0,RUN,NONE
2023-10-26 08:17:10,P-Usine_B-000011,12037,2113.0,2.85,48.3,32.6,0.48,12.96,6.73,120.0,122.8,11,0,CNU-02,v2.4,3,8.5,RUN,NONE
2023-10-26 08:13:29,P-Usine_B-000012,11997,2032.0,3.01,47.3,32.2,0.66,12.47,7.21,120.0,122.0,12,0,CNU-01,v2.4,1,9.9,RUN,NONE
2023-10-26 08:17:23,P-Usine_B-000013,12217,1934.0,2.84,48.2,41.7,0.474,11.82,6.35,120.0,118.9,13,0,CNU-02,v2.4,5,9.3,RUN,NONE
2023-10-26 08:14:02,P-Usine_B-000014,11740,1948.0,3.12,46.4,42.8,0.481,13.74,6.44,120.0,121.3,14,0,CNU-01,v2.4,2,11.7,RUN,NONE
2023-10-26 08:22:38,P-Usine_B-000015,11998,2137.0,2.96,45.0,34.2,0.669,12.99,5.18,120.0,121.4,15,0,CNU-02,v2.4,1,7.7,RUN,NONE
2023-10-26 08:21:26,P-Usine_B-000016,11883,1929.0,3.0,47.0,45.0,0.448,12.32,5.51,120.0,119.8,16,0,CNU-01,v2.4,5,8.5,RUN,NONE
2023-10-26 08:20:29,P-Usine_B-000017,12113,1929.0,2.82,46.4,40.9,0.395,12.95,5.25,120.0,121.5,17,0,CNU-02,v2.4,5,12.4,RUN,NONE
2023-10-26 08:21:25,P-Usine_B-000018,11565,1913.0,3.09,47.1,43.7,0.441,10.63,6.51,120.0,121.9,18,0,CNU-01,v2.4,3,10.4,RUN,NONE
2023-10-26 08:24:17,P-Usine_B-000019,12200,1912.0,3.19,51.5,31.1,0.572,11.07,7.86,120.0,122.3,19,0,CNU-02,v2.4,1,11.4,RUN,NONE
2023-10-26 08:28:52,P-Usine_B-000020,12005,2119.0,3.09,50.0,34.8,0.474,13.34,5.23,120.0,122.2,20,0,CNU-01,v2.4,4,11.9,RUN,NONE
2023-10-26 08:30:01,P-Usine_B-000021,11857,1952.0,2.84,45.1,42.4,0.578,12.71,6.52,120.0,124.6,21,0,CNU-02,v2.4,1,14.7,RUN,NONE
2023-10-26 08:23:09,P-Usine_B-000022,11726,2193.0,3.04,44.5,37.3,0.358,11.92,7.72,120.0,120.4,22,0,CNU-01,v2.4,4,11.9,RUN,NONE
2023-10-26 08:29:14,P-Usine_B-000023,12215,2081.0,2.95,48.3,41.8,0.614,14.38,5.65,120.0,124.9,23,0,CNU-02,v2.4,1,12.4,RUN,NONE
2023-10-26 08:33:38,P-Usine_B-000024,11769,1970.0,3.02,40.9,37.3,0.336,13.3,5.83,120.0,120.3,24,0,CNU-01,v2.4,1,13.7,RUN,NONE
2023-10-26 08:26:32,P-Usine_B-000025,11619,2142.0,2.91,43.4,40.0,0.559,11.29,7.96,120.0,121.6,25,0,CNU-02,v2.4,1,12.9,RUN,NONE
2023-10-26 08:31:12,P-Usine_B-000026,12324,1846.0,3.01,54.0,35.1,0.645,14.08,6.4,120.0,118.3,26,0,CNU-01,v2.4,3,14.6,RUN,NONE
2023-10-26 08:34:13,P-Usine_B-000027,12147,2164.0,2.99,44.6,34.2,0.519,12.64,6.67,120.0,120.3,27,0,CNU-02,v2.4,2,17.4,RUN,NONE
2023-10-26 08:35:50,P-Usine_B-000028,11788,1953.0,3.04,44.2,43.7,0.549,11.32,5.59,120.0,120.6,28,0,CNU-01,v2.4,4,14.8,RUN,NONE
2023-10-26 08:35:13,P-Usine_B-000029,11905,2147.0,3.1,51.4,45.0,0.427,12.87,6.15,120.0,123.5,29,0,CNU-02,v2.4,4,15.0,RUN,NONE
2023-10-26 08:34:29,P-Usine_B-000030,11818,2112.0,2.91,43.7,40.7,0.399,13.25,5.01,120.0,124.6,30,0,CNU-01,v2.4,1,18.4,RUN,NONE
2023-10-26 08:37:03,P-Usine_B-000031,11976,2020.0,3.09,41.0,,0.607,10.12,6.6,120.0,121.4,31,0,CNU-02,v2.4,5,20.4,RUN,NONE
2023-10-26 08:36:31,P-Usine_B-000032,12008,1923.0,2.84,54.2,31.5,0.495,10.06,6.75,120.0,119.4,32,0,CNU-01,v2.4,3,20.9,RUN,NONE
2023-10-26 08:37:01,P-Usine_B-000033,11685,2061.0,3.0,51.4,38.8,0.661,11.06,7.43,120.0,123.5,33,0,CNU-02,v2.4,3,16.9,RUN,NONE
2023-10-26 08:36:26,P-Usine_B-000034,11862,2100.0,2.88,49.3,32.1,0.319,11.36,7.48,120.0,124.1,34,0,CNU-01,v2.4,2,18.1,RUN,NONE
2023-10-26 08:42:49,P-Usine_B-000035,12214,2187.0,2.88,47.4,31.0,0.432,11.58,6.7,120.0,120.9,35,0,CNU-02,v2.4,2,19.2,RUN,NONE
2023-10-26 08:40:18,P-Usine_B-000036,11978,2011.0,3.08,51.7,31.7,0.555,11.15,7.75,120.0,121.3,36,0,CNU-01,v2.4,2,18.2,RUN,NONE
2023-10-26 08:46:32,,11898,2006.0,2.94,44.4,43.4,0.428,11.69,5.14,120.0,122.1,37,0,CNU-02,v2.4,5,18.5,RUN,NONE
2023-10-26 08:40:56,P-Usine_B-000038,11937,2130.0,2.84,48.2,43.7,0.544,13.14,6.68,120.0,119.0,38,0,CNU-01,v2.4,5,20.1,RUN,NONE
2023-10-26 08:45:33,P-Usine_B-000039,12101,2086.0,2.93,40.2,38.6,0.402,10.04,5.68,120.0,122.3,39,0,CNU-02,v2.4,3,19.9,RUN,NONE
2023-10-26 08:48:42,P-Usine_B-000040,11948,2158.0,3.02,50.3,30.8,0.637,12.72,6.23,120.0,122.8,40,0,CNU-01,v2.4,4,20.9,RUN,NONE
2023-10-26 08:49:20,P-Usine_B-000041,12274,1944.0,3.14,53.5,43.5,0.597,10.09,6.89,120.0,123.8,41,0,CNU-02,v2.4,5,24.3,RUN,NONE
2023-10-26 08:49:57,P-Usine_B-000042,12234,1983.0,2.8,43.5,35.4,0.575,13.25,7.33,120.0,126.4,42,0,CNU-01,v2.4,3,23.5,RUN,NONE
2023-10-26 08:48:06,P-Usine_B-000043,11910,1914.0,3.02,49.4,39.9,0.459,10.53,5.78,120.0,119.5,43,0,CNU-02,v2.4,1,22.9,,NONE
2023-10-26 08:49:07,P-Usine_B-000044,12005,2172.0,2.83,51.2,34.6,0.397,13.38,7.03,120.0,121.9,44,0,CNU-01,v2.4,3,25.1,RUN,NONE
2023-10-26 08:46:33,P-Usine_B-000045,11848,2099.0,2.87,45.8,35.6,0.599,11.69,6.39,120.0,120.3,45,0,CNU-02,v2.4,4,25.4,RUN,NONE
2023-10-26 08:53:00,P-Usine_B-000046,11755,2158.0,2.82,47.0,999.9,0.579,14.4,5.4,120.0,124.2,46,0,CNU-01,v2.4,5,24.2,RUN,NONE
2023-10-26 08:49:54,P-Usine_B-000047,12035,2050.0,3.1,50.3,40.8,0.578,14.21,5.56,120.0,121.4,47,0,CNU-02,v2.4,1,27.1,RUN,NONE
2023-10-26 08:48:38,P-Usine_B-000048,11904,1935.0,3.14,43.6,39.0,0.492,10.02,5.46,120.0,125.9,48,0,CNU-01,v2.4,5,26.4,RUN,NONE
2023-10-26 08:58:32,P-Usine_B-000049,12317,1844.0,2.93,54.6,42.3,0.617,12.15,6.81,120.0,121.3,49,0,CNU-02,v2.4,4,29.0,RUN,NONE
2023-10-26 08:58:47,P-Usine_B-000050,,2189.0,3.11,54.9,32.7,0.526,11.64,6.72,120.0,121.7,50,0,CNU-01,v2.4,3,25.6,RUN,NONE
2023-10-26 09:00:37,P-Usine_B-000051,12154,1921.0,3.06,49.8,31.7,0.433,13.37,6.6,120.0,121.7,51,0,CNU-02,v2.4,1,27.2,RUN,NONE
2023-10-26 08:53:08,P-Usine_B-000052,11779,2139.0,3.14,54.9,36.3,0.391,10.77,6.84,120.0,124.8,52,0,CNU-01,v2.4,2,30.3,RUN,NONE
2023-10-26 09:02:05,P-Usine_B-000053,12138,1871.0,2.96,43.5,40.5,0.6,13.75,5.98,120.0,121.0,53,0,CNU-02,v2.4,2,28.6,RUN,NONE
2023-10-26 09:02:01,P-Usine_B-000054,12090,2103.0,3.19,48.7,42.7,0.434,14.11,7.28,120.0,121.1,54,0,CNU-01,v2.4,5,31.1,RUN,NONE
2023-10-26 08:56:51,P-Usine_B-000055,11855,2198.0,2.98,41.5,42.5,0.446,11.35,7.52,120.0,121.2,55,0,CNU-02,v2.4,3,27.8,RUN,NONE
2023-10-26 09:03:04,P-Usine_B-000056,11860,2112.0,3.18,50.8,41.2,0.591,10.15,7.3,120.0,121.3,56,0,CNU-01,v2.4,2,33.0,RUN,NONE
2023-10-26 09:01:07,P-Usine_B-000057,11839,1951.0,2.8,43.9,30.4,0.394,13.15,6.68,120.0,117.3,57,0,CNU-02,v2.4,2,31.0,RUN,NONE
2023-10-26 09:03:34,P-Usine_B-000058,11900,2039.0,3.09,41.6,43.2,0.335,14.87,5.41,120.0,120.6,58,0,CNU-01,v2.4,1,30.0,RUN,NONE
2023-10-26 08:59:15,P-Usine_B-000059,11902,1950.0,3.17,52.2,39.5,0.621,12.01,5.36,120.0,120.8,59,0,CNU-02,v2.4,4,33.6,RUN,NONE
2023-10-26 09:00:32,P-Usine_B-000060,12360,2153.0,3.16,53.1,44.8,0.332,10.84,5.36,120.0,122.0,60,0,CNU-01,v2.4,2,31.4,RUN,NONE
2023-10-26 09:01:08,P-Usine_B-000061,11990,1963.0,2.83,52.2,33.1,0.521,14.18,5.23,120.0,120.6,61,0,CNU-02,v2.4,5,33.5,RUN,NONE
2023-10-26 09:06:57,P-Usine_B-000062,12176,1876.0,2.85,43.5,39.3,0.295,14.65,7.72,120.0,123.6,62,0,CNU-01,v2.4,2,31.6,RUN,NONE
2023-10-26 09:07:11,P-Usine_B-000063,11812,1991.0,3.04,44.0,36.6,0.505,12.9,6.37,120.0,123.4,63,0,CNU-02,v2.4,2,32.8,RUN,NONE
2023-10-26 09:07:11,P-Usine_B-000064,11852,1861.0,2.81,54.7,36.7,0.55,13.25,5.71,120.0,119.7,64,0,CNU-01,v2.4,1,33.0,RUN,NONE
2023-10-26 09:07:06,P-Usine_B-000065,12437,1981.0,2.99,53.5,38.9,0.478,10.16,7.28,120.0,121.2,65,0,CNU-02,v2.4,2,35.5,999.9,NONE
2023-10-26 09:08:15,P-Usine_B-000066,12068,1826.0,2.98,49.1,44.5,0.356,11.71,6.92,120.0,122.9,66,0,CNU-01,v2.4,4,34.9,RUN,NONE
2023-10-26 09:14:32,P-Usine_B-000067,12415,2191.0,3.02,45.7,33.7,0.614,10.18,6.27,120.0,121.6,67,0,CNU-02,v2.4,4,38.0,RUN,NONE
2023-10-26 09:15:39,P-Usine_B-000068,12233,2039.0,3.1,53.8,36.0,0.691,11.66,7.45,120.0,121.4,68,0,CNU-01,v2.4,4,35.1,RUN,NONE
2023-10-26 09:16:03,P-Usine_B-000069,11941,2050.0,2.92,52.4,38.4,0.473,13.74,5.89,120.0,124.1,69,0,CNU-02,v2.4,3,38.1,RUN,NONE
2023-10-26 09:19:19,P-Usine_B-000070,11993,1810.0,2.94,45.1,34.7,0.526,10.85,5.95,120.0,119.3,70,0,CNU-01,v2.4,3,37.5,RUN,NONE
2023-10-26 09:17:45,P-Usine_B-000071,11845,2034.0,3.18,40.2,43.7,0.386,14.03,6.58,120.0,121.5,71,0,CNU-02,v2.4,5,37.8,RUN,NONE
2023-10-26 09:17:48,P-Usine_B-000072,12194,1856.0,3.17,45.6,43.6,0.34,10.22,5.32,120.0,120.8,72,0,CNU-01,v2.4,1,40.1,RUN,NONE
2023-10-26 09:13:32,P-Usine_B-000073,11863,999.9,3.07,41.5,35.3,0.559,14.5,5.06,120.0,121.6,73,0,CNU-02,v2.4,2,40.4,RUN,NONE
2023-10-26 09:17:53,P-Usine_B-000074,12220,2134.0,3.13,40.9,30.4,0.747,10.91,5.69,120.0,122.9,74,0,CNU-01,v2.4,5,38.4,RUN,NONE
2023-10-26 09:22:36,P-Usine_B-000075,12019,1976.0,3.04,54.6,36.2,0.537,14.11,7.98,120.0,124.3,75,0,CNU-02,v2.4,5,37.8,RUN,NONE
2023-10-26 09:15:56,P-Usine_B-000076,11936,1960.0,3.02,50.7,32.8,0.439,12.73,6.47,120.0,121.8,76,0,CNU-01,v2.4,3,40.6,RUN,NONE
2023-10-26 09:17:59,P-Usine_B-000077,11965,1945.0,2.91,41.3,44.5,0.354,10.47,7.09,120.0,120.2,77,0,CNU-02,v2.4,5,42.8,RUN,NONE
2023-10-26 09:20:45,P-Usine_B-000078,12437,1813.0,2.97,54.3,31.3,0.763,10.71,6.54,120.0,120.0,78,0,CNU-01,v2.4,1,39.7,RUN,NONE
2023-10-26 09:21:15,P-Usine_B-000079,11869,1860.0,2.83,41.7,39.1,0.329,12.29,5.87,120.0,122.8,79,0,CNU-02,v2.4,5,44.4,RUN,NONE
2023-10-26 09:25:34,P-Usine_B-000080,11876,2195.0,3.09,43.7,32.3,0.465,13.07,5.01,120.0,120.6,80,0,CNU-01,v2.4,1,43.0,RUN,NONE
2023-10-26 09:22:01,P-Usine_B-000081,12053,2103.0,2.98,41.2,42.2,0.551,12.57,7.63,120.0,121.0,81,0,CNU-02,v2.4,5,44.0,RUN,NONE
2023-10-26 09:29:06,P-Usine_B-000082,12207,2174.0,3.16,43.6,36.8,0.471,11.78,5.52,120.0,121.6,82,0,CNU-01,v2.4,5,44.4,RUN,NONE
2023-10-26 09:26:28,P-Usine_B-000083,12312,2072.0,2.98,49.3,40.1,0.545,13.11,7.88,120.0,120.2,83,0,CNU-02,v2.4,5,42.4,RUN,NONE
2023-10-26 09:25:00,P-Usine_B-000084,11949,1802.0,3.17,42.3,37.3,0.517,11.26,6.07,120.0,121.1,84,0,CNU-01,v2.4,5,43.0,RUN,NONE
2023-10-26 09:27:36,P-Usine_B-000085,11610,1986.0,2.84,52.9,32.5,0.509,13.37,5.71,120.0,118.3,85,0,CNU-02,v2.4,3,44.2,RUN,NONE
2023-10-26 09:31:51,P-Usine_B-000086,12128,2004.0,3.08,50.5,40.1,0.339,12.3,7.68,120.0,122.8,86,0,CNU-01,v2.4,3,45.6,RUN,NONE
2023-10-26 09:27:50,P-Usine_B-000087,12055,2017.0,2.95,48.0,37.2,0.306,11.03,6.44,120.0,120.8,87,0,CNU-02,v2.4,4,45.8,RUN,NONE
2023-10-26 09:29:17,P-Usine_B-000088,11838,1995.0,3.05,49.6,41.0,0.698,10.22,7.59,120.0,119.1,88,0,CNU-01,v2.4,4,45.3,RUN,NONE
2023-10-26 09:29:07,P-Usine_B-000089,12076,2002.0,3.0,50.3,36.7,0.625,10.23,7.51,120.0,121.9,89,0,CNU-02,v2.4,1,45.6,RUN,NONE
2023-10-26 09:35:37,P-Usine_B-000090,12284,1853.0,2.86,49.7,40.6,0.522,14.52,7.04,120.0,120.1,90,0,CNU-01,v2.4,4,46.8,RUN,NONE
2023-10-26 09:35:34,P-Usine_B-000091,11994,1948.0,3.11,48.4,42.5,0.515,11.05,5.19,120.0,122.6,91,0,CNU-02,v2.4,2,50.0,RUN,NONE
2023-10-26 09:36:53,P-Usine_B-000092,12275,1935.0,3.16,54.6,32.8,0.637,13.18,5.22,120.0,124.4,92,0,CNU-01,v2.4,2,50.3,RUN,NONE
2023-10-26 09:34:31,P-Usine_B-000093,11993,1996.0,2.87,54.3,40.8,0.468,13.62,6.99,120.0,124.5,93,0,CNU-02,v2.4,4,46.9,RUN,NONE
2023-10-26 09:34:22,P-Usine_B-000094,11979,2136.0,2.88,46.9,30.5,0.453,12.84,7.37,120.0,123.4,94,0,CNU-01,v2.4,2,50.8,RUN,NONE
2023-10-26 09:43:04,P-Usine_B-000095,12062,1885.0,3.09,43.0,32.4,0.56,10.97,6.26,120.0,121.5,95,0,CNU-02,v2.4,4,51.0,RUN,NONE
2023-10-26 09:43:04,P-Usine_B-000095,12062,1885.0,3.09,43.0,32.4,0.56,10.97,6.26,120.0,121.5,95,0,CNU-02,v2.4,4,51.0,RUN,NONE
2023-10-26 09:36:54,P-Usine_B-000096,12016,1943.0,3.05,48.6,33.7,0.61,11.7,5.15,120.0,122.7,96,0,CNU-01,v2.4,1,50.6,RUN,NONE
2023-10-26 09:37:53,P-Usine_B-000097,11978,1840.0,2.92,40.8,33.3,0.508,14.44,5.78,120.0,121.4,97,0,CNU-02,v2.4,2,51.7,RUN,NONE
2023-10-26 09:44:31,P-Usine_B-000098,11674,2000.0,2.93,42.0,31.0,0.384,11.6,6.47,120.0,121.6,98,0,CNU-01,v2.4,5,52.5,RUN,NONE
2023-10-26 09:45:23,P-Usine_B-000099,11734,1926.0,2.98,52.8,34.3,0.443,12.39,5.97,120.0,123.9,99,0,CNU-02,v2.4,2,52.6,RUN,NONE
2023-10-26 09:48:33,P-Usine_B-000100,12450,2009.0,3.19,52.9,38.3,0.481,12.37,7.28,120.0,122.9,100,0,CNU-01,v2.4,1,54.8,RUN,NONE
2023-10-26 09:45:48,P-Usine_B-000101,11447,2181.0,2.85,52.0,31.4,0.472,13.25,7.2,120.0,121.7,101,0,CNU-02,v2.4,1,53.6,RUN,NONE
2023-10-26 09:42:09,P-Usine_B-000102,11770,2037.0,3.0,51.1,38.1,0.606,12.08,7.8,120.0,123.8,102,0,CNU-01,v2.4,4,55.8,RUN,999.9
2023-10-26 09:49:26,P-Usine_B-000103,12187,2026.0,2.86,47.0,31.5,0.456,11.47,999.9,120.0,123.7,103,0,CNU-02,v2.4,3,53.3,RUN,NONE
2023-10-26 09:52:33,P-Usine_B-000104,11986,1931.0,2.81,54.6,36.9,0.515,13.54,5.6,120.0,120.0,104,0,CNU-01,v2.4,1,56.4,RUN,NONE
2023-10-26 09:51:37,P-Usine_B-000105,11774,2010.0,2.97,48.1,41.3,0.395,11.36,5.61,120.0,120.4,105,0,CNU-02,v2.4,1,55.8,RUN,NONE
2023-10-26 09:48:23,P-Usine_B-000106,11615,2032.0,2.88,46.7,37.7,0.639,10.59,6.99,120.0,120.9,106,0,CNU-01,v2.4,5,53.3,RUN,NONE
2023-10-26 09:51:40,P-Usine_B-000107,11961,2176.0,3.04,52.6,36.5,0.592,13.03,7.25,120.0,122.9,107,0,CNU-02,v2.4,4,58.1,RUN,NONE
2023-10-26 09:50:44,P-Usine_B-000108,12007,2023.0,2.91,46.6,39.2,0.577,11.95,7.6,120.0,120.6,108,0,CNU-01,v2.4,1,58.3,RUN,NONE
2023-10-26 09:49:43,P-Usine_B-000109,12220,2034.0,3.01,53.0,41.2,0.486,11.62,5.17,120.0,123.8,109,0,CNU-02,v2.4,2,58.8,RUN,NONE
2023-10-26 09:52:43,P-Usine_B-000110,12133,1972.0,3.06,50.9,34.1,0.39,12.25,7.73,120.0,123.9,110,0,CNU-01,v2.4,4,57.9,RUN,NONE
2023-10-26 09:53:12,P-Usine_B-000111,11708,2166.0,3.01,42.7,42.9,0.517,11.27,6.92,120.0,121.5,111,0,CNU-02,v2.4,1,56.6,RUN,NONE
2023-10-26 09:56:46,P-Usine_B-000112,11915,2059.0,3.03,52.1,35.4,0.426,12.25,6.77,120.0,120.7,112,0,CNU-01,v2.4,4,58.5,RUN,NONE
2023-10-26 10:01:25,P-Usine_B-000113,11800,2068.0,2.91,51.3,30.7,0.55,11.85,6.21,120.0,121.6,113,0,CNU-02,v2.4,5,59.6,RUN,NONE
2023-10-26 09:57:45,P-Usine_B-000114,11905,2160.0,3.06,46.6,33.5,0.285,11.72,5.1,120.0,124.1,114,0,CNU-01,v2.4,5,57.9,RUN,NONE
2023-10-26 09:55:48,P-Usine_B-000115,12209,1805.0,2.95,48.8,41.5,0.67,12.58,5.69,120.0,115.1,115,0,CNU-02,v2.4,3,62.1,RUN,NONE
2023-10-26 10:01:45,P-Usine_B-000116,11953,1824.0,2.88,52.2,33.9,0.635,10.77,7.75,120.0,119.4,116,0,CNU-01,v2.4,3,62.4,RUN,NONE
2023-10-26 10:04:45,P-Usine_B-000117,11988,2136.0,2.96,51.0,42.7,0.5,10.05,6.62,120.0,121.0,117,0,CNU-02,v2.4,4,63.2,RUN,NONE
2023-10-26 09:58:56,P-Usine_B-000118,11784,1896.0,3.06,44.8,32.3,0.679,12.72,6.77,120.0,122.3,118,0,CNU-01,v2.4,1,60.0,RUN,NONE
2023-10-26 10:06:35,P-Usine_B-000119,11954,1859.0,2.8,52.4,41.9,0.44,10.2,6.04,120.0,122.7,119,0,CNU-02,v2.4,1,63.6,RUN,NONE
2023-10-26 10:04:06,P-Usine_B-000120,12157,2080.0,3.16,51.3,32.8,0.387,10.82,5.29,120.0,125.4,120,0,CNU-01,v2.4,2,65.0,RUN,NONE
2023-10-26 10:02:13,P-Usine_B-000121,11935,2125.0,2.82,46.5,41.7,0.413,12.49,7.13,120.0,119.5,121,0,CNU-02,v2.4,5,61.7,RUN,NONE
2023-10-26 10:02:46,P-Usine_B-000122,11810,2085.0,2.89,43.2,39.7,0.437,13.97,5.43,120.0,114.5,122,0,CNU-01,v2.4,4,64.8,RUN,NONE
2023-10-26 10:06:58,P-Usine_B-000123,12333,2135.0,2.95,44.7,42.0,0.372,10.31,6.11,120.0,122.1,123,0,CNU-02,v2.4,3,62.4,RUN,NONE
2023-10-26 10:11:42,P-Usine_B-000124,11811,2157.0,3.18,45.5,31.2,0.559,11.83,7.68,,122.5,124,0,CNU-01,v2.4,4,62.1,RUN,NONE
2023-10-26 10:11:42,P-Usine_B-000125,11980,1820.0,3.15,42.2,30.2,0.438,10.64,7.54,120.0,121.6,125,0,CNU-02,v2.4,4,63.6,RUN,NONE
2023-10-26 10:08:40,P-Usine_B-000126,12068,1848.0,3.13,50.9,43.0,0.563,14.16,6.97,120.0,122.0,126,0,CNU-01,v2.4,2,67.4,RUN,NONE
2023-10-26 10:16:16,P-Usine_B-000127,11857,1841.0,2.98,46.3,37.0,0.302,11.96,6.82,120.0,119.0,127,0,CNU-02,v2.4,3,64.9,RUN,NONE
2023-10-26 10:09:14,P-Usine_B-000128,12224,1980.0,3.04,47.5,41.8,0.616,11.85,5.72,120.0,123.1,128,0,CNU-01,v2.4,1,64.5,RUN,NONE
2023-10-26 10:14:15,P-Usine_B-000129,12079,2138.0,3.13,46.9,34.7,0.553,13.53,7.95,120.0,124.0,129,0,CNU-02,v2.4,2,65.9,RUN,NONE
2023-10-26 10:16:36,P-Usine_B-000130,12286,1991.0,2.94,47.5,40.9,0.529,10.18,6.55,120.0,127.0,130,0,CNU-01,v2.4,2,69.7,RUN,NONE
2023-10-26 10:18:30,P-Usine_B-000131,12039,2081.0,3.09,48.5,32.2,0.47,10.66,7.45,120.0,125.2,131,0,CNU-02,v2.4,5,69.8,RUN,NONE
2023-10-26 10:14:45,P-Usine_B-000132,12107,2054.0,2.85,52.6,32.9,0.464,10.53,7.33,120.0,120.5,132,0,CNU-01,v2.4,2,70.6,RUN,NONE
2023-10-26 10:21:18,P-Usine_B-000133,11895,2073.0,3.15,43.2,34.8,0.615,12.91,5.1,120.0,120.3,133,0,CNU-02,v2.4,2,66.7,RUN,NONE
2023-10-26 10:14:33,P-Usine_B-000134,12304,2195.0,3.18,45.8,44.7,0.447,11.4,5.89,120.0,120.8,134,0,CNU-01,v2.4,4,71.7,RUN,NONE
2023-10-26 10:22:17,P-Usine_B-000135,12033,1812.0,3.01,42.1,36.2,0.423,14.13,6.85,120.0,121.6,135,0,CNU-02,v2.4,4,70.0,RUN,NONE
2023-10-26 10:25:43,P-Usine_B-000136,12184,1904.0,2.89,47.2,35.5,0.58,14.14,7.82,120.0,122.1,136,0,CNU-01,v2.4,5,69.5,RUN,NONE
2023-10-26 10:25:43,P-Usine_B-000136,12184,1904.0,2.89,47.2,35.5,0.58,14.14,7.82,120.0,122.1,136,0,CNU-01,v2.4,5,69.5,RUN,NONE
2023-10-26 10:18:58,P-Usine_B-000137,12335,2080.0,2.88,46.4,39.5,0.401,14.55,6.46,120.0,120.0,137,0,CNU-02,v2.4,5,71.1,RUN,NONE
2023-10-26 10:18:15,P-Usine_B-000138,11525,1999.0,3.19,44.9,38.4,0.436,10.23,5.89,120.0,124.0,138,0,CNU-01,v2.4,5,73.4,RUN,NONE
2023-10-26 10:20:46,P-Usine_B-000139,12121,1901.0,3.07,53.9,41.8,0.341,10.12,5.78,120.0,124.3,139,0,CNU-02,v2.4,5,70.5,RUN,NONE
2023-10-26 10:26:21,P-Usine_B-000140,12029,2009.0,2.87,53.8,32.1,0.493,12.95,5.73,120.0,121.7,140,0,CNU-01,v2.4,4,72.1,RUN,NONE
2023-10-26 10:22:02,P-Usine_B-000141,12196,2106.0,3.03,45.3,35.7,0.567,11.84,6.94,120.0,123.5,141,0,CNU-02,v2.4,4,72.1,RUN,NONE
2023-10-26 10:31:43,P-Usine_B-000142,11631,1908.0,3.12,40.9,35.8,0.327,13.29,5.03,120.0,123.8,142,0,CNU-01,v2.4,3,75.5,RUN,NONE
2023-10-26 10:25:17,P-Usine_B-000143,12086,2168.0,2.9,49.3,34.1,0.442,12.95,5.33,120.0,122.8,143,0,CNU-02,v2.4,3,72.1,RUN,NONE
2023-10-26 10:26:41,P-Usine_B-000144,11964,2153.0,2.84,45.5,43.5,0.593,11.86,6.01,120.0,118.7,144,0,CNU-01,v2.4,2,75.1,RUN,NONE
2023-10-26 10:32:41,P-Usine_B-000145,12256,1944.0,3.18,42.6,35.8,0.624,12.42,5.08,120.0,124.9,145,0,CNU-02,v2.4,1,76.0,RUN,NONE
2023-10-26 10:28:46,P-Usine_B-000146,11911,2016.0,3.1,54.7,40.1,0.404,14.83,6.73,120.0,122.2,146,0,CNU-01,v2.4,1,77.8,RUN,NONE
2023-10-26 10:27:14,P-Usine_B-000147,11846,1920.0,3.2,48.0,38.0,0.571,11.53,5.76,120.0,119.4,147,0,CNU-02,v2.4,1,76.1,RUN,NONE
2023-10-26 10:28:19,P-Usine_B-000148,11902,1845.0,2.87,51.3,39.6,0.56,14.82,7.96,120.0,120.8,148,,CNU-01,v2.4,2,74.0,RUN,NONE
2023-10-26 10:31:31,P-Usine_B-000149,11944,1967.0,2.84,44.5,38.2,0.495,11.76,5.56,120.0,123.6,149,0,CNU-02,v2.4,1,78.7,RUN,NONE
2023-10-26 10:32:09,P-Usine_B-000150,12043,2171.0,3.18,46.3,33.0,0.474,11.38,7.67,120.0,120.2,150,0,CNU-01,,2,77.2,RUN,NONE
2023-10-26 10:39:38,P-Usine_B-000151,11837,2175.0,3.17,48.6,39.1,0.6,11.87,5.58,120.0,120.2,151,0,CNU-02,v2.4,1,77.1,RUN,NONE
2023-10-26 10:36:58,P-Usine_B-000152,12259,2071.0,2.92,54.7,34.3,0.519,13.81,6.74,120.0,122.8,152,0,CNU-01,v2.4,4,80.6,RUN,NONE
2023-10-26 10:38:20,P-Usine_B-000153,11985,1889.0,3.17,50.4,40.4,0.58,10.91,5.92,120.0,124.8,153,0,CNU-02,v2.4,2,77.8,RUN,NONE
2023-10-26 10:42:01,P-Usine_B-000154,12203,1860.0,3.0,47.0,43.9,0.633,14.16,7.72,120.0,119.5,154,0,CNU-01,v2.4,4,78.6,RUN,NONE
2023-10-26 10:38:59,P-Usine_B-000155,12022,2107.0,2.91,49.9,35.7,0.435,11.19,6.1,120.0,119.9,155,0,CNU-02,v2.4,4,77.9,RUN,NONE
2023-10-26 10:43:29,P-Usine_B-000156,12134,1911.0,3.11,45.7,35.9,0.332,12.94,5.57,120.0,118.9,156,0,CNU-01,v2.4,4,78.4,RUN,NONE
2023-10-26 10:46:39,P-Usine_B-000157,11940,2054.0,2.89,48.3,35.6,0.711,11.56,7.56,120.0,125.3,157,0,CNU-02,v2.4,4,79.4,RUN,NONE
2023-10-26 10:44:26,P-Usine_B-000158,12300,2015.0,2.92,54.0,40.4,0.656,12.51,5.84,120.0,120.8,158,0,CNU-01,v2.4,5,81.5,RUN,NONE
2023-10-26 10:45:25,P-Usine_B-000159,11970,2094.0,3.13,44.3,41.4,0.521,10.28,7.39,120.0,118.1,159,0,CNU-02,v2.4,4,81.7,RUN,NONE
2023-10-26 10:44:13,P-Usine_B-000160,11876,1877.0,2.92,45.3,37.6,0.378,11.82,6.55,120.0,122.1,160,0,CNU-01,v2.4,1,84.9,RUN,NONE
2023-10-26 10:50:11,P-Usine_B-000161,12369,1812.0,3.07,44.4,34.1,0.38,13.08,6.57,120.0,119.5,161,0,CNU-02,v2.4,4,84.4,RUN,NONE
2023-10-26 10:49:32,P-Usine_B-000162,12440,1891.0,3.1,53.6,30.2,0.49,12.83,5.23,120.0,123.0,162,0,CNU-01,v2.4,4,84.2,RUN,NONE
2023-10-26 10:50:43,P-Usine_B-000163,11864,1855.0,2.99,46.7,39.1,0.593,12.91,6.83,120.0,121.3,163,0,CNU-02,v2.4,5,82.6,RUN,NONE
2023-10-26 10:53:01,P-Usine_B-000164,11767,1849.0,3.05,42.3,38.5,0.325,11.76,6.41,120.0,121.2,164,0,CNU-01,v2.4,1,82.2,RUN,NONE
2023-10-26 10:54:04,P-Usine_B-000165,12077,2165.0,3.07,40.0,33.3,0.372,10.92,6.52,120.0,121.1,165,0,CNU-02,v2.4,1,83.8,RUN,NONE
2023-10-26 10:47:26,P-Usine_B-000166,11791,2073.0,3.09,45.9,41.1,0.5,12.8,7.27,120.0,123.1,166,0,CNU-01,v2.4,1,84.3,RUN,NONE
2023-10-26 10:53:25,P-Usine_B-000167,12053,1830.0,2.98,47.0,44.6,0.686,11.94,6.5,120.0,121.4,167,0,CNU-02,v2.4,5,86.9,RUN,NONE
2023-10-26 10:51:02,P-Usine_B-000168,11847,1966.0,2.92,44.1,31.9,0.579,13.83,7.18,120.0,126.4,168,0,CNU-01,v2.4,4,86.4,RUN,NONE
2023-10-26 10:50:44,P-Usine_B-000169,12289,1839.0,3.17,53.0,39.9,0.309,13.59,7.11,120.0,121.5,169,0,CNU-02,v2.4,2,84.6,RUN,NONE
2023-10-26 10:59:19,P-Usine_B-000170,11655,1979.0,2.87,42.4,43.1,0.536,12.38,5.47,120.0,119.8,170,0,CNU-01,v2.4,2,88.5,RUN,NONE
2023-10-26 11:00:18,P-Usine_B-000171,11950,1828.0,2.95,50.3,32.7,0.548,14.35,6.14,120.0,123.9,171,0,CNU-02,v2.4,2,86.3,RUN,NONE
2023-10-26 10:56:41,P-Usine_B-000172,12029,2102.0,3.12,44.8,37.3,0.399,11.26,7.7,120.0,124.5,172,0,CNU-01,v2.4,3,89.8,RUN,NONE
2023-10-26 11:00:13,P-Usine_B-000173,11942,2164.0,2.97,54.9,35.1,0.452,10.52,7.37,120.0,125.0,173,0,,v2.4,3,88.0,RUN,NONE
2023-10-26 11:01:17,P-Usine_B-000174,12149,2030.0,3.09,42.3,43.4,0.549,14.92,7.92,120.0,122.9,174,0,CNU-01,v2.4,2,91.0,RUN,NONE
2023-10-26 11:00:09,P-Usine_B-000175,12238,1820.0,3.12,48.0,41.4,0.345,15.0,6.55,120.0,121.8,175,0,CNU-02,v2.4,2,87.8,RUN,NONE
2023-10-26 11:01:22,P-Usine_B-000176,12011,2046.0,2.83,48.9,43.3,0.494,12.1,6.47,120.0,124.5,176,0,CNU-01,v2.4,5,88.7,RUN,NONE
2023-10-26 10:56:52,P-Usine_B-000177,12165,1859.0,2.88,43.3,41.1,0.401,10.76,7.42,120.0,122.3,177,0,CNU-02,v2.4,3,91.1,RUN,NONE
2023-10-26 10:57:56,P-Usine_B-000178,12277,1975.0,2.82,48.9,34.6,0.556,10.23,6.65,120.0,117.6,178,0,CNU-01,v2.4,5,91.2,RUN,NONE
2023-10-26 11:00:20,P-Usine_B-000179,12232,1829.0,3.07,45.7,34.7,0.378,13.25,6.96,120.0,120.9,179,0,CNU-02,v2.4,3,94.5,RUN,NONE
2023-10-26 11:02:57,P-Usine_B-000180,11862,2131.0,3.01,44.1,33.1,0.427,10.73,5.39,120.0,123.0,180,0,CNU-01,v2.4,1,90.5,RUN,NONE
2023-10-26 11:02:57,P-Usine_B-000180,11862,2131.0,3.01,44.1,33.1,0.427,10.73,5.39,120.0,123.0,180,0,CNU-01,v2.4,1,90.5,RUN,NONE
2023-10-26 11:10:47,P-Usine_B-000181,11482,1904.0,3.02,42.0,31.0,0.344,13.76,5.54,120.0,121.9,181,0,CNU-02,v2.4,4,94.7,RUN,NONE
2023-10-26 11:04:32,P-Usine_B-000182,12062,2091.0,3.03,44.6,41.6,0.578,12.13,7.4,120.0,120.4,182,0,CNU-01,v2.4,3,93.4,RUN,NONE
2023-10-26 11:04:19,P-Usine_B-000183,11634,1996.0,2.97,49.7,36.5,0.453,14.21,5.45,120.0,124.6,183,0,CNU-02,v2.4,1,94.0,RUN,NONE
2023-10-26 11:14:14,P-Usine_B-000184,11802,2179.0,3.16,43.7,43.0,0.469,13.66,5.99,120.0,122.2,184,0,CNU-01,v2.4,3,96.6,RUN,NONE
2023-10-26 11:07:17,P-Usine_B-000185,12264,1915.0,3.05,53.7,42.6,0.426,13.4,5.97,120.0,118.4,185,0,CNU-02,v2.4,5,94.1,RUN,NONE
2023-10-26 11:15:52,P-Usine_B-000186,11991,2128.0,3.12,41.5,39.7,0.475,15.0,5.75,120.0,119.1,186,0,CNU-01,v2.4,4,97.3,RUN,NONE
2023-10-26 11:12:51,P-Usine_B-000187,11911,1815.0,3.0,41.9,40.8,0.468,11.19,7.54,120.0,120.3,187,0,CNU-02,v2.4,3,94.3,RUN,NONE
2023-10-26 11:12:40,P-Usine_B-000188,12002,2132.0,2.88,40.1,36.4,0.613,13.42,5.95,120.0,118.4,188,0,CNU-01,v2.4,1,96.3,RUN,NONE
2023-10-26 11:15:48,P-Usine_B-000189,11872,1940.0,2.86,52.3,38.2,0.619,14.64,6.69,120.0,122.1,189,0,CNU-02,v2.4,999.9,96.4,RUN,NONE
2023-10-26 11:12:57,P-Usine_B-000190,12255,1974.0,2.95,41.1,32.7,0.478,15.0,7.45,120.0,121.7,190,0,CNU-01,v2.4,2,96.5,RUN,NONE
2023-10-26 11:12:58,P-Usine_B-000191,11947,2100.0,2.81,43.8,32.3,0.344,14.28,7.16,120.0,126.2,191,0,CNU-02,v2.4,1,99.9,RUN,NONE
2023-10-26 11:15:21,P-Usine_B-000192,12176,1898.0,2.93,50.7,39.2,0.468,11.69,7.41,120.0,123.0,192,0,CNU-01,v2.4,5,96.3,RUN,NONE
2023-10-26 11:15:21,P-Usine_B-000192,12176,1898.0,2.93,50.7,39.2,0.468,11.69,7.41,120.0,123.0,192,0,CNU-01,v2.4,5,96.3,RUN,NONE
2023-10-26 11:14:34,P-Usine_B-000193,11778,2151.0,3.16,41.2,32.5,0.758,10.21,7.9,120.0,126.1,193,0,CNU-02,v2.4,2,99.2,RUN,NONE
2023-10-26 11:18:18,P-Usine_B-000194,11880,2025.0,2.85,41.3,38.6,0.429,13.1,5.0,120.0,121.1,194,0,CNU-01,v2.4,5,98.1,RUN,NONE
2023-10-26 11:17:11,P-Usine_B-000195,11744,1819.0,3.19,42.2,31.9,0.385,13.17,7.58,120.0,126.7,195,0,CNU-02,v2.4,3,98.9,RUN,NONE
2023-10-26 11:18:59,P-Usine_B-000196,11945,2011.0,2.95,43.5,37.1,0.556,10.66,6.48,120.0,124.7,196,0,CNU-01,v2.4,4,98.2,RUN,NONE
2023-10-26 11:23:07,P-Usine_B-000197,12049,2107.0,2.92,43.4,33.8,0.413,999.9,6.4,120.0,123.3,197,0,CNU-02,v2.4,3,100,RUN,NONE
2023-10-26 11:27:24,P-Usine_B-000198,12275,2127.0,3.07,50.3,40.3,0.422,14.77,6.11,120.0,125.2,198,0,CNU-01,v2.4,4,100,RUN,NONE
2023-10-26 11:27:17,P-Usine_B-000199,12323,1934.0,3.11,49.4,37.5,0.63,11.21,7.3,120.0,121.1,199,0,CNU-02,v2.4,4,100,RUN,NONE
2023-10-26 11:27:33,P-Usine_B-000200,11634,2108.0,3.05,50.3,30.8,0.525,12.97,7.66,120.0,121.6,200,0,CNU-01,v2.4,4,1.6,RUN,NONE
2023-10-26 11:22:58,P-Usine_B-000201,11957,1990.0,2.92,45.0,32.9,0.659,11.17,7.6,120.0,120.6,201,0,CNU-02,v2.4,1,4.1,RUN,NONE
2023-10-26 11:29:08,P-Usine_B-000202,12236,1890.0,3.15,53.1,44.1,0.704,11.83,5.38,120.0,122.9,202,0,CNU-01,v2.4,3,5.7,RUN,NONE
2023-10-26 11:28:42,P-Usine_B-000203,11726,2092.0,3.19,52.0,39.5,0.501,12.07,5.26,120.0,120.8,203,0,CNU-02,v2.4,4,4.0,RUN,NONE
2023-10-26 11:32:03,P-Usine_B-000204,12107,2182.0,2.84,44.6,33.8,0.326,12.39,7.66,120.0,119.9,204,0,CNU-01,v2.4,3,4.1,RUN,NONE
2023-10-26 11:31:28,P-Usine_B-000205,12168,1966.0,2.97,49.2,42.9,0.484,11.08,7.62,120.0,122.5,205,0,CNU-02,v2.4,5,7.3,RUN,NONE
2023-10-26 11:34:23,P-Usine_B-000206,11841,1979.0,2.96,51.1,31.0,0.405,14.06,6.35,120.0,123.9,206,0,CNU-01,v2.4,2,7.7,RUN,NONE
2023-10-26 11:36:45,P-Usine_B-000207,12010,2006.0,3.19,48.9,40.1,0.64,10.79,6.15,120.0,120.5,207,0,CNU-02,v2.4,4,6.7,RUN,NONE
2023-10-26 11:33:59,P-Usine_B-000208,12348,2140.0,3.08,48.4,38.0,0.373,14.57,7.33,120.0,123.4,208,0,CNU-01,v2.4,2,8.1,RUN,NONE
2023-10-26 11:31:20,P-Usine_B-000209,11925,1869.0,2.93,49.4,43.1,0.407,10.79,7.46,120.0,124.3,209,0,CNU-02,v2.4,2,8.0,RUN,NONE
2023-10-26 11:37:17,P-Usine_B-000210,11907,2129.0,2.83,40.7,31.1,0.455,10.5,7.5,120.0,120.9,210,0,CNU-01,v2.4,1,9.4,RUN,NONE
2023-10-26 11:31:03,P-Usine_B-000211,11817,1858.0,3.0,53.4,35.5,0.484,12.24,5.24,120.0,123.1,211,0,CNU-02,v2.4,4,5.9,RUN,NONE
2023-10-26 11:31:49,P-Usine_B-000212,12037,1803.0,3.11,50.7,38.3,0.722,11.15,6.21,120.0,127.0,212,0,CNU-01,v2.4,5,10.6,RUN,NONE
2023-10-26 11:39:03,P-Usine_B-000213,12000,1953.0,2.95,44.3,31.0,0.343,10.88,6.42,120.0,122.4,213,0,CNU-02,v2.4,4,8.4,RUN,NONE
2023-10-26 11:38:10,P-Usine_B-000214,11843,1876.0,3.15,45.2,37.8,0.405,14.08,5.43,120.0,122.1,214,0,CNU-01,v2.4,2,11.1,RUN,NONE
2023-10-26 11:45:02,P-Usine_B-000215,12017,2182.0,2.83,48.7,41.7,0.407,11.6,6.31,120.0,123.6,215,0,CNU-02,v2.4,2,8.9,RUN,NONE
2023-10-26 11:36:38,P-Usine_B-000216,12231,2068.0,3.18,54.4,43.8,0.492,14.29,5.94,120.0,117.1,216,0,CNU-01,v2.4,4,12.6,RUN,NONE
2023-10-26 11:37:28,P-Usine_B-000217,11972,2089.0,2.95,43.3,38.7,0.548,13.12,7.37,120.0,121.2,217,0,CNU-02,v2.4,3,9.7,RUN,NONE
2023-10-26 11:43:07,P-Usine_B-000218,12312,2116.0,2.83,43.2,34.0,0.425,11.54,5.24,120.0,123.4,218,0,CNU-01,v2.4,2,11.5,RUN,NONE
2023-10-26 11:46:10,P-Usine_B-000219,11924,2051.0,3.09,43.7,43.4,0.381,12.38,5.05,120.0,123.9,219,0,CNU-02,v2.4,4,11.4,RUN,NONE
2023-10-26 11:46:31,P-Usine_B-000220,11657,2130.0,3.05,42.0,39.7,0.577,14.36,6.39,120.0,124.8,220,0,CNU-01,v2.4,3,14.6,RUN,NONE
2023-10-26 11:50:01,P-Usine_B-000221,11731,2111.0,3.2,51.0,35.3,0.34,14.61,7.82,120.0,123.0,221,0,CNU-02,v2.4,1,15.3,RUN,NONE
2023-10-26 11:42:11,P-Usine_B-000222,999.9,2185.0,3.01,52.6,34.4,0.503,12.61,5.29,120.0,123.2,222,0,CNU-01,v2.4,1,12.6,RUN,NONE
2023-10-26 11:47:47,P-Usine_B-000223,12048,1941.0,3.08,52.5,43.2,0.499,14.03,7.19,120.0,119.5,223,0,CNU-02,v2.4,3,16.1,RUN,NONE
2023-10-26 11:52:18,P-Usine_B-000224,12242,2123.0,2.85,51.0,33.9,0.581,12.16,6.31,120.0,121.8,224,0,CNU-01,v2.4,2,13.5,RUN,NONE
2023-10-26 11:46:35,P-Usine_B-000225,12257,2080.0,2.89,47.0,34.9,0.49,11.56,6.14,120.0,119.1,225,0,CNU-02,v2.4,1,13.0,RUN,NONE
2023-10-26 11:50:23,P-Usine_B-000226,12169,1862.0,3.17,45.7,41.3,0.472,14.8,7.22,120.0,122.0,226,0,CNU-01,v2.4,1,16.3,RUN,NONE
2023-10-26 11:54:32,P-Usine_B-000227,11567,1961.0,2.89,51.3,37.6,0.531,14.1,7.38,120.0,122.8,227,0,CNU-02,v2.4,1,15.0,RUN,NONE
2023-10-26 11:54:38,P-Usine_B-000228,12043,1950.0,2.88,40.2,36.1,0.35,10.17,5.26,120.0,120.6,228,0,CNU-01,v2.4,2,17.4,RUN,NONE
2023-10-26 11:52:54,P-Usine_B-000229,12032,2174.0,3.2,49.9,38.8,0.466,11.46,5.47,120.0,121.5,229,0,CNU-02,v2.4,4,16.5,RUN,999.9
2023-10-26 11:51:15,P-Usine_B-000230,11923,1989.0,3.07,47.7,34.7,0.595,12.81,5.82,120.0,121.3,230,0,CNU-01,v2.4,1,18.5,RUN,NONE
2023-10-26 11:52:43,P-Usine_B-000231,12011,2001.0,3.01,47.2,34.0,0.501,14.41,7.05,120.0,122.7,231,0,CNU-02,v2.4,5,16.1,RUN,NONE
2023-10-26 12:00:15,P-Usine_B-000232,11964,1889.0,3.08,51.7,37.4,0.46,11.48,6.42,120.0,122.6,232,0,CNU-01,v2.4,4,19.1,RUN,NONE
2023-10-26 11:57:06,P-Usine_B-000233,12060,1869.0,2.9,53.3,36.5,0.58,13.0,5.47,120.0,116.9,233,0,CNU-02,v2.4,1,21.2,RUN,NONE
2023-10-26 11:58:46,P-Usine_B-000234,12205,2004.0,3.03,45.6,42.6,0.522,12.98,5.97,120.0,124.6,234,0,CNU-01,v2.4,3,19.2,RUN,NONE
2023-10-26 12:05:03,P-Usine_B-000235,12083,1825.0,2.84,43.3,39.0,0.383,13.79,6.59,120.0,121.2,235,0,CNU-02,v2.4,1,22.1,RUN,NONE
2023-10-26 12:00:08,P-Usine_B-000236,11896,2089.0,2.82,41.5,32.5,0.386,11.17,5.09,120.0,118.1,236,0,CNU-01,v2.4,1,20.9,RUN,NONE
2023-10-26 11:59:26,P-Usine_B-000237,12014,2117.0,2.82,42.5,44.2,0.468,12.23,6.32,120.0,119.0,237,0,CNU-02,v2.4,1,19.2,RUN,NONE
2023-10-26 12:05:54,P-Usine_B-000238,11607,1837.0,2.82,53.0,36.3,0.644,10.13,5.4,120.0,122.8,238,0,CNU-01,v2.4,3,21.7,RUN,NONE
2023-10-26 12:08:31,P-Usine_B-000239,11922,1891.0,2.81,52.9,40.2,0.636,12.23,7.43,120.0,124.9,239,0,CNU-02,v2.4,3,,RUN,NONE
2023-10-26 12:00:30,P-Usine_B-000240,12043,1873.0,3.14,43.9,33.7,0.524,14.33,5.63,120.0,121.2,240,0,CNU-01,v2.4,1,21.9,RUN,NONE
2023-10-26 12:01:06,P-Usine_B-000241,11637,2140.0,2.86,41.3,33.5,0.513,10.79,5.01,120.0,123.5,241,0,CNU-02,v2.4,2,24.0,RUN,NONE
2023-10-26 12:01:56,P-Usine_B-000242,11980,2172.0,3.18,43.3,37.7,0.567,14.61,6.45,120.0,119.3,242,0,CNU-01,v2.4,2,22.5,RUN,NONE
2023-10-26 12:10:11,P-Usine_B-000243,11948,2020.0,3.12,50.5,37.9,0.491,12.15,6.6,120.0,123.6,243,0,CNU-02,v2.4,5,25.4,RUN,NONE
2023-10-26 12:09:18,P-Usine_B-000244,12485,2171.0,2.93,46.4,42.4,0.445,13.43,6.18,120.0,122.5,244,0,CNU-01,v2.4,5,23.2,RUN,NONE
2023-10-26 12:08:29,P-Usine_B-000245,12129,1919.0,3.07,45.7,34.5,0.562,11.11,6.57,120.0,121.9,245,0,CNU-02,v2.4,4,27.4,RUN,NONE
2023-10-26 12:08:50,P-Usine_B-000246,12051,2173.0,2.99,45.3,33.6,0.536,10.23,5.35,120.0,121.9,246,0,CNU-01,v2.4,2,27.1,RUN,NONE
2023-10-26 12:13:39,P-Usine_B-000247,12140,2076.0,3.1,44.0,39.4,0.367,13.49,7.01,120.0,120.2,247,,CNU-02,v2.4,3,25.5,RUN,NONE
2023-10-26 12:11:08,P-Usine_B-000248,12086,2090.0,,44.9,33.1,0.46,10.32,7.68,120.0,121.5,248,0,CNU-01,v2.4,3,24.8,RUN,NONE
2023-10-26 12:09:37,P-Usine_B-000249,11733,1939.0,3.1,47.7,31.7,0.468,14.22,5.43,120.0,123.1,249,0,CNU-02,v2.4,4,27.6,RUN,NONE
2023-10-26 12:16:31,P-Usine_B-000250,12136,1981.0,2.82,43.8,35.5,0.508,13.57,7.36,120.0,123.1,250,0,CNU-01,v2.4,3,27.8,RUN,NONE
2023-10-26 12:14:24,P-Usine_B-000251,12124,1891.0,3.17,50.8,40.6,0.28,11.82,6.75,120.0,124.3,251,0,CNU-02,v2.4,1,29.8,RUN,NONE
2023-10-26 12:12:24,P-Usine_B-000252,12132,2175.0,999.9,47.2,39.8,0.48,11.07,5.31,120.0,121.5,252,0,CNU-01,v2.4,5,28.4,RUN,NONE
2023-10-26 12:15:20,P-Usine_B-000253,11859,1841.0,3.02,49.3,33.3,0.56,11.47,5.38,120.0,121.9,253,0,CNU-02,v2.4,3,31.3,RUN,NONE
2023-10-26 12:18:05,P-Usine_B-000254,11983,1963.0,3.08,45.9,41.2,0.49,12.04,5.81,120.0,119.2,254,0,CNU-01,v2.4,2,30.7,RUN,NONE
2023-10-26 12:21:20,P-Usine_B-000255,12014,2120.0,3.14,53.3,38.1,0.411,13.0,7.06,120.0,121.4,255,0,CNU-02,v2.4,5,28.3,RUN,NONE
2023-10-26 12:24:47,P-Usine_B-000256,12135,1811.0,2.91,45.7,31.6,0.486,12.88,5.88,120.0,122.5,,0,CNU-01,v2.4,4,28.7,RUN,NONE
2023-10-26 12:25:10,P-Usine_B-000257,12022,1834.0,3.08,46.4,42.2,0.569,12.98,5.63,120.0,119.3,257,0,CNU-02,v2.4,5,33.2,RUN,NONE
2023-10-26 12:17:24,P-Usine_B-000258,11973,1983.0,2.98,48.8,42.1,0.447,14.3,6.78,120.0,123.8,258,0,CNU-01,v2.4,3,30.0,RUN,NONE
2023-10-26 12:22:33,P-Usine_B-000259,11556,2094.0,2.95,43.6,32.3,0.523,10.99,7.32,120.0,121.2,259,0,CNU-02,v2.4,4,31.2,RUN,NONE
2023-10-26 12:24:51,P-Usine_B-000260,11962,1891.0,3.13,44.9,31.2,0.468,14.34,7.53,120.0,123.5,260,0,CNU-01,v2.4,1,33.3,RUN,NONE
2023-10-26 12:22:18,P-Usine_B-000261,11809,2140.0,3.05,50.2,32.4,0.58,11.26,5.85,120.0,123.9,261,0,CNU-02,v2.4,4,33.7,RUN,NONE
2023-10-26 12:25:18,P-Usine_B-000262,12022,2071.0,2.87,44.7,35.7,0.433,10.37,7.04,120.0,120.4,262,0,CNU-01,v2.4,4,35.5,RUN,NONE
2023-10-26 12:30:35,P-Usine_B-000263,11756,2194.0,2.94,45.5,35.3,0.549,10.3,6.75,120.0,117.2,263,0,CNU-02,v2.4,2,33.7,RUN,NONE
2023-10-26 12:32:07,P-Usine_B-000264,11839,2117.0,3.01,46.6,44.9,0.562,13.51,7.75,120.0,119.3,264,0,CNU-01,v2.4,4,35.1,RUN,NONE
2023-10-26 12:26:17,P-Usine_B-000265,12169,1962.0,3.13,51.4,43.2,0.422,11.04,6.31,120.0,121.6,265,0,CNU-02,v2.4,3,32.8,RUN,NONE
2023-10-26 12:32:00,P-Usine_B-000266,12096,1976.0,2.94,48.5,41.0,0.481,11.06,5.09,120.0,124.2,266,0,CNU-01,v2.4,2,35.6,RUN,NONE
2023-10-26 12:26:53,P-Usine_B-000267,11857,2165.0,2.92,47.9,34.1,0.54,11.91,6.84,120.0,125.4,267,0,CNU-02,v2.4,1,36.9,RUN,NONE
2023-10-26 12:32:01,P-Usine_B-000268,12062,1979.0,2.87,42.9,31.2,0.612,11.11,6.61,120.0,121.2,268,0,CNU-01,v2.4,2,34.1,RUN,NONE
2023-10-26 12:33:29,P-Usine_B-000269,11838,2151.0,3.18,46.7,35.5,0.535,12.4,7.37,120.0,122.8,269,0,CNU-02,v2.4,1,37.5,RUN,NONE
2023-10-26 12:31:29,P-Usine_B-000270,11776,1803.0,3.19,44.9,40.7,0.376,12.14,5.21,120.0,118.8,270,0,CNU-01,v2.4,3,36.1,RUN,NONE
2023-10-26 12:34:14,P-Usine_B-000271,11700,1805.0,2.85,52.5,37.5,0.45,11.87,6.53,120.0,122.0,271,0,CNU-02,v2.4,3,40.4,RUN,NONE
2023-10-26 12:37:05,P-Usine_B-000272,11703,2175.0,2.82,51.9,43.6,0.397,10.76,5.86,120.0,124.9,272,0,CNU-01,v2.4,1,37.0,RUN,NONE
2023-10-26 12:35:26,P-Usine_B-000273,12114,2079.0,3.18,54.7,40.3,0.617,14.34,5.22,120.0,122.3,273,0,CNU-02,v2.4,5,37.9,RUN,NONE
2023-10-26 12:38:15,P-Usine_B-000274,12011,1932.0,2.96,52.0,34.8,0.535,10.14,7.8,120.0,120.9,274,0,CNU-01,v2.4,1,41.7,RUN,NONE
2023-10-26 12:43:12,P-Usine_B-000275,11882,2062.0,3.19,45.9,32.7,0.404,13.98,7.33,120.0,120.1,275,0,CNU-02,v2.4,3,,RUN,NONE
2023-10-26 12:35:08,P-Usine_B-000276,12065,1926.0,2.9,41.6,30.5,0.503,13.71,6.82,120.0,121.8,276,0,CNU-01,v2.4,5,40.8,RUN,NONE
2023-10-26 12:36:46,P-Usine_B-000277,11877,1834.0,3.12,54.3,31.1,0.373,12.73,5.82,120.0,121.4,277,0,CNU-02,v2.4,2,38.6,RUN,NONE
2023-10-26 12:37:26,P-Usine_B-000278,12453,1858.0,3.05,54.8,33.9,0.559,14.97,5.22,120.0,121.0,278,0,CNU-01,v2.4,5,39.6,RUN,NONE
2023-10-26 12:45:03,P-Usine_B-000279,11937,1849.0,2.81,47.8,40.1,0.532,10.99,5.61,120.0,121.6,279,0,CNU-02,v2.4,1,43.6,RUN,NONE
2023-10-26 12:44:44,P-Usine_B-000280,12167,1973.0,2.91,41.1,32.5,0.501,12.9,6.24,120.0,120.8,280,0,CNU-01,v2.4,1,41.1,RUN,NONE
2023-10-26 12:41:11,P-Usine_B-000281,12158,1893.0,3.02,54.8,32.3,0.575,12.22,6.25,120.0,120.3,281,0,CNU-02,v2.4,2,43.8,RUN,NONE
2023-10-26 12:41:03,P-Usine_B-000282,11998,2000.0,3.19,40.6,35.5,0.483,11.99,6.11,120.0,123.7,282,0,CNU-01,v2.4,5,44.5,RUN,NONE
2023-10-26 12:47:58,P-Usine_B-000283,12179,2084.0,3.17,46.9,30.7,0.571,12.14,5.88,120.0,120.4,283,0,CNU-02,v2.4,1,42.9,RUN,NONE
2023-10-26 12:52:45,P-Usine_B-000284,12342,1923.0,3.08,53.2,32.5,0.388,11.43,7.06,120.0,119.2,284,0,CNU-01,v2.4,1,45.6,RUN,NONE
2023-10-26 12:44:34,P-Usine_B-000285,12240,1881.0,3.09,43.7,44.7,0.499,14.46,7.13,120.0,122.5,285,0,CNU-02,v2.4,4,43.1,RUN,NONE
2023-10-26 12:45:38,P-Usine_B-000286,11921,1983.0,3.16,51.5,37.1,0.534,10.6,5.4,120.0,123.7,286,0,CNU-01,v2.4,2,43.4,RUN,NONE
2023-10-26 12:51:15,P-Usine_B-000287,12004,1946.0,3.07,48.9,43.8,0.496,12.14,7.11,120.0,124.7,287,0,CNU-02,v2.4,2,45.5,RUN,NONE
2023-10-26 12:55:36,P-Usine_B-000288,12265,2081.0,3.12,54.7,40.1,0.524,14.85,5.11,120.0,120.7,288,0,CNU-01,v2.4,4,44.2,RUN,NONE
2023-10-26 12:51:25,P-Usine_B-000289,11904,2002.0,3.08,51.4,34.7,0.351,12.07,7.21,120.0,122.7,289,0,CNU-02,v2.4,2,45.9,RUN,NONE
2023-10-26 12:51:50,P-Usine_B-000290,12019,1973.0,2.86,41.3,38.6,0.389,10.17,6.46,120.0,126.3,290,0,CNU-01,v2.4,1,45.4,RUN,NONE
2023-10-26 12:58:52,P-Usine_B-000291,12427,2092.0,3.11,40.5,43.8,0.592,12.53,5.44,120.0,122.0,291,0,CNU-02,v2.4,1,46.0,RUN,NONE
2023-10-26 12:55:47,P-Usine_B-000292,12324,1904.0,2.86,40.0,37.9,0.538,13.42,7.01,120.0,124.1,292,0,CNU-01,v2.4,4,48.0,RUN,NONE
2023-10-26 12:51:52,P-Usine_B-000293,12257,2011.0,2.95,44.6,38.4,0.465,14.81,5.49,120.0,122.1,293,0,CNU-02,v2.4,3,48.5,RUN,NONE
2023-10-26 12:51:52,P-Usine_B-000293,12257,2011.0,2.95,44.6,38.4,0.465,14.81,5.49,120.0,122.1,293,0,CNU-02,v2.4,3,48.5,RUN,NONE
2023-10-26 13:01:09,P-Usine_B-000294,12078,1998.0,2.97,44.3,34.0,0.376,10.89,5.43,120.0,119.0,294,0,CNU-01,v2.4,1,48.7,RUN,NONE
2023-10-26 13:01:09,P-Usine_B-000294,12078,1998.0,2.97,44.3,34.0,0.376,10.89,5.43,120.0,119.0,294,0,CNU-01,v2.4,1,48.7,RUN,NONE
2023-10-26 13:00:43,P-Usine_B-000295,12216,1944.0,3.18,45.6,42.4,0.568,14.02,7.91,120.0,126.0,295,0,CNU-02,v2.4,1,52.1,RUN,NONE
2023-10-26 12:57:21,P-Usine_B-000296,12342,1925.0,2.9,54.2,37.9,0.349,14.93,5.52,120.0,121.7,296,0,CNU-01,v2.4,2,48.5,RUN,NONE
2023-10-26 12:56:11,P-Usine_B-000297,12055,2080.0,2.88,53.7,40.5,0.507,12.67,7.86,120.0,124.1,297,0,CNU-02,v2.4,2,49.8,RUN,NONE
2023-10-26 12:56:29,P-Usine_B-000298,11775,2167.0,2.87,52.0,43.2,0.615,13.41,5.91,120.0,123.0,298,0,CNU-01,v2.4,3,49.0,RUN,NONE
2023-10-26 13:03:49,P-Usine_B-000299,11599,2144.0,2.97,44.2,31.8,0.433,10.42,6.61,120.0,126.0,299,0,CNU-02,v2.4,5,49.8,RUN,NONE
2023-10-26 13:03:49,P-Usine_B-000299,11599,2144.0,2.97,44.2,31.8,0.433,10.42,6.61,120.0,126.0,299,0,CNU-02,v2.4,5,49.8,RUN,NONE
2023-10-26 13:02:01,P-Usine_B-000300,11841,2144.0,3.19,54.7,40.2,0.608,14.73,6.93,120.0,123.4,300,0,CNU-01,v2.4,2,52.6,RUN,NONE
2023-10-26 13:02:01,P-Usine_B-000300,11841,2144.0,3.19,54.7,40.2,0.608,14.73,6.93,120.0,123.4,300,0,CNU-01,v2.4,2,52.6,RUN,NONE
2023-10-26 13:08:05,P-Usine_B-000301,12210,2041.0,2.83,45.4,30.1,0.488,10.43,5.14,120.0,122.1,301,0,CNU-02,v2.4,4,52.7,RUN,NONE
2023-10-26 13:05:20,P-Usine_B-000302,11682,1909.0,3.05,41.8,41.8,0.618,11.48,7.76,120.0,122.0,302,0,CNU-01,v2.4,2,53.3,RUN,NONE
2023-10-26 13:08:55,P-Usine_B-000303,12051,2089.0,3.14,46.0,39.8,0.493,13.84,5.82,120.0,120.1,303,0,CNU-02,v2.4,3,55.7,RUN,NONE
2023-10-26 13:10:01,P-Usine_B-000304,,2011.0,2.81,47.2,38.6,0.645,12.13,5.51,120.0,122.2,304,0,CNU-01,v2.4,4,56.1,RUN,NONE
2023-10-26 13:10:48,P-Usine_B-000305,12243,1889.0,2.9,42.1,44.7,0.666,12.03,5.99,120.0,122.6,305,0,CNU-02,v2.4,5,55.1,RUN,NONE
2023-10-26 13:04:55,P-Usine_B-000306,12086,2018.0,2.82,41.3,41.3,0.496,10.24,6.03,120.0,123.0,306,0,CNU-01,v2.4,1,56.9,RUN,NONE
2023-10-26 13:13:16,P-Usine_B-000307,12115,1856.0,2.96,45.2,33.4,0.622,10.26,7.86,120.0,120.0,307,0,CNU-02,v2.4,2,58.3,RUN,NONE
2023-10-26 13:15:57,P-Usine_B-000308,11770,2046.0,2.98,54.3,30.2,0.382,11.24,7.63,120.0,121.9,308,0,CNU-01,v2.4,1,54.3,RUN,NONE
2023-10-26 13:12:36,P-Usine_B-000309,11587,2082.0,3.19,42.4,43.4,0.608,14.51,5.43,120.0,122.6,309,0,CNU-02,v2.4,5,55.2,RUN,NONE
2023-10-26 13:10:27,P-Usine_B-000310,12049,1985.0,3.02,44.7,43.5,0.697,14.89,7.93,120.0,126.6,310,0,CNU-01,v2.4,4,59.9,RUN,NONE
2023-10-26 13:13:36,P-Usine_B-000311,12224,1859.0,3.0,42.3,36.8,0.384,10.21,6.89,120.0,121.4,311,0,CNU-02,v2.4,1,58.8,RUN,NONE
2023-10-26 13:14:05,P-Usine_B-000312,11864,2156.0,2.89,53.3,38.0,0.289,11.81,5.28,120.0,122.2,312,0,CNU-01,v2.4,5,58.7,RUN,NONE
2023-10-26 13:13:48,P-Usine_B-000313,11955,2060.0,2.9,40.3,34.3,0.442,14.58,5.88,120.0,124.7,313,0,CNU-02,v2.4,1,61.5,RUN,NONE
2023-10-26 13:16:51,P-Usine_B-000314,12272,1842.0,2.82,51.7,32.4,0.725,11.89,6.64,120.0,122.9,314,0,CNU-01,v2.4,5,60.5,RUN,NONE
2023-10-26 13:22:33,P-Usine_B-000315,12279,2012.0,3.13,46.2,42.5,0.647,11.54,5.17,120.0,123.6,315,0,CNU-02,v2.4,2,62.2,RUN,NONE
2023-10-26 13:18:11,P-Usine_B-000316,12095,2135.0,2.97,40.5,42.7,0.455,14.11,6.05,120.0,120.3,316,0,CNU-01,v2.4,4,62.3,RUN,NONE
2023-10-26 13:17:31,P-Usine_B-000317,11674,2080.0,2.85,43.6,38.0,0.384,11.57,6.85,120.0,120.3,317,0,CNU-02,v2.4,4,61.7,RUN,NONE
2023-10-26 13:19:07,P-Usine_B-000318,12008,2048.0,3.18,54.4,43.3,0.473,12.55,5.59,120.0,121.6,318,0,CNU-01,v2.4,2,63.7,RUN,NONE
2023-10-26 13:25:49,P-Usine_B-000319,12295,2068.0,3.11,40.7,34.6,0.669,14.54,7.48,120.0,122.6,319,0,CNU-02,v2.4,1,61.0,RUN,NONE
2023-10-26 13:27:32,P-Usine_B-000320,11620,2067.0,3.14,48.2,38.8,0.425,14.36,5.6,120.0,120.4,320,0,CNU-01,v2.4,2,61.9,RUN,NONE
2023-10-26 13:20:37,P-Usine_B-000321,12391,1961.0,3.08,50.6,36.6,0.431,10.68,7.7,120.0,119.9,321,0,CNU-02,v2.4,1,61.9,RUN,NONE
2023-10-26 13:25:20,P-Usine_B-000322,12071,2067.0,3.13,48.9,44.0,0.368,13.37,6.68,120.0,122.6,322,0,CNU-01,v2.4,1,63.2,RUN,NONE
2023-10-26 13:27:32,P-Usine_B-000323,11948,1899.0,2.91,41.6,30.9,0.366,10.41,7.58,120.0,124.4,323,0,CNU-02,v2.4,2,63.0,RUN,NONE
2023-10-26 13:24:13,P-Usine_B-000324,11604,1957.0,2.97,45.8,43.6,0.449,12.15,7.78,120.0,124.5,324,0,CNU-01,v2.4,4,63.5,RUN,NONE
2023-10-26 13:26:50,P-Usine_B-000325,11991,2192.0,2.92,51.4,31.1,0.469,14.57,6.31,120.0,122.4,325,0,CNU-02,v2.4,3,65.4,RUN,NONE
2023-10-26 13:33:03,P-Usine_B-000326,11530,1848.0,2.91,47.2,32.2,0.469,10.21,7.77,120.0,120.9,326,0,CNU-01,v2.4,1,64.4,RUN,NONE
2023-10-26 13:26:07,P-Usine_B-000327,12014,1868.0,3.13,46.6,39.1,0.428,12.98,7.42,120.0,122.5,327,0,CNU-02,v2.4,1,63.6,RUN,NONE
2023-10-26 13:30:21,P-Usine_B-000328,12134,2000.0,3.04,53.5,40.9,0.374,12.19,5.77,120.0,122.1,328,0,CNU-01,v2.4,2,64.4,RUN,NONE
2023-10-26 13:33:32,P-Usine_B-000329,11887,1815.0,,40.5,31.6,0.576,10.11,6.85,120.0,124.3,329,0,CNU-02,v2.4,4,68.7,RUN,NONE
2023-10-26 13:35:26,P-Usine_B-000330,12193,1992.0,3.1,53.0,36.0,0.409,10.41,5.52,120.0,120.2,330,0,CNU-01,v2.4,2,65.1,RUN,NONE
2023-10-26 13:35:58,P-Usine_B-000331,12185,2188.0,3.04,47.0,40.5,0.443,13.38,5.23,120.0,119.0,331,0,CNU-02,v2.4,4,66.8,RUN,NONE
2023-10-26 13:36:50,P-Usine_B-000332,11605,1853.0,2.96,45.0,36.1,0.375,14.01,7.25,120.0,120.6,332,0,CNU-01,v2.4,5,70.0,RUN,NONE
2023-10-26 13:32:58,P-Usine_B-000333,12144,1897.0,2.86,54.0,44.6,0.491,11.93,6.87,120.0,124.2,333,0,CNU-02,v2.4,4,68.4,RUN,NONE
2023-10-26 13:37:14,P-Usine_B-000334,11953,1996.0,3.12,54.5,44.8,0.505,13.64,5.7,120.0,118.0,334,0,CNU-01,v2.4,2,69.3,RUN,NONE
2023-10-26 13:32:59,P-Usine_B-000335,12219,2051.0,2.91,51.7,,0.565,13.34,5.58,120.0,118.8,335,0,CNU-02,v2.4,5,68.8,RUN,NONE
2023-10-26 13:37:15,P-Usine_B-000336,12690,1979.0,2.94,49.7,38.3,0.418,13.1,5.61,120.0,122.0,336,0,CNU-01,v2.4,5,70.4,RUN,NONE
2023-10-26 13:42:44,P-Usine_B-000337,11447,1896.0,3.15,52.6,43.6,0.285,12.05,5.55,120.0,121.7,337,0,CNU-02,v2.4,5,72.6,RUN,NONE
2023-10-26 13:40:12,P-Usine_B-000338,12179,1827.0,2.99,46.1,32.0,0.583,13.82,5.82,120.0,121.6,338,0,CNU-01,v2.4,1,72.7,RUN,NONE
2023-10-26 13:39:15,P-Usine_B-000339,11779,1968.0,2.86,53.6,38.6,0.589,11.31,5.86,120.0,121.6,339,0,CNU-02,v2.4,4,70.0,RUN,NONE
2023-10-26 13:43:28,P-Usine_B-000340,12664,2011.0,3.04,49.6,37.6,0.566,14.8,7.11,120.0,121.4,340,0,CNU-01,v2.4,5,72.4,RUN,NONE
2023-10-26 13:41:02,P-Usine_B-000341,11950,1949.0,2.97,999.9,40.5,0.502,11.88,6.8,120.0,121.8,341,0,CNU-02,v2.4,4,75.3,RUN,NONE
2023-10-26 13:49:51,P-Usine_B-000342,11896,2161.0,2.93,42.1,31.7,0.508,12.19,7.99,120.0,127.8,342,0,CNU-01,v2.4,4,74.7,RUN,NONE
2023-10-26 13:49:14,P-Usine_B-000343,11965,1805.0,2.99,45.3,42.7,0.449,13.2,7.77,999.9,117.2,343,0,CNU-02,v2.4,1,71.9,RUN,NONE
2023-10-26 13:47:40,P-Usine_B-000344,12113,2068.0,3.09,53.7,32.0,0.663,12.46,5.74,120.0,123.1,344,999.9,CNU-01,v2.4,4,76.0,RUN,NONE
2023-10-26 13:43:12,P-Usine_B-000345,11838,2049.0,3.02,44.1,42.1,0.515,13.97,7.75,120.0,127.0,345,0,CNU-02,v2.4,5,74.3,RUN,NONE
2023-10-26 13:45:19,P-Usine_B-000346,12166,1973.0,3.0,49.3,30.4,0.363,11.6,7.79,120.0,119.3,346,0,CNU-01,v2.4,4,75.9,RUN,NONE
2023-10-26 13:50:32,P-Usine_B-000347,12157,2149.0,2.93,52.7,34.5,0.692,13.03,7.51,120.0,121.1,347,0,CNU-02,v2.4,4,76.9,RUN,NONE
2023-10-26 13:51:18,P-Usine_B-000348,12710,1865.0,2.93,48.6,31.3,0.604,11.75,7.52,120.0,120.4,348,0,CNU-01,v2.4,5,77.8,RUN,NONE
2023-10-26 13:48:42,P-Usine_B-000349,11977,2002.0,2.85,54.4,44.3,0.475,13.42,5.35,120.0,121.7,349,0,CNU-02,v2.4,1,78.5,RUN,NONE
2023-10-26 13:57:45,P-Usine_B-000350,12395,2085.0,3.17,54.0,33.1,0.288,10.59,6.43,120.0,120.2,350,0,CNU-01,v2.4,1,79.5,RUN,NONE
2023-10-26 13:52:26,P-Usine_B-000351,11766,1975.0,2.89,55.0,33.6,0.516,14.46,6.0,120.0,121.2,351,0,CNU-02,v2.4,1,76.2,RUN,NONE
2023-10-26 13:55:35,P-Usine_B-000352,12038,1873.0,2.9,53.3,32.3,0.421,11.8,5.86,120.0,119.4,352,0,CNU-01,v2.4,1,77.4,RUN,NONE
2023-10-26 13:56:44,P-Usine_B-000353,12066,2078.0,3.14,43.9,43.0,0.435,13.85,5.68,120.0,122.9,353,0,CNU-02,v2.4,3,77.6,RUN,NONE
2023-10-26 13:52:49,P-Usine_B-000354,12011,1880.0,3.04,41.7,36.5,0.489,12.08,7.97,120.0,117.6,354,0,CNU-01,v2.4,1,77.7,RUN,NONE
2023-10-26 13:54:36,P-Usine_B-000355,12006,1904.0,2.96,42.0,39.5,0.551,14.57,6.05,120.0,120.8,355,0,CNU-02,v2.4,3,80.2,RUN,NONE
2023-10-26 13:58:56,P-Usine_B-000356,11714,2130.0,2.93,47.7,33.4,0.397,11.65,5.45,120.0,122.2,356,0,CNU-01,v2.4,2,79.9,RUN,NONE
2023-10-26 14:04:18,P-Usine_B-000357,11804,1897.0,2.87,48.0,32.6,0.517,11.36,7.78,120.0,120.9,357,0,CNU-02,v2.4,5,80.0,RUN,NONE
2023-10-26 14:06:01,P-Usine_B-000358,12265,1830.0,2.93,51.1,41.9,0.362,11.71,7.33,120.0,120.0,358,0,CNU-01,v2.4,1,83.0,RUN,NONE
2023-10-26 14:01:53,P-Usine_B-000359,12071,1883.0,3.07,46.3,42.8,0.587,10.19,7.01,120.0,123.9,359,0,CNU-02,v2.4,2,81.5,RUN,NONE
,P-Usine_B-000360,11916,1858.0,2.86,42.7,38.3,0.549,11.55,5.94,120.0,120.9,360,0,CNU-01,v2.4,2,82.2,RUN,NONE
2023-10-26 14:00:18,P-Usine_B-000361,12137,1806.0,3.16,52.3,37.1,0.379,11.5,6.32,120.0,119.8,361,0,CNU-02,v2.4,2,84.1,RUN,NONE
2023-10-26 14:07:03,P-Usine_B-000362,12168,1973.0,2.85,51.3,40.5,0.604,10.71,5.81,120.0,121.9,362,0,CNU-01,v2.4,3,84.2,RUN,NONE
2023-10-26 14:10:53,P-Usine_B-000363,11951,2122.0,3.03,49.2,40.8,0.66,12.03,5.98,120.0,122.0,363,0,CNU-02,v2.4,3,84.0,RUN,NONE
2023-10-26 14:04:17,P-Usine_B-000364,12059,2118.0,2.86,52.9,38.0,0.664,13.75,7.71,120.0,123.5,364,0,CNU-01,v2.4,1,82.9,RUN,NONE
2023-10-26 14:06:20,P-Usine_B-000365,12122,2093.0,2.96,40.1,41.0,0.404,11.38,6.08,120.0,124.3,365,0,CNU-02,v2.4,1,83.5,RUN,NONE
2023-10-26 14:08:43,P-Usine_B-000366,11606,1823.0,3.06,41.1,42.0,0.572,10.1,6.02,120.0,119.9,366,0,CNU-01,v2.4,1,84.0,RUN,NONE
2023-10-26 14:09:19,P-Usine_B-000367,12024,2166.0,2.95,41.7,40.5,0.433,11.8,5.9,120.0,123.7,367,999.9,CNU-02,v2.4,5,87.4,RUN,NONE
2023-10-26 14:14:19,P-Usine_B-000368,11962,2142.0,2.87,41.2,31.6,0.455,999.9,7.12,120.0,123.7,368,0,CNU-01,v2.4,5,86.3,RUN,NONE
2023-10-26 14:16:50,P-Usine_B-000369,12085,1858.0,3.12,41.2,30.4,0.405,12.86,7.19,999.9,120.3,369,0,CNU-02,v2.4,1,86.7,RUN,NONE
2023-10-26 14:09:11,P-Usine_B-000370,11756,1925.0,2.89,53.9,32.5,0.574,12.71,6.28,120.0,122.1,370,0,CNU-01,v2.4,3,88.0,RUN,NONE
2023-10-26 14:10:24,P-Usine_B-000371,12016,2118.0,3.16,40.5,37.4,0.255,10.32,6.83,120.0,122.3,371,0,CNU-02,v2.4,2,85.8,RUN,NONE
2023-10-26 14:19:36,P-Usine_B-000372,12310,1833.0,2.91,45.1,43.7,0.333,14.52,5.29,120.0,120.7,372,0,CNU-01,v2.4,1,90.6,RUN,NONE
2023-10-26 14:13:40,P-Usine_B-000373,12068,1993.0,3.15,48.0,36.0,0.521,13.6,5.99,120.0,122.4,373,0,CNU-02,v2.4,2,91.1,RUN,NONE
2023-10-26 14:15:45,P-Usine_B-000374,12148,1889.0,3.06,47.3,44.6,0.606,13.42,5.16,120.0,121.9,374,0,CNU-01,v2.4,5,91.8,RUN,NONE
2023-10-26 14:13:52,P-Usine_B-000375,12115,2107.0,2.99,50.2,42.0,0.572,13.5,6.62,120.0,125.1,375,0,CNU-02,v2.4,4,88.8,RUN,NONE
2023-10-26 14:15:55,P-Usine_B-000376,12099,2176.0,3.15,54.9,37.4,0.614,14.64,7.44,120.0,124.7,376,0,CNU-01,v2.4,5,90.6,RUN,NONE
2023-10-26 14:18:46,P-Usine_B-000377,12006,2141.0,3.08,43.3,34.8,0.669,14.67,5.88,120.0,120.0,377,0,CNU-02,v2.4,3,91.2,RUN,NONE
2023-10-26 14:25:52,P-Usine_B-000378,11942,2000.0,3.19,51.5,44.3,0.331,12.13,7.57,120.0,119.2,378,0,CNU-01,v2.4,4,89.3,RUN,NONE
2023-10-26 14:18:11,P-Usine_B-000379,12433,1963.0,2.99,43.4,31.2,0.501,11.43,7.53,120.0,120.0,379,0,CNU-02,v2.4,4,93.7,RUN,NONE
2023-10-26 14:23:02,P-Usine_B-000380,12023,1871.0,2.85,40.0,41.3,0.585,10.41,6.61,120.0,121.5,380,0,CNU-01,v2.4,2,94.5,RUN,NONE
2023-10-26 14:20:31,P-Usine_B-000381,11972,2044.0,2.92,40.9,37.5,0.476,11.64,5.4,120.0,124.0,381,0,CNU-02,v2.4,4,90.7,RUN,NONE
2023-10-26 14:23:32,P-Usine_B-000382,12196,1956.0,2.98,42.8,33.1,0.567,12.52,5.89,120.0,119.5,382,0,CNU-01,v2.4,1,91.4,RUN,NONE
2023-10-26 14:25:00,P-Usine_B-000383,12195,1990.0,3.13,43.5,32.1,0.549,14.77,7.56,120.0,122.4,383,0,CNU-02,v2.4,2,94.3,RUN,NONE
2023-10-26 14:26:51,P-Usine_B-000384,11823,2064.0,2.96,54.6,40.1,0.372,14.94,5.57,120.0,122.5,384,0,CNU-01,v2.4,4,93.0,RUN,NONE
2023-10-26 14:27:25,P-Usine_B-000385,11868,2193.0,2.91,47.1,42.6,0.56,11.75,5.58,120.0,122.4,385,0,CNU-02,v2.4,4,94.7,RUN,NONE
2023-10-26 14:24:51,P-Usine_B-000386,11961,1922.0,3.07,46.8,43.9,0.564,13.14,6.3,120.0,121.9,386,0,CNU-01,v2.4,2,93.2,RUN,NONE
2023-10-26 14:31:54,P-Usine_B-000387,12153,2173.0,2.96,42.3,35.8,0.497,10.46,7.16,120.0,123.1,387,0,CNU-02,v2.4,2,97.7,RUN,NONE
2023-10-26 14:36:10,P-Usine_B-000388,12010,1957.0,2.93,50.8,34.1,0.464,13.16,5.14,120.0,120.4,388,0,CNU-01,v2.4,4,96.2,RUN,NONE
2023-10-26 14:32:09,P-Usine_B-000389,12194,1992.0,3.2,49.0,43.3,0.402,12.88,5.88,120.0,126.2,389,0,CNU-02,v2.4,4,99.2,RUN,NONE
2023-10-26 14:32:16,P-Usine_B-000390,11689,2153.0,2.95,44.6,40.5,0.678,11.82,7.43,120.0,123.2,390,0,CNU-01,v2.4,2,96.5,RUN,NONE
2023-10-26 14:29:52,P-Usine_B-000391,12281,1935.0,2.92,50.7,30.8,0.47,11.4,5.59,120.0,121.5,391,0,CNU-02,v2.4,5,99.2,RUN,NONE
2023-10-26 14:33:22,P-Usine_B-000392,12136,2131.0,3.15,47.6,39.2,0.432,11.52,7.34,120.0,122.4,392,0,CNU-01,v2.4,2,96.7,RUN,NONE
2023-10-26 14:40:38,P-Usine_B-000393,11937,2179.0,3.17,49.5,34.9,0.461,10.97,5.24,120.0,124.1,393,0,CNU-02,v2.4,4,99.4,RUN,NONE
2023-10-26 14:37:08,P-Usine_B-000394,11596,2115.0,3.08,41.6,42.3,0.399,12.96,7.23,120.0,121.6,394,0,CNU-01,v2.4,1,100,RUN,NONE
2023-10-26 14:33:49,P-Usine_B-000395,999.9,2052.0,2.91,54.3,41.4,0.368,12.96,8.0,120.0,119.4,395,0,CNU-02,v2.4,5,98.3,RUN,NONE
2023-10-26 14:42:59,P-Usine_B-000396,12177,2158.0,2.85,40.8,41.3,0.51,13.55,7.87,120.0,123.2,396,0,CNU-01,v2.4,1,100,RUN,NONE
2023-10-26 14:38:30,P-Usine_B-000397,11924,2126.0,3.17,41.8,37.9,0.637,12.42,7.61,120.0,122.8,397,0,CNU-02,v2.4,5,100,RUN,NONE
2023-10-26 14:37:43,P-Usine_B-000398,12201,2104.0,3.11,45.1,33.5,0.586,14.86,6.87,120.0,119.9,398,0,CNU-01,v2.4,1,100,RUN,NONE
2023-10-26 14:42:40,P-Usine_B-000399,12128,2047.0,2.91,51.6,38.5,0.565,12.26,6.14,120.0,123.3,399,0,CNU-02,v2.4,5,100,RUN,NONE
2023-10-26 14:47:49,P-Usine_B-000400,11999,2030.0,2.85,40.5,44.8,0.51,11.81,5.23,120.0,125.4,400,0,CNU-01,v2.4,2,3.0,RUN,NONE
2023-10-26 14:45:11,P-Usine_B-000401,12084,2080.0,2.93,47.0,32.8,0.651,12.85,5.16,120.0,124.8,401,0,CNU-02,v2.4,3,2.3,RUN,NONE
2023-10-26 14:43:49,P-Usine_B-000402,11990,1955.0,2.88,46.7,42.3,0.423,12.65,7.65,120.0,122.1,402,0,CNU-01,v2.4,1,4.6,RUN,NONE
2023-10-26 14:43:49,P-Usine_B-000402,11990,1955.0,2.88,46.7,42.3,0.423,12.65,7.65,120.0,122.1,402,0,CNU-01,v2.4,1,4.6,RUN,NONE
2023-10-26 14:44:04,P-Usine_B-000403,11941,2024.0,2.84,50.1,43.0,0.507,11.38,7.74,120.0,119.0,403,0,CNU-02,v2.4,1,6.0,RUN,NONE
2023-10-26 14:49:03,P-Usine_B-000404,11758,1989.0,2.88,42.0,31.5,0.37,12.05,6.32,120.0,122.7,404,0,CNU-01,v2.4,5,3.9,RUN,NONE
2023-10-26 14:49:02,P-Usine_B-000405,12098,1988.0,3.16,52.1,32.5,0.458,12.01,6.17,120.0,122.2,405,0,CNU-02,v2.4,4,6.1,RUN,NONE
2023-10-26 14:54:01,P-Usine_B-000406,12232,1815.0,2.84,52.5,36.1,0.526,14.99,5.54,120.0,123.5,406,0,CNU-01,v2.4,5,5.5,RUN,NONE
2023-10-26 14:54:01,P-Usine_B-000406,12232,1815.0,2.84,52.5,36.1,0.526,14.99,5.54,120.0,123.5,406,0,CNU-01,v2.4,5,5.5,RUN,NONE
2023-10-26 14:49:19,P-Usine_B-000407,12058,2063.0,2.83,43.8,32.6,0.377,10.96,7.26,120.0,119.0,407,0,CNU-02,v2.4,4,7.3,RUN,NONE
2023-10-26 14:49:19,P-Usine_B-000407,12058,2063.0,2.83,43.8,32.6,0.377,10.96,7.26,120.0,119.0,407,0,CNU-02,v2.4,4,7.3,RUN,NONE
2023-10-26 14:53:03,P-Usine_B-000408,12099,2052.0,2.81,54.1,44.8,0.466,13.67,6.9,120.0,123.0,408,0,CNU-01,v2.4,4,7.5,RUN,NONE
2023-10-26 14:53:03,P-Usine_B-000408,12099,2052.0,2.81,54.1,44.8,0.466,13.67,6.9,120.0,123.0,408,0,CNU-01,v2.4,4,7.5,RUN,NONE
2023-10-26 14:48:25,P-Usine_B-000409,12367,1956.0,3.0,44.6,33.8,0.565,11.19,7.66,120.0,121.0,409,0,CNU-02,v2.4,5,7.6,RUN,NONE
2023-10-26 14:48:25,P-Usine_B-000409,12367,1956.0,3.0,44.6,33.8,0.565,11.19,7.66,120.0,121.0,409,0,CNU-02,v2.4,5,7.6,RUN,NONE
2023-10-26 14:51:48,P-Usine_B-000410,11960,1812.0,3.01,41.4,35.0,0.534,13.16,7.03,120.0,127.2,410,0,CNU-01,v2.4,1,8.1,RUN,NONE
2023-10-26 14:59:24,P-Usine_B-000411,12166,1837.0,2.99,49.9,40.3,0.386,14.45,7.29,120.0,125.1,411,0,CNU-02,v2.4,3,6.6,RUN,NONE
2023-10-26 14:51:18,P-Usine_B-000412,12147,1854.0,3.09,49.2,44.5,0.524,12.77,6.13,120.0,120.8,412,0,CNU-01,v2.4,4,6.8,RUN,NONE
2023-10-26 14:52:32,P-Usine_B-000413,12286,2187.0,2.95,46.7,39.0,0.498,11.82,6.93,120.0,125.3,413,0,CNU-02,v2.4,1,8.4,RUN,NONE
2023-10-26 15:01:29,P-Usine_B-000414,11818,2194.0,3.04,41.4,37.3,0.77,13.69,5.31,120.0,121.1,414,0,CNU-01,v2.4,1,8.7,RUN,NONE
2023-10-26 14:57:30,P-Usine_B-000415,12212,2049.0,3.04,46.6,39.4,0.459,14.48,7.13,120.0,120.2,415,0,CNU-02,v2.4,3,999.9,RUN,NONE
2023-10-26 15:00:10,P-Usine_B-000416,11777,1904.0,2.94,46.0,33.1,0.366,12.63,6.32,120.0,124.3,416,0,CNU-01,v2.4,3,9.4,RUN,NONE
2023-10-26 14:57:58,P-Usine_B-000417,11838,1997.0,,40.2,30.4,0.535,12.61,5.1,120.0,123.4,417,0,CNU-02,v2.4,5,11.3,RUN,NONE
2023-10-26 15:03:30,P-Usine_B-000418,11974,2174.0,3.11,47.6,33.5,0.503,11.98,6.27,120.0,124.3,418,0,CNU-01,v2.4,5,11.8,RUN,NONE
2023-10-26 15:00:40,P-Usine_B-000419,12269,2038.0,2.95,42.0,33.5,0.565,10.31,6.41,120.0,122.1,419,0,CNU-02,v2.4,1,9.5,RUN,NONE
2023-10-26 15:00:40,P-Usine_B-000419,12269,2038.0,2.95,42.0,33.5,0.565,10.31,6.41,120.0,122.1,419,0,CNU-02,v2.4,1,9.5,RUN,NONE
2023-10-26 15:08:12,P-Usine_B-000420,12153,2118.0,2.86,54.9,33.8,0.286,12.17,6.74,120.0,125.1,420,0,CNU-01,v2.4,5,11.3,RUN,NONE
2023-10-26 15:04:03,P-Usine_B-000421,12055,2073.0,2.98,44.0,36.8,0.426,13.02,6.96,120.0,121.2,421,0,CNU-02,v2.4,5,15.4,RUN,NONE
2023-10-26 15:06:30,P-Usine_B-000422,11612,2132.0,3.2,40.8,39.5,0.783,14.61,7.04,120.0,118.0,422,0,CNU-01,v2.4,3,13.3,RUN,NONE
2023-10-26 15:06:14,P-Usine_B-000423,11766,1859.0,2.88,54.4,39.8,0.356,13.19,7.12,120.0,123.2,423,0,CNU-02,v2.4,1,12.7,RUN,NONE
2023-10-26 15:04:29,P-Usine_B-000424,11936,2133.0,2.83,41.8,40.4,0.518,11.44,5.76,120.0,127.3,424,0,CNU-01,v2.4,3,15.0,RUN,NONE
2023-10-26 15:06:35,P-Usine_B-000425,11617,1887.0,2.91,51.9,38.4,0.449,10.55,5.81,120.0,122.3,425,0,CNU-02,v2.4,1,14.5,RUN,NONE
2023-10-26 15:12:43,P-Usine_B-000426,11796,2187.0,2.85,49.5,32.6,0.605,10.32,5.79,120.0,120.9,426,0,CNU-01,v2.4,5,16.8,RUN,NONE
2023-10-26 15:09:50,P-Usine_B-000427,12161,1991.0,2.8,47.1,44.0,0.54,12.6,5.16,120.0,123.6,427,0,CNU-02,v2.4,4,17.4,RUN,NONE
2023-10-26 15:10:40,P-Usine_B-000428,12213,2085.0,2.85,54.5,41.0,0.601,11.63,7.53,120.0,118.2,428,0,CNU-01,v2.4,3,18.7,RUN,NONE
2023-10-26 15:16:07,P-Usine_B-000429,12085,1978.0,2.85,50.4,34.8,0.553,10.06,6.99,120.0,121.9,429,0,CNU-02,v2.4,4,14.8,RUN,NONE
2023-10-26 15:10:12,P-Usine_B-000430,12116,2143.0,3.11,54.8,39.0,0.393,10.82,5.82,120.0,117.6,430,0,CNU-01,v2.4,1,17.4,RUN,NONE
2023-10-26 15:12:55,P-Usine_B-000431,11940,2014.0,3.03,46.1,36.0,0.491,10.49,6.91,120.0,127.4,431,0,CNU-02,v2.4,3,19.2,RUN,NONE
2023-10-26 15:20:29,P-Usine_B-000432,12199,2115.0,3.05,52.5,39.5,0.572,12.08,7.02,120.0,121.7,432,0,CNU-01,v2.4,4,20.4,RUN,NONE
2023-10-26 15:13:37,P-Usine_B-000433,12415,1917.0,3.13,49.9,43.6,0.585,10.1,7.13,120.0,122.1,433,0,CNU-02,v2.4,3,19.3,RUN,NONE
2023-10-26 15:14:41,P-Usine_B-000434,12009,1943.0,2.95,54.8,37.9,0.52,11.53,6.65,120.0,123.3,434,0,CNU-01,v2.4,5,17.9,RUN,NONE
2023-10-26 15:15:21,P-Usine_B-000435,12050,1976.0,2.82,46.2,43.1,0.442,11.96,5.09,120.0,121.2,435,0,CNU-02,v2.4,5,17.8,RUN,NONE
2023-10-26 15:15:47,P-Usine_B-000436,11890,1822.0,2.8,41.9,39.3,0.49,12.06,6.04,120.0,120.6,436,0,CNU-01,v2.4,1,21.8,RUN,NONE
2023-10-26 15:23:59,P-Usine_B-000437,12204,1876.0,2.93,54.3,39.9,0.663,10.98,5.5,120.0,119.9,437,0,CNU-02,v2.4,3,21.9,RUN,NONE
2023-10-26 15:24:07,P-Usine_B-000438,11736,2131.0,3.08,44.0,44.2,0.628,10.06,6.58,120.0,118.6,438,0,CNU-01,v2.4,3,20.9,RUN,NONE
2023-10-26 15:18:15,P-Usine_B-000439,11730,2120.0,3.19,43.8,35.5,0.591,10.48,7.41,120.0,121.2,439,0,CNU-02,v2.4,5,21.1,RUN,NONE
2023-10-26 15:28:27,P-Usine_B-000440,12446,1828.0,2.8,49.0,34.2,0.434,11.23,6.81,120.0,123.2,440,0,CNU-01,v2.4,5,24.5,RUN,NONE
2023-10-26 15:29:05,P-Usine_B-000441,12073,2200.0,2.91,41.4,38.5,0.509,12.82,5.99,120.0,125.4,441,0,CNU-02,v2.4,5,23.3,RUN,NONE
2023-10-26 15:27:38,P-Usine_B-000442,11894,1925.0,2.93,44.8,30.8,0.454,11.69,5.85,120.0,124.1,442,0,CNU-01,v2.4,5,21.5,RUN,NONE
2023-10-26 15:29:18,P-Usine_B-000443,11785,1994.0,3.15,54.6,37.0,0.476,13.67,5.63,120.0,121.5,443,0,CNU-02,v2.4,4,22.2,RUN,NONE
2023-10-26 15:32:07,P-Usine_B-000444,11855,1914.0,2.88,51.6,33.0,0.432,11.66,7.81,120.0,120.9,444,0,CNU-01,v2.4,3,22.8,RUN,NONE
2023-10-26 15:33:17,P-Usine_B-000445,12258,2085.0,3.02,40.7,41.5,0.338,10.22,7.27,120.0,120.3,445,0,CNU-02,v2.4,2,24.7,RUN,NONE
2023-10-26 15:29:48,P-Usine_B-000446,12178,1891.0,3.14,46.7,37.5,0.586,12.4,5.87,120.0,124.4,446,0,CNU-01,v2.4,5,24.6,RUN,NONE
2023-10-26 15:29:48,P-Usine_B-000446,12178,1891.0,3.14,46.7,37.5,0.586,12.4,5.87,120.0,124.4,446,0,CNU-01,v2.4,5,24.6,RUN,NONE
2023-10-26 15:32:40,P-Usine_B-000447,12194,2146.0,3.04,52.6,39.4,0.416,10.91,5.82,120.0,125.0,447,0,CNU-02,v2.4,4,26.3,RUN,NONE
2023-10-26 15:28:38,P-Usine_B-000448,11946,,2.8,52.0,31.1,0.49,11.48,7.27,120.0,122.8,448,0,CNU-01,v2.4,5,24.4,RUN,NONE
2023-10-26 15:33:00,P-Usine_B-000449,11991,2158.0,3.15,53.3,42.2,0.423,13.35,6.32,120.0,120.1,449,0,CNU-02,v2.4,3,26.8,RUN,NONE
2023-10-26 15:36:48,P-Usine_B-000450,12249,1936.0,3.0,49.0,31.4,0.551,12.04,5.75,120.0,120.4,450,0,CNU-01,v2.4,3,27.0,RUN,NONE
2023-10-26 15:30:31,P-Usine_B-000451,12089,1938.0,3.15,53.2,38.1,0.439,13.87,5.88,120.0,124.1,451,0,CNU-02,v2.4,4,27.7,RUN,NONE
2023-10-26 15:38:48,P-Usine_B-000452,11714,1870.0,3.17,49.8,38.0,0.488,11.17,5.47,120.0,121.6,452,0,CNU-01,v2.4,2,27.2,RUN,NONE
2023-10-26 15:38:50,P-Usine_B-000453,12183,1993.0,3.08,45.1,42.5,0.431,14.99,5.92,120.0,123.5,453,0,CNU-02,999.9,4,29.8,RUN,NONE
,P-Usine_B-000454,12165,1972.0,3.0,43.7,37.5,0.493,12.24,6.83,120.0,124.3,454,0,CNU-01,v2.4,1,28.3,RUN,NONE
2023-10-26 15:35:06,P-Usine_B-000455,12252,2072.0,2.97,44.7,40.9,0.546,14.8,6.17,120.0,122.8,455,0,CNU-02,v2.4,2,29.9,RUN,NONE
2023-10-26 15:44:09,P-Usine_B-000456,11829,2113.0,3.18,53.7,31.7,0.541,14.16,5.76,120.0,124.3,456,0,CNU-01,v2.4,3,28.0,RUN,NONE
2023-10-26 15:38:13,P-Usine_B-000457,12146,1820.0,3.19,40.3,40.1,0.395,10.67,5.42,120.0,126.3,457,0,CNU-02,v2.4,5,31.0,RUN,NONE
2023-10-26 15:40:08,P-Usine_B-000458,11735,1819.0,2.94,54.6,42.2,0.566,11.54,5.68,120.0,120.1,458,0,CNU-01,v2.4,5,33.4,RUN,NONE
2023-10-26 15:38:28,P-Usine_B-000459,12089,1930.0,2.86,47.0,43.2,0.46,10.47,6.9,120.0,126.0,459,0,CNU-02,v2.4,4,32.5,RUN,NONE
2023-10-26 15:45:47,P-Usine_B-000460,11784,1809.0,3.07,42.2,33.0,0.494,10.82,7.62,120.0,121.8,460,0,CNU-01,v2.4,5,33.9,RUN,NONE
2023-10-26 15:47:58,P-Usine_B-000461,12291,1958.0,2.95,47.4,35.1,0.536,10.94,7.98,120.0,120.0,461,0,CNU-02,v2.4,4,32.8,RUN,NONE
2023-10-26 15:47:12,P-Usine_B-000462,12082,2042.0,2.99,52.9,30.7,0.503,13.33,5.05,120.0,123.7,462,0,CNU-01,v2.4,4,35.4,RUN,NONE
2023-10-26 15:48:25,P-Usine_B-000463,12153,2046.0,3.03,51.9,37.5,0.463,11.53,5.6,120.0,120.5,463,0,CNU-02,v2.4,1,35.7,RUN,NONE
2023-10-26 15:49:13,P-Usine_B-000464,11944,1914.0,3.12,42.1,39.4,0.447,10.01,5.87,120.0,119.9,464,0,CNU-01,v2.4,1,35.3,RUN,NONE
2023-10-26 15:50:55,P-Usine_B-000465,12226,2025.0,2.98,43.6,36.3,0.486,14.79,5.31,120.0,124.5,465,0,CNU-02,v2.4,1,36.3,RUN,NONE
2023-10-26 15:52:35,P-Usine_B-000466,12109,2171.0,2.97,,42.3,0.639,10.36,7.51,120.0,124.7,466,0,CNU-01,v2.4,3,36.5,RUN,NONE
2023-10-26 15:49:58,P-Usine_B-000467,12145,1838.0,2.83,52.5,40.5,0.486,11.41,6.81,120.0,119.1,467,0,CNU-02,v2.4,5,38.4,RUN,NONE
2023-10-26 15:49:28,P-Usine_B-000468,11659,1940.0,3.15,54.3,42.0,0.543,11.51,5.9,120.0,121.8,468,0,CNU-01,v2.4,1,37.2,RUN,NONE
2023-10-26 15:50:33,P-Usine_B-000469,11880,1951.0,2.87,44.6,32.1,0.57,14.09,7.85,120.0,119.9,469,0,CNU-02,v2.4,1,35.4,RUN,NONE
2023-10-26 15:55:09,P-Usine_B-000470,12010,2082.0,2.87,46.7,36.6,0.57,12.04,6.69,120.0,121.1,470,0,CNU-01,v2.4,4,35.6,RUN,NONE
2023-10-26 15:51:05,P-Usine_B-000471,12322,2179.0,2.85,50.9,41.1,0.477,12.9,5.07,120.0,121.8,471,0,CNU-02,v2.4,3,36.6,RUN,NONE
2023-10-26 16:00:18,P-Usine_B-000472,11850,2199.0,3.05,41.9,43.8,0.546,10.6,5.58,120.0,120.5,472,0,CNU-01,v2.4,1,40.2,RUN,NONE
2023-10-26 16:02:14,P-Usine_B-000473,12030,2030.0,2.98,52.5,32.6,0.592,13.78,6.77,120.0,120.4,473,0,CNU-02,v2.4,3,40.9,RUN,NONE
2023-10-26 15:57:36,P-Usine_B-000474,12344,2105.0,3.04,41.8,44.4,0.634,11.87,6.52,120.0,121.7,474,0,CNU-01,v2.4,1,39.0,RUN,NONE
2023-10-26 15:59:40,P-Usine_B-000475,12234,1881.0,3.18,44.5,44.1,0.393,11.31,7.93,120.0,121.3,475,0,CNU-02,v2.4,5,39.0,RUN,NONE
2023-10-26 15:59:07,P-Usine_B-000476,11903,1819.0,3.16,50.7,33.4,0.415,10.35,6.4,120.0,122.9,476,0,CNU-01,v2.4,4,40.3,RUN,NONE
2023-10-26 16:02:12,P-Usine_B-000477,11951,1846.0,2.84,45.2,31.7,0.61,14.42,5.98,120.0,125.1,477,0,CNU-02,v2.4,4,43.4,RUN,NONE
2023-10-26 16:03:12,P-Usine_B-000478,12030,2031.0,3.13,42.0,41.2,0.616,14.39,7.85,120.0,120.7,478,0,CNU-01,v2.4,5,43.6,RUN,NONE
2023-10-26 16:07:02,P-Usine_B-000479,12115,1854.0,2.8,54.9,31.7,0.57,14.39,7.88,120.0,120.4,479,0,CNU-02,v2.4,2,43.9,RUN,NONE
2023-10-26 16:02:17,P-Usine_B-000480,12074,2074.0,3.05,43.8,35.1,0.615,10.65,6.8,120.0,122.2,480,0,CNU-01,v2.4,1,41.3,RUN,NONE
2023-10-26 16:06:59,P-Usine_B-000481,12290,2021.0,2.98,45.2,37.0,0.501,14.17,6.17,120.0,121.4,481,0,CNU-02,v2.4,5,42.5,RUN,NONE
2023-10-26 16:03:19,P-Usine_B-000482,12007,1934.0,2.93,41.2,32.9,0.506,14.63,6.01,120.0,124.0,482,0,CNU-01,v2.4,2,45.2,RUN,NONE
2023-10-26 16:03:04,P-Usine_B-000483,12090,1898.0,2.85,52.8,36.1,0.511,14.12,6.02,120.0,118.6,483,0,CNU-02,v2.4,5,44.0,RUN,NONE
2023-10-26 16:12:40,P-Usine_B-000484,12203,2178.0,3.15,51.2,41.7,0.337,11.14,6.46,120.0,120.5,484,0,CNU-01,v2.4,3,42.6,RUN,NONE
2023-10-26 16:11:25,P-Usine_B-000485,11910,2108.0,2.83,40.3,30.1,0.347,10.18,6.45,120.0,122.0,485,0,CNU-02,v2.4,5,45.2,RUN,NONE
2023-10-26 16:10:05,P-Usine_B-000486,11941,1972.0,3.03,44.1,39.3,0.468,14.45,7.15,120.0,118.9,486,0,CNU-01,v2.4,1,46.2,RUN,NONE
2023-10-26 16:11:58,P-Usine_B-000487,11842,2157.0,3.19,48.6,32.0,0.564,11.19,6.48,120.0,118.5,487,0,CNU-02,v2.4,3,47.1,RUN,NONE
2023-10-26 16:16:18,P-Usine_B-000488,12063,1958.0,3.03,999.9,38.7,0.667,11.08,6.85,120.0,120.7,488,0,CNU-01,v2.4,5,48.2,RUN,NONE
2023-10-26 16:12:48,P-Usine_B-000489,12090,2064.0,3.19,49.8,41.4,0.488,14.88,6.47,120.0,124.6,489,0,CNU-02,v2.4,2,47.7,RUN,NONE
2023-10-26 16:16:01,P-Usine_B-000490,12277,2149.0,2.99,41.8,39.9,0.61,13.34,7.12,120.0,118.4,490,0,CNU-01,v2.4,2,46.9,RUN,NONE
2023-10-26 16:11:31,P-Usine_B-000491,12190,2001.0,3.08,47.9,39.3,0.563,12.85,6.13,120.0,124.9,491,0,CNU-02,v2.4,4,46.8,RUN,NONE
2023-10-26 16:14:38,P-Usine_B-000492,12063,2030.0,2.92,51.5,40.2,0.491,14.22,5.2,120.0,117.3,492,0,CNU-01,v2.4,5,48.3,RUN,NONE
2023-10-26 16:19:01,P-Usine_B-000493,12026,2173.0,2.85,52.9,40.5,0.654,14.85,5.8,120.0,122.3,493,0,CNU-02,v2.4,4,48.4,RUN,NONE
2023-10-26 16:18:10,P-Usine_B-000494,11754,2035.0,3.05,49.3,44.6,0.388,14.21,6.89,120.0,121.2,494,0,CNU-01,v2.4,1,51.8,RUN,NONE
2023-10-26 16:16:56,P-Usine_B-000495,11937,2107.0,2.94,43.9,34.2,0.402,11.56,6.96,120.0,125.7,495,0,CNU-02,v2.4,5,47.6,RUN,NONE
2023-10-26 16:20:15,P-Usine_B-000496,11638,1986.0,2.81,48.8,34.4,0.59,14.97,7.47,120.0,121.6,496,0,CNU-01,v2.4,3,50.7,RUN,NONE
2023-10-26 16:17:47,P-Usine_B-000497,12071,2152.0,2.9,50.9,42.4,0.61,12.25,6.03,120.0,121.4,497,0,CNU-02,v2.4,5,52.6,RUN,NONE
2023-10-26 16:22:56,P-Usine_B-000498,12203,2126.0,2.98,40.0,33.8,0.483,11.84,7.05,120.0,122.3,498,0,CNU-01,v2.4,4,52.1,RUN,NONE
2023-10-26 16:21:19,P-Usine_B-000499,11795,1809.0,3.0,41.0,37.5,0.49,14.21,5.54,120.0,119.5,499,0,CNU-02,v2.4,3,51.6,RUN,NONE
2023-10-26 16:30:08,P-Usine_B-000500,12043,1838.0,2.81,52.6,33.1,0.392,12.84,7.7,120.0,121.6,500,0,CNU-01,v2.4,3,50.6,RUN,NONE
2023-10-26 16:27:48,P-Usine_B-000501,12009,2081.0,2.96,54.6,43.8,0.489,14.05,7.8,120.0,121.1,501,0,CNU-02,v2.4,2,54.9,RUN,NONE
2023-10-26 16:24:47,P-Usine_B-000502,12093,2066.0,3.0,40.8,42.2,0.491,14.5,5.27,120.0,120.7,502,0,CNU-01,v2.4,4,54.5,RUN,NONE
2023-10-26 16:28:21,P-Usine_B-000503,12041,2065.0,3.09,51.7,40.4,0.475,10.5,6.03,120.0,120.7,503,0,CNU-02,v2.4,4,51.7,RUN,NONE
2023-10-26 16:25:28,P-Usine_B-000504,11859,1981.0,2.8,44.2,42.6,0.656,10.53,7.94,120.0,121.7,504,0,CNU-01,v2.4,5,56.2,RUN,NONE
2023-10-26 16:33:59,P-Usine_B-000505,12205,1848.0,2.99,54.7,35.4,0.381,12.95,5.68,120.0,124.7,505,0,CNU-02,v2.4,5,57.0,RUN,NONE
2023-10-26 16:29:00,P-Usine_B-000506,12171,1954.0,2.84,52.1,34.3,0.538,12.87,7.15,120.0,122.6,,0,CNU-01,v2.4,5,55.4,RUN,NONE
2023-10-26 16:31:52,P-Usine_B-000507,11654,1956.0,3.2,50.0,40.1,0.505,11.12,7.07,120.0,121.5,507,0,CNU-02,v2.4,3,57.3,RUN,NONE
2023-10-26 16:36:13,P-Usine_B-000508,12248,2164.0,3.18,50.5,43.7,0.548,11.18,6.56,120.0,118.5,508,0,CNU-01,v2.4,2,58.5,RUN,NONE
2023-10-26 16:34:09,P-Usine_B-000509,11813,2115.0,2.85,53.5,31.6,0.53,14.68,7.38,120.0,123.6,509,0,CNU-02,v2.4,4,54.9,RUN,NONE
2023-10-26 16:31:32,P-Usine_B-000510,11702,1870.0,3.05,49.9,40.3,0.717,14.97,6.18,120.0,122.5,999.9,0,CNU-01,v2.4,3,57.1,RUN,NONE
2023-10-26 16:38:43,P-Usine_B-000511,12116,1876.0,2.84,46.1,37.6,0.363,10.51,6.41,120.0,122.4,511,0,CNU-02,v2.4,5,58.5,RUN,NONE
2023-10-26 16:40:35,P-Usine_B-000512,12008,1973.0,3.12,47.1,31.5,0.593,12.71,7.31,120.0,118.5,512,0,CNU-01,v2.4,2,58.1,RUN,NONE
2023-10-26 16:40:15,P-Usine_B-000513,11824,2013.0,2.85,50.0,39.3,0.539,11.01,7.11,120.0,118.7,513,0,CNU-02,v2.4,5,61.4,RUN,NONE
2023-10-26 16:40:15,P-Usine_B-000513,11824,2013.0,2.85,50.0,39.3,0.539,11.01,7.11,120.0,118.7,513,0,CNU-02,v2.4,5,61.4,RUN,NONE
2023-10-26 16:34:40,P-Usine_B-000514,11976,2160.0,3.05,41.4,33.8,0.412,10.18,5.42,120.0,122.5,514,0,CNU-01,v2.4,5,61.0,RUN,NONE
2023-10-26 16:43:30,P-Usine_B-000515,12165,1897.0,2.83,40.8,41.8,0.789,10.4,7.77,120.0,124.3,515,0,CNU-02,v2.4,4,61.8,RUN,NONE
2023-10-26 16:38:45,P-Usine_B-000516,11850,2082.0,3.02,54.3,43.1,0.303,13.48,6.59,120.0,120.6,516,0,CNU-01,v2.4,4,61.5,RUN,NONE
2023-10-26 16:44:59,P-Usine_B-000517,11884,2106.0,3.14,54.1,31.4,0.45,10.11,5.93,120.0,125.9,517,0,CNU-02,v2.4,5,60.8,RUN,NONE
2023-10-26 16:47:22,P-Usine_B-000518,11824,1825.0,3.02,44.6,32.8,0.466,10.45,7.23,120.0,121.1,518,0,CNU-01,v2.4,1,62.5,RUN,NONE
2023-10-26 16:43:59,P-Usine_B-000519,11800,2057.0,3.08,46.0,34.6,0.482,10.9,7.21,120.0,122.7,519,0,CNU-02,v2.4,1,62.6,RUN,NONE
2023-10-26 16:40:33,P-Usine_B-000520,12068,2012.0,3.17,42.2,44.8,0.461,11.03,6.85,120.0,124.1,520,0,CNU-01,v2.4,1,64.7,RUN,NONE
2023-10-26 16:48:08,P-Usine_B-000521,12116,1986.0,3.01,50.1,37.0,0.472,12.47,5.35,120.0,118.7,521,0,CNU-02,v2.4,4,61.2,RUN,NONE
2023-10-26 16:45:08,P-Usine_B-000522,12292,1970.0,2.8,43.4,40.7,0.542,12.17,7.16,120.0,119.3,522,0,CNU-01,v2.4,3,62.4,RUN,NONE
2023-10-26 16:43:27,P-Usine_B-000523,12189,2011.0,3.12,48.3,37.9,0.597,12.68,6.07,120.0,124.2,523,0,CNU-02,v2.4,5,65.1,RUN,NONE
2023-10-26 16:47:43,P-Usine_B-000524,12003,2178.0,2.92,41.7,32.5,0.5,13.93,7.87,120.0,117.0,524,0,CNU-01,v2.4,1,64.4,RUN,NONE
2023-10-26 16:53:24,P-Usine_B-000525,11976,1847.0,3.04,53.3,31.6,0.519,10.06,5.61,120.0,122.9,525,0,CNU-02,v2.4,3,63.4,RUN,NONE
2023-10-26 16:46:38,P-Usine_B-000526,11853,2189.0,2.97,53.2,36.3,0.521,11.34,6.05,120.0,121.6,526,0,CNU-01,v2.4,5,63.7,RUN,NONE
2023-10-26 16:51:12,P-Usine_B-000527,12062,2110.0,2.94,51.5,40.3,0.446,13.83,5.63,120.0,122.4,527,0,CNU-02,v2.4,5,64.4,RUN,NONE
2023-10-26 16:54:21,P-Usine_B-000528,11855,1929.0,3.19,50.9,37.8,0.458,12.55,5.8,120.0,123.1,528,0,CNU-01,v2.4,5,68.0,RUN,NONE
2023-10-26 16:50:19,P-Usine_B-000529,11959,2192.0,2.93,50.1,43.0,0.564,10.35,5.53,120.0,123.1,529,0,CNU-02,v2.4,3,69.3,RUN,NONE
2023-10-26 17:00:03,P-Usine_B-000530,11856,1904.0,3.06,48.7,31.9,0.65,12.65,6.55,120.0,122.7,530,0,CNU-01,v2.4,3,67.9,RUN,NONE
2023-10-26 17:01:24,P-Usine_B-000531,11872,1965.0,3.03,48.3,37.6,0.597,10.37,7.97,120.0,124.0,531,0,CNU-02,v2.4,1,68.5,RUN,NONE
2023-10-26 16:59:02,P-Usine_B-000532,12109,2165.0,3.07,50.2,37.1,0.45,10.31,7.78,120.0,123.4,532,0,CNU-01,v2.4,4,69.3,RUN,NONE
2023-10-26 17:01:51,P-Usine_B-000533,11925,1994.0,2.86,46.5,39.0,0.524,11.35,6.12,120.0,121.9,533,0,CNU-02,v2.4,4,70.9,RUN,NONE
2023-10-26 16:58:59,P-Usine_B-000534,12027,2023.0,2.89,40.1,34.6,0.482,11.29,5.96,120.0,125.9,534,0,CNU-01,v2.4,1,69.1,RUN,NONE
2023-10-26 16:58:00,P-Usine_B-000535,12156,1995.0,2.93,41.3,43.5,0.415,12.08,6.36,120.0,120.5,535,0,CNU-02,v2.4,1,69.4,RUN,NONE
2023-10-26 16:58:51,P-Usine_B-000536,12109,2071.0,2.92,52.2,38.9,0.613,13.13,7.45,120.0,124.2,536,0,CNU-01,v2.4,3,71.8,RUN,NONE
2023-10-26 17:07:01,P-Usine_B-000537,12301,1840.0,3.19,52.9,41.3,0.525,11.3,6.79,120.0,121.9,537,0,CNU-02,v2.4,5,71.7,RUN,NONE
2023-10-26 17:05:51,P-Usine_B-000538,11934,1987.0,2.85,44.5,32.4,0.529,13.86,5.13,120.0,120.6,538,0,CNU-01,v2.4,3,72.6,RUN,NONE
2023-10-26 17:07:15,P-Usine_B-000539,11834,2110.0,3.12,41.7,39.7,0.46,12.98,5.15,120.0,119.5,539,0,CNU-02,v2.4,5,72.0,RUN,NONE
2023-10-26 17:07:44,P-Usine_B-000540,11760,1882.0,3.06,47.1,32.4,0.599,10.24,7.74,120.0,120.4,540,0,CNU-01,v2.4,3,70.8,RUN,NONE
2023-10-26 17:04:36,P-Usine_B-000541,11874,2165.0,3.1,50.7,40.7,0.449,14.1,6.13,120.0,122.4,541,0,CNU-02,v2.4,5,70.7,RUN,NONE
2023-10-26 17:11:25,P-Usine_B-000542,12065,1981.0,2.98,46.6,30.5,0.531,11.73,5.06,120.0,119.9,542,0,CNU-01,v2.4,1,73.5,RUN,NONE
2023-10-26 17:03:00,P-Usine_B-000543,11664,1871.0,3.12,41.5,42.4,0.614,10.9,7.57,120.0,121.1,543,0,CNU-02,v2.4,1,72.0,RUN,NONE
2023-10-26 17:05:13,P-Usine_B-000544,12121,2158.0,3.12,43.2,37.9,0.42,10.18,7.17,120.0,123.2,544,0,CNU-01,v2.4,5,75.3,RUN,NONE
2023-10-26 17:12:34,P-Usine_B-000545,12081,2085.0,2.95,40.6,42.3,0.421,11.0,5.41,120.0,121.0,545,0,CNU-02,v2.4,3,74.1,RUN,NONE
2023-10-26 17:07:04,P-Usine_B-000546,11653,2021.0,2.82,43.8,33.5,0.592,14.81,5.14,120.0,123.6,546,0,CNU-01,v2.4,4,74.7,RUN,NONE
2023-10-26 17:09:41,P-Usine_B-000547,12232,1895.0,2.85,43.0,31.7,0.515,11.31,5.53,120.0,121.0,547,0,CNU-02,v2.4,5,76.7,RUN,NONE
2023-10-26 17:12:41,P-Usine_B-000548,11951,2040.0,2.82,42.6,37.6,0.508,13.95,5.51,120.0,124.0,548,0,CNU-01,v2.4,4,76.9,RUN,NONE
2023-10-26 17:11:01,P-Usine_B-000549,11903,1935.0,3.14,42.5,37.2,0.655,10.87,6.56,120.0,120.3,549,0,CNU-02,v2.4,3,74.9,RUN,NONE
2023-10-26 17:10:58,P-Usine_B-000550,11756,1953.0,2.94,46.8,32.5,0.559,11.44,7.25,120.0,121.5,550,0,CNU-01,v2.4,1,75.4,RUN,NONE
2023-10-26 17:13:01,P-Usine_B-000551,11979,999.9,2.92,54.3,43.1,0.493,13.96,5.57,120.0,123.3,551,0,CNU-02,v2.4,2,78.1,RUN,NONE
2023-10-26 17:17:03,P-Usine_B-000552,11828,1884.0,2.95,43.6,30.4,0.477,13.62,5.39,120.0,122.2,552,0,CNU-01,v2.4,3,80.7,RUN,NONE
2023-10-26 17:15:41,P-Usine_B-000553,12375,2117.0,2.99,51.6,40.5,0.5,12.02,7.66,120.0,121.5,553,0,CNU-02,v2.4,5,78.6,RUN,NONE
2023-10-26 17:14:02,P-Usine_B-000554,11987,2002.0,3.14,40.2,39.4,0.483,14.23,5.54,120.0,118.8,554,0,CNU-01,v2.4,5,77.5,RUN,NONE
2023-10-26 17:15:43,P-Usine_B-000555,12162,1920.0,2.93,48.5,40.2,0.437,10.34,7.51,120.0,123.6,555,0,CNU-02,v2.4,5,77.9,RUN,
2023-10-26 17:25:21,P-Usine_B-000556,11761,1971.0,3.02,50.6,35.5,0.598,12.72,7.52,120.0,123.3,556,0,CNU-01,v2.4,4,80.2,RUN,NONE
2023-10-26 17:25:07,P-Usine_B-000557,11747,1902.0,3.08,51.1,37.9,0.439,13.81,7.72,120.0,121.8,557,0,CNU-02,,1,82.1,RUN,NONE
2023-10-26 17:24:45,P-Usine_B-000558,12168,1855.0,2.98,47.6,36.2,0.524,11.69,5.23,120.0,119.7,558,0,CNU-01,v2.4,4,79.8,RUN,NONE
2023-10-26 17:19:19,P-Usine_B-000559,12102,2095.0,2.93,43.6,37.9,0.536,10.18,7.25,120.0,122.4,559,0,CNU-02,v2.4,4,84.0,RUN,NONE
2023-10-26 17:20:01,P-Usine_B-000560,11827,2127.0,3.18,47.8,34.0,0.627,11.1,7.98,120.0,119.0,560,0,CNU-01,v2.4,3,81.7,RUN,NONE
2023-10-26 17:26:04,P-Usine_B-000561,11691,1961.0,2.93,47.9,43.9,0.537,10.98,7.39,120.0,123.6,561,0,CNU-02,v2.4,5,83.7,RUN,NONE
2023-10-26 17:23:55,P-Usine_B-000562,11892,2115.0,3.08,46.6,44.8,0.436,10.36,6.55,120.0,125.3,562,0,CNU-01,v2.4,1,85.2,RUN,NONE
2023-10-26 17:26:11,P-Usine_B-000563,12260,2036.0,3.15,48.7,36.9,0.35,14.34,5.56,120.0,123.6,563,0,CNU-02,v2.4,4,84.1,RUN,NONE
2023-10-26 17:31:10,P-Usine_B-000564,11632,2011.0,2.82,41.9,33.9,0.479,14.15,5.02,120.0,122.2,564,0,CNU-01,v2.4,1,84.6,RUN,NONE
2023-10-26 17:33:52,P-Usine_B-000565,11479,1847.0,3.12,41.8,37.5,0.481,11.08,5.03,120.0,123.0,565,0,CNU-02,v2.4,1,83.6,RUN,NONE
2023-10-26 17:28:27,P-Usine_B-000566,11995,1967.0,3.05,43.0,44.8,0.592,13.33,5.3,120.0,121.6,999.9,0,CNU-01,v2.4,5,85.9,RUN,NONE
2023-10-26 17:34:07,P-Usine_B-000567,12075,2144.0,3.0,50.5,36.6,0.451,12.88,6.76,120.0,122.3,567,0,CNU-02,v2.4,2,83.9,RUN,NONE
2023-10-26 17:35:36,P-Usine_B-000568,11895,2167.0,2.89,43.1,36.8,0.363,11.23,6.5,120.0,122.4,568,0,CNU-01,v2.4,3,85.0,RUN,NONE
2023-10-26 17:37:59,P-Usine_B-000569,12108,2132.0,2.9,40.6,31.2,0.416,10.9,7.68,120.0,122.6,569,0,CNU-02,v2.4,4,85.8,RUN,NONE
2023-10-26 17:32:38,P-Usine_B-000570,11870,1999.0,2.85,41.0,38.6,0.487,10.37,6.65,120.0,120.6,570,0,CNU-01,v2.4,2,87.1,RUN,NONE
2023-10-26 17:31:08,P-Usine_B-000571,12072,1950.0,3.15,45.0,44.3,0.459,13.58,6.02,120.0,126.0,571,0,CNU-02,v2.4,2,87.6,RUN,NONE
2023-10-26 17:31:08,P-Usine_B-000571,12072,1950.0,3.15,45.0,44.3,0.459,13.58,6.02,120.0,126.0,571,0,CNU-02,v2.4,2,87.6,RUN,NONE
2023-10-26 17:40:25,P-Usine_B-000572,12009,2083.0,3.1,43.6,40.6,0.517,11.93,5.57,120.0,121.6,572,0,CNU-01,v2.4,5,89.1,RUN,NONE
2023-10-26 17:40:04,P-Usine_B-000573,11964,1913.0,2.86,43.6,30.3,0.4,14.62,5.68,120.0,118.1,573,0,CNU-02,v2.4,2,87.1,RUN,NONE
2023-10-26 17:37:06,P-Usine_B-000574,12227,2029.0,3.15,49.9,30.0,0.413,10.37,7.68,120.0,120.6,574,0,CNU-01,v2.4,1,88.8,RUN,NONE
2023-10-26 17:42:44,P-Usine_B-000575,11995,1903.0,3.01,48.9,43.6,0.522,13.59,5.59,120.0,124.3,575,0,CNU-02,v2.4,2,88.8,RUN,NONE
2023-10-26 17:45:15,P-Usine_B-000576,12299,2097.0,3.16,54.9,32.6,0.473,11.93,6.51,120.0,122.8,576,0,CNU-01,v2.4,2,89.9,RUN,NONE
2023-10-26 17:37:30,P-Usine_B-000577,11590,2095.0,3.16,41.7,32.3,0.469,10.12,5.42,120.0,125.0,577,0,CNU-02,v2.4,1,89.1,RUN,NONE
2023-10-26 17:39:27,P-Usine_B-000578,11527,2167.0,2.98,47.9,32.2,0.55,12.09,6.05,120.0,123.6,578,0,CNU-01,v2.4,1,90.9,RUN,NONE
2023-10-26 17:45:06,P-Usine_B-000579,11764,1884.0,3.08,54.3,31.9,0.584,14.83,7.6,120.0,120.2,579,0,CNU-02,v2.4,1,90.2,RUN,NONE
2023-10-26 17:43:46,P-Usine_B-000580,11997,2041.0,2.85,47.0,35.0,0.354,11.4,5.76,120.0,122.6,580,0,CNU-01,v2.4,4,92.3,RUN,NONE
2023-10-26 17:48:50,P-Usine_B-000581,11889,1830.0,2.9,54.7,31.1,0.559,10.29,5.23,120.0,120.0,581,0,CNU-02,v2.4,1,94.7,RUN,NONE
2023-10-26 17:48:50,P-Usine_B-000581,11889,1830.0,2.9,54.7,31.1,0.559,10.29,5.23,120.0,120.0,581,0,CNU-02,v2.4,1,94.7,RUN,NONE
2023-10-26 17:44:56,P-Usine_B-000582,11788,1906.0,2.99,48.6,32.9,0.428,13.44,5.44,120.0,121.7,582,0,CNU-01,v2.4,1,94.8,RUN,NONE
2023-10-26 17:45:32,P-Usine_B-000583,12148,1911.0,3.0,50.6,32.1,0.546,10.7,5.24,120.0,121.8,583,0,CNU-02,v2.4,5,92.5,RUN,NONE
2023-10-26 17:50:44,P-Usine_B-000584,11854,1917.0,3.05,44.1,41.1,0.366,13.19,5.38,120.0,121.4,584,0,CNU-01,v2.4,3,95.7,RUN,NONE
2023-10-26 17:53:57,P-Usine_B-000585,12517,1932.0,3.14,53.5,32.1,0.612,12.03,6.99,120.0,120.4,585,0,CNU-02,v2.4,4,93.2,RUN,NONE
2023-10-26 17:53:03,P-Usine_B-000586,12212,1821.0,2.99,50.2,43.8,0.493,14.03,6.49,120.0,121.9,586,0,CNU-01,v2.4,3,95.9,RUN,NONE
2023-10-26 17:54:20,P-Usine_B-000587,12149,1898.0,2.97,42.8,31.6,0.528,11.2,5.51,120.0,121.4,587,0,CNU-02,v2.4,3,97.1,RUN,NONE
2023-10-26 17:52:24,P-Usine_B-000588,11987,2110.0,3.08,43.5,33.8,0.47,13.26,6.55,120.0,125.7,588,0,CNU-01,v2.4,1,98.8,RUN,NONE
2023-10-26 17:54:49,P-Usine_B-000589,11412,1847.0,3.07,40.6,35.2,0.492,13.69,6.09,120.0,121.6,589,0,CNU-02,v2.4,5,95.5,RUN,NONE
2023-10-26 17:51:13,P-Usine_B-000590,12023,2056.0,2.96,42.2,40.5,0.604,11.79,5.61,120.0,115.8,590,0,CNU-01,v2.4,4,98.7,RUN,NONE
2023-10-26 17:55:41,P-Usine_B-000591,12063,2084.0,2.82,48.6,39.3,0.403,12.22,5.19,120.0,123.5,591,0,CNU-02,v2.4,1,99.2,RUN,NONE
2023-10-26 17:58:56,P-Usine_B-000592,11943,1839.0,2.91,46.2,32.5,0.598,12.91,5.4,120.0,120.2,592,0,CNU-01,v2.4,2,97.7,RUN,NONE
2023-10-26 18:00:51,P-Usine_B-000593,11809,2154.0,3.04,49.8,32.6,0.412,11.76,6.49,120.0,118.8,593,0,CNU-02,v2.4,5,97.9,RUN,NONE
2023-10-26 17:59:47,P-Usine_B-000594,11880,2109.0,3.17,44.5,42.0,0.766,10.74,7.5,120.0,123.9,594,0,CNU-01,v2.4,3,100,RUN,NONE
2023-10-26 17:57:35,P-Usine_B-000595,12129,2110.0,3.0,48.7,42.8,0.436,10.25,7.97,120.0,120.5,595,0,CNU-02,v2.4,2,99.9,RUN,NONE
2023-10-26 17:57:35,P-Usine_B-000595,12129,2110.0,3.0,48.7,42.8,0.436,10.25,7.97,120.0,120.5,595,0,CNU-02,v2.4,2,99.9,RUN,NONE
2023-10-26 17:57:15,P-Usine_B-000596,12077,2160.0,2.82,55.0,44.9,0.516,12.86,7.64,120.0,121.2,596,0,CNU-01,v2.4,2,100,RUN,NONE
2023-10-26 18:00:57,P-Usine_B-000597,11777,1887.0,3.14,54.0,32.3,0.575,11.02,6.78,120.0,119.3,597,0,CNU-02,v2.4,3,100,RUN,NONE
2023-10-26 18:05:06,P-Usine_B-000598,11905,2077.0,3.0,43.6,35.1,0.492,13.57,7.94,120.0,121.2,598,0,CNU-01,v2.4,3,100,RUN,NONE
2023-10-26 18:05:08,P-Usine_B-000599,12272,1867.0,2.86,49.9,36.0,0.6,14.63,7.73,120.0,118.8,599,0,CNU-02,v2.4,3,100,RUN,NONE
2023-10-26 18:02:21,P-Usine_B-000600,12398,1823.0,3.07,45.3,34.4,0.585,10.07,6.57,120.0,118.7,600,0,CNU-01,v2.4,4,4.3,RUN,NONE
2023-10-26 18:01:24,P-Usine_B-000601,11955,1809.0,2.87,51.3,31.5,0.631,13.55,5.45,120.0,121.5,601,0,CNU-02,v2.4,2,1.4,RUN,
2023-10-26 18:05:03,P-Usine_B-000602,11970,2038.0,2.89,52.4,43.6,0.529,11.66,6.99,120.0,120.7,602,0,CNU-01,v2.4,2,1.6,RUN,NONE
2023-10-26 18:08:05,P-Usine_B-000603,12218,1844.0,2.82,50.9,42.7,0.574,14.02,5.99,120.0,121.5,603,0,CNU-02,v2.4,4,3.1,RUN,NONE
2023-10-26 18:12:07,P-Usine_B-000604,12108,1824.0,3.2,47.1,44.0,0.748,13.58,7.52,120.0,118.5,604,0,CNU-01,v2.4,3,5.3,RUN,NONE
2023-10-26 18:06:43,P-Usine_B-000605,12055,2171.0,2.88,43.7,35.2,0.534,11.4,7.53,120.0,121.3,605,0,CNU-02,v2.4,4,5.1,RUN,NONE
2023-10-26 18:07:41,P-Usine_B-000606,11908,2101.0,999.9,44.4,38.1,0.591,10.34,6.5,120.0,122.4,606,0,CNU-01,v2.4,2,6.5,RUN,NONE
2023-10-26 18:10:57,P-Usine_B-000607,12033,2083.0,3.09,47.0,34.7,0.619,10.83,5.28,120.0,123.1,607,0,CNU-02,v2.4,4,4.2,RUN,NONE
2023-10-26 18:15:04,P-Usine_B-000608,12191,2020.0,2.97,53.2,37.5,0.566,14.71,7.51,120.0,999.9,608,0,CNU-01,v2.4,1,8.7,RUN,NONE
2023-10-26 18:13:28,P-Usine_B-000609,12122,2114.0,3.2,43.7,39.7,0.379,11.87,6.67,120.0,123.3,609,0,CNU-02,v2.4,1,6.5,RUN,NONE
2023-10-26 18:13:46,P-Usine_B-000610,11953,2143.0,3.05,54.8,37.0,0.438,11.68,5.16,120.0,122.0,610,0,CNU-01,v2.4,5,8.6,RUN,NONE
2023-10-26 18:17:09,P-Usine_B-000611,11957,2097.0,2.82,43.5,33.7,0.547,10.98,7.29,120.0,121.0,611,0,CNU-02,v2.4,4,7.8,RUN,NONE
2023-10-26 18:20:14,P-Usine_B-000612,12069,1826.0,3.13,40.6,39.8,0.647,14.45,7.33,120.0,121.7,612,0,CNU-01,v2.4,1,9.8,RUN,NONE
2023-10-26 18:20:08,P-Usine_B-000613,11640,2136.0,2.89,53.2,40.9,0.581,12.33,5.87,120.0,123.0,613,0,CNU-02,v2.4,1,9.0,RUN,NONE
2023-10-26 18:13:24,P-Usine_B-000614,11870,2175.0,3.09,48.7,43.6,0.48,10.36,6.05,120.0,119.8,614,0,CNU-01,v2.4,3,11.4,RUN,NONE
2023-10-26 18:21:36,P-Usine_B-000615,12138,2157.0,2.96,46.1,36.2,0.276,13.23,6.34,120.0,122.4,615,0,CNU-02,v2.4,3,11.2,RUN,NONE
2023-10-26 18:23:33,P-Usine_B-000616,11856,2143.0,3.03,40.2,34.2,0.509,13.13,5.75,120.0,119.8,616,0,CNU-01,v2.4,1,8.7,RUN,NONE
2023-10-26 18:20:50,P-Usine_B-000617,12095,2059.0,2.85,50.7,31.5,0.442,12.3,6.11,120.0,120.3,617,0,CNU-02,v2.4,4,9.4,RUN,NONE
2023-10-26 18:27:34,P-Usine_B-000618,12024,1923.0,3.11,41.7,37.7,0.396,12.43,5.66,120.0,123.3,618,0,CNU-01,v2.4,2,12.1,RUN,NONE
2023-10-26 18:23:57,P-Usine_B-000619,11893,1920.0,2.99,53.2,35.0,0.523,10.74,6.92,120.0,122.0,619,0,CNU-02,v2.4,2,12.2,RUN,NONE
2023-10-26 18:21:05,P-Usine_B-000620,12153,2098.0,3.15,52.0,43.1,0.535,12.54,6.15,120.0,124.6,620,0,CNU-01,v2.4,3,14.1,RUN,NONE
2023-10-26 18:26:14,P-Usine_B-000621,12306,2073.0,3.16,47.2,34.3,0.713,12.53,7.92,120.0,120.6,621,0,CNU-02,v2.4,2,13.3,RUN,NONE
2023-10-26 18:29:50,P-Usine_B-000622,12231,1909.0,3.19,43.5,35.9,0.703,14.52,7.8,120.0,120.3,622,0,CNU-01,v2.4,4,13.1,RUN,NONE
2023-10-26 18:29:53,P-Usine_B-000623,11709,1842.0,2.88,45.8,37.2,0.628,10.24,6.91,120.0,122.8,623,0,CNU-02,v2.4,5,13.5,RUN,NONE
2023-10-26 18:30:02,P-Usine_B-000624,11888,1898.0,3.02,41.3,33.4,0.393,12.62,5.48,120.0,120.8,624,0,CNU-01,v2.4,3,14.4,RUN,NONE
2023-10-26 18:25:01,P-Usine_B-000625,12109,2118.0,2.91,52.7,30.2,0.612,14.61,7.93,120.0,121.9,625,0,CNU-02,v2.4,2,14.7,RUN,NONE
2023-10-26 18:29:48,P-Usine_B-000626,11844,2049.0,2.9,52.5,31.8,0.561,11.37,5.64,120.0,123.6,626,0,CNU-01,v2.4,1,17.3,RUN,NONE
2023-10-26 18:33:13,P-Usine_B-000627,11952,2050.0,2.89,42.7,36.9,0.42,11.09,7.22,120.0,121.6,627,0,CNU-02,v2.4,1,14.3,RUN,NONE
2023-10-26 18:34:39,P-Usine_B-000628,12129,2105.0,3.02,51.3,33.1,0.522,13.21,5.01,120.0,125.9,628,0,CNU-01,v2.4,4,18.6,RUN,NONE
2023-10-26 18:30:56,P-Usine_B-000629,11601,1905.0,3.0,52.7,36.5,0.59,13.03,7.35,120.0,123.2,629,0,CNU-02,v2.4,4,17.6,RUN,NONE
2023-10-26 18:30:55,P-Usine_B-000630,11978,1870.0,3.06,43.0,32.7,0.551,13.69,5.51,120.0,123.9,630,0,CNU-01,v2.4,3,16.1,RUN,NONE
2023-10-26 18:30:36,P-Usine_B-000631,11700,2186.0,3.1,51.8,36.9,0.556,11.87,6.05,120.0,121.1,631,0,CNU-02,v2.4,5,18.4,RUN,NONE
2023-10-26 18:31:45,P-Usine_B-000632,11956,2174.0,2.82,42.1,42.6,0.718,13.57,7.83,120.0,121.2,632,0,CNU-01,v2.4,5,20.7,RUN,NONE
2023-10-26 18:41:58,P-Usine_B-000633,12035,2139.0,3.1,46.1,35.7,0.559,12.02,5.71,120.0,122.7,633,0,CNU-02,v2.4,4,20.5,RUN,NONE
2023-10-26 18:37:08,P-Usine_B-000634,11904,1835.0,3.18,50.1,999.9,0.634,12.1,7.78,120.0,121.0,634,0,CNU-01,v2.4,2,18.2,RUN,NONE
2023-10-26 18:42:48,P-Usine_B-000635,12195,2182.0,2.89,42.9,31.1,0.399,14.29,7.38,120.0,120.9,635,0,CNU-02,v2.4,5,21.5,RUN,NONE
2023-10-26 18:35:48,P-Usine_B-000636,12107,1980.0,2.86,50.2,42.5,0.453,11.56,5.93,120.0,123.8,636,0,CNU-01,v2.4,4,19.7,RUN,NONE
2023-10-26 18:44:57,P-Usine_B-000637,12223,1829.0,2.91,46.2,36.4,0.635,11.26,5.38,120.0,120.2,637,0,CNU-02,v2.4,4,21.8,RUN,NONE
2023-10-26 18:40:46,P-Usine_B-000638,12039,2004.0,2.96,41.6,35.4,0.487,12.0,5.21,120.0,123.5,638,0,CNU-01,v2.4,1,21.9,RUN,NONE
2023-10-26 18:43:19,P-Usine_B-000639,12020,1926.0,3.07,52.9,36.7,0.583,14.72,6.47,120.0,126.0,639,0,CNU-02,v2.4,3,22.8,RUN,NONE
2023-10-26 18:42:18,P-Usine_B-000640,12019,1898.0,3.03,53.9,39.9,0.303,12.93,5.5,120.0,119.6,640,0,CNU-01,v2.4,4,24.1,RUN,NONE
2023-10-26 18:44:12,P-Usine_B-000641,12140,2080.0,2.91,44.0,40.0,0.447,10.56,6.96,120.0,122.1,641,0,CNU-02,v2.4,5,21.5,RUN,NONE
2023-10-26 18:47:43,P-Usine_B-000642,11566,1928.0,3.16,53.7,38.0,0.406,12.47,7.88,120.0,122.4,642,0,CNU-01,v2.4,5,22.5,RUN,NONE
2023-10-26 18:51:12,P-Usine_B-000643,11770,1805.0,2.85,43.4,35.0,0.522,11.36,5.28,120.0,120.9,643,0,CNU-02,v2.4,3,23.5,RUN,NONE
2023-10-26 18:54:22,P-Usine_B-000644,11891,2178.0,3.08,42.2,33.5,0.662,10.21,5.76,120.0,120.8,644,0,CNU-01,v2.4,3,24.7,RUN,NONE
2023-10-26 18:49:02,P-Usine_B-000645,12155,2132.0,2.85,48.1,43.1,0.353,12.82,6.75,120.0,123.0,645,0,CNU-02,v2.4,3,26.2,RUN,NONE
2023-10-26 18:52:34,P-Usine_B-000646,11880,1961.0,2.86,48.1,38.8,0.381,10.09,6.97,120.0,122.7,646,0,CNU-01,v2.4,3,26.5,RUN,NONE
2023-10-26 18:52:34,P-Usine_B-000646,11880,1961.0,2.86,48.1,38.8,0.381,10.09,6.97,120.0,122.7,646,0,CNU-01,v2.4,3,26.5,RUN,NONE
2023-10-26 18:47:47,P-Usine_B-000647,12117,2137.0,3.02,44.3,42.1,0.606,11.47,5.75,120.0,124.1,647,0,CNU-02,v2.4,1,25.8,RUN,NONE
2023-10-26 18:47:47,P-Usine_B-000647,12117,2137.0,3.02,44.3,42.1,0.606,11.47,5.75,120.0,124.1,647,0,CNU-02,v2.4,1,25.8,RUN,NONE
2023-10-26 18:50:07,P-Usine_B-000648,11719,1929.0,3.15,51.2,32.6,0.479,14.94,6.97,120.0,124.1,648,0,CNU-01,v2.4,4,26.8,RUN,NONE
2023-10-26 18:52:17,P-Usine_B-000649,11923,2102.0,2.93,49.4,42.9,0.466,13.35,5.42,120.0,120.4,649,0,CNU-02,v2.4,2,26.1,RUN,NONE
2023-10-26 18:53:41,P-Usine_B-000650,11732,1893.0,3.05,46.0,37.0,0.397,12.38,5.12,120.0,119.8,650,0,CNU-01,v2.4,3,25.8,RUN,NONE
2023-10-26 18:51:59,P-Usine_B-000651,11688,1894.0,2.99,52.0,44.4,0.661,11.73,6.27,120.0,122.6,651,0,CNU-02,v2.4,3,25.8,RUN,NONE
2023-10-26 18:55:50,P-Usine_B-000652,11529,1868.0,2.92,52.5,38.1,0.459,13.98,7.09,120.0,121.7,652,0,CNU-01,v2.4,5,28.0,RUN,NONE
2023-10-26 18:53:51,P-Usine_B-000653,11977,1857.0,2.95,44.7,33.6,0.4,10.23,7.44,120.0,120.4,653,0,CNU-02,v2.4,1,31.1,RUN,NONE
2023-10-26 18:57:19,P-Usine_B-000654,12007,2156.0,3.03,53.1,36.3,0.39,12.05,7.03,120.0,122.6,654,0,CNU-01,v2.4,4,31.1,RUN,NONE
2023-10-26 18:59:05,P-Usine_B-000655,11901,1835.0,3.06,47.6,32.3,0.599,13.57,6.16,120.0,122.4,655,0,CNU-02,v2.4,5,29.4,RUN,NONE
2023-10-26 18:58:33,P-Usine_B-000656,12217,2096.0,2.85,46.5,35.0,0.641,13.3,5.29,120.0,122.4,656,0,CNU-01,v2.4,1,28.0,RUN,NONE
2023-10-26 19:05:48,P-Usine_B-000657,12056,1929.0,3.1,48.5,30.0,0.538,11.04,7.7,120.0,122.9,657,0,CNU-02,v2.4,3,30.9,RUN,NONE
2023-10-26 19:02:16,P-Usine_B-000658,12021,1887.0,2.8,53.1,32.7,0.636,10.59,6.78,120.0,119.9,658,0,CNU-01,v2.4,3,33.0,RUN,NONE
2023-10-26 19:00:55,P-Usine_B-000659,12160,1922.0,2.82,51.9,30.8,0.446,13.71,7.68,120.0,124.6,659,0,CNU-02,v2.4,2,29.8,RUN,NONE
2023-10-26 19:00:53,P-Usine_B-000660,11600,2051.0,3.04,42.7,33.4,0.393,10.06,7.39,120.0,121.7,660,0,CNU-01,v2.4,999.9,33.3,RUN,NONE
2023-10-26 19:04:50,P-Usine_B-000661,12051,2194.0,3.13,40.7,41.3,0.499,10.0,5.45,120.0,122.0,661,0,CNU-02,v2.4,5,34.3,RUN,NONE
2023-10-26 19:02:57,P-Usine_B-000662,12102,1986.0,3.17,51.1,34.8,0.433,13.85,6.56,120.0,123.0,662,0,CNU-01,v2.4,3,33.5,RUN,NONE
2023-10-26 19:06:08,P-Usine_B-000663,11971,1933.0,3.06,45.8,41.8,0.549,12.18,5.39,120.0,121.7,663,0,CNU-02,v2.4,3,33.3,RUN,NONE
2023-10-26 19:13:17,P-Usine_B-000664,11881,2093.0,2.83,50.7,41.3,0.294,12.9,7.93,120.0,123.4,664,0,CNU-01,v2.4,3,34.9,RUN,NONE
2023-10-26 19:13:37,P-Usine_B-000665,12019,2189.0,3.05,43.9,40.5,0.433,10.77,5.88,120.0,119.1,665,0,CNU-02,v2.4,4,35.3,RUN,NONE
2023-10-26 19:09:05,P-Usine_B-000666,11961,1808.0,2.94,53.7,44.7,0.508,13.69,6.17,120.0,121.2,666,0,CNU-01,v2.4,5,35.4,RUN,NONE
2023-10-26 19:12:55,P-Usine_B-000667,12204,1900.0,2.85,50.2,37.0,0.535,14.03,7.36,120.0,120.6,667,0,CNU-02,v2.4,1,36.5,RUN,NONE
2023-10-26 19:09:03,P-Usine_B-000668,12154,2143.0,2.87,49.5,35.4,0.348,11.67,6.63,120.0,122.6,668,0,CNU-01,v2.4,1,35.7,RUN,NONE
2023-10-26 19:17:08,P-Usine_B-000669,12343,2182.0,3.18,48.7,40.4,0.61,11.26,7.6,120.0,121.6,669,0,CNU-02,v2.4,3,38.9,RUN,NONE
2023-10-26 19:13:13,P-Usine_B-000670,12284,1828.0,2.96,45.9,38.4,0.492,11.04,7.58,120.0,119.6,670,0,CNU-01,v2.4,4,35.1,RUN,NONE
2023-10-26 19:18:36,P-Usine_B-000671,12155,2024.0,2.89,54.5,34.0,0.448,10.96,6.92,120.0,124.4,671,0,CNU-02,v2.4,1,39.3,RUN,NONE
2023-10-26 19:19:33,P-Usine_B-000672,11973,1905.0,3.13,45.4,36.6,0.63,10.89,5.26,120.0,121.7,672,0,CNU-01,v2.4,2,40.5,RUN,NONE
2023-10-26 19:13:49,P-Usine_B-000673,12397,2121.0,3.13,53.2,34.2,0.538,10.53,7.27,120.0,122.5,673,0,CNU-02,v2.4,4,41.1,RUN,NONE
2023-10-26 19:22:44,P-Usine_B-000674,11929,2146.0,3.07,53.0,33.3,0.544,13.59,7.5,120.0,125.3,674,0,CNU-01,v2.4,2,40.7,RUN,NONE
2023-10-26 19:15:02,P-Usine_B-000675,11613,2136.0,2.82,40.0,34.1,0.432,12.58,7.66,120.0,123.8,675,0,CNU-02,v2.4,3,40.4,RUN,NONE
2023-10-26 19:17:00,P-Usine_B-000676,12368,1879.0,3.13,44.6,31.6,0.514,14.71,6.54,120.0,118.9,676,999.9,CNU-01,v2.4,4,42.7,RUN,NONE
2023-10-26 19:24:32,P-Usine_B-000677,12208,2093.0,2.83,46.1,34.6,0.376,14.49,7.06,120.0,119.1,677,0,CNU-02,v2.4,5,40.4,RUN,NONE
2023-10-26 19:23:15,P-Usine_B-000678,11952,1887.0,3.14,45.7,32.9,0.58,11.86,7.1,120.0,120.2,678,0,CNU-01,v2.4,1,42.4,RUN,NONE
2023-10-26 19:24:59,P-Usine_B-000679,11709,1927.0,2.89,50.7,44.6,0.656,10.77,6.64,120.0,122.3,679,0,CNU-02,v2.4,5,44.3,RUN,NONE
2023-10-26 19:23:37,P-Usine_B-000680,12171,2147.0,2.93,49.8,39.8,0.612,14.83,5.46,120.0,126.9,680,0,CNU-01,v2.4,1,42.2,RUN,NONE
2023-10-26 19:23:37,P-Usine_B-000680,12171,2147.0,2.93,49.8,39.8,0.612,14.83,5.46,120.0,126.9,680,0,CNU-01,v2.4,1,42.2,RUN,NONE
2023-10-26 19:30:02,P-Usine_B-000681,12047,2032.0,3.02,53.5,33.7,0.278,10.58,7.27,120.0,119.8,681,0,CNU-02,v2.4,3,45.5,RUN,NONE
2023-10-26 19:30:30,P-Usine_B-000682,12250,2109.0,3.07,46.0,39.2,0.583,14.62,5.1,120.0,127.0,682,0,CNU-01,v2.4,1,45.3,RUN,NONE
2023-10-26 19:24:32,P-Usine_B-000683,11896,1922.0,3.05,48.4,31.7,0.429,11.49,7.29,120.0,121.4,683,0,CNU-02,v2.4,2,45.8,RUN,NONE
2023-10-26 19:30:52,P-Usine_B-000684,12490,1886.0,2.98,43.6,37.2,0.465,10.39,5.18,120.0,120.9,684,0,CNU-01,v2.4,2,45.3,RUN,NONE
2023-10-26 19:27:23,P-Usine_B-000685,11970,1982.0,2.98,51.8,42.6,0.582,11.46,5.76,120.0,120.5,685,0,CNU-02,v2.4,1,42.8,RUN,NONE
2023-10-26 19:31:35,P-Usine_B-000686,12324,999.9,2.99,44.0,31.3,0.455,12.43,5.28,120.0,123.7,686,0,CNU-01,v2.4,4,46.3,RUN,NONE
2023-10-26 19:31:58,P-Usine_B-000687,11859,1930.0,2.83,50.8,30.4,0.354,14.18,7.68,120.0,123.0,687,0,CNU-02,v2.4,5,45.8,RUN,NONE
2023-10-26 19:32:44,P-Usine_B-000688,11789,1941.0,2.92,41.6,30.5,0.499,14.15,7.3,120.0,122.5,688,0,CNU-01,v2.4,5,48.1,RUN,NONE
2023-10-26 19:37:23,P-Usine_B-000689,12173,1896.0,3.01,54.3,30.2,0.752,12.2,6.19,120.0,122.5,689,0,CNU-02,v2.4,2,46.9,RUN,NONE
2023-10-26 19:30:56,P-Usine_B-000690,12147,2057.0,2.85,46.3,35.7,0.562,13.17,7.79,120.0,120.4,690,0,CNU-01,v2.4,1,48.5,RUN,NONE
2023-10-26 19:38:05,P-Usine_B-000691,12202,1812.0,3.03,45.7,32.7,0.649,14.7,5.71,120.0,124.3,691,0,CNU-02,v2.4,2,45.5,RUN,NONE
2023-10-26 19:37:29,P-Usine_B-000692,11903,1949.0,3.08,47.2,41.8,0.543,10.66,999.9,120.0,122.8,692,0,CNU-01,v2.4,2,46.0,RUN,NONE
2023-10-26 19:35:02,P-Usine_B-000693,11691,1860.0,3.17,52.8,44.0,0.463,10.75,6.07,120.0,118.5,693,0,CNU-02,v2.4,1,48.7,RUN,NONE
2023-10-26 19:39:34,P-Usine_B-000694,12070,2023.0,3.16,52.1,43.2,0.452,10.13,5.65,120.0,125.0,694,0,CNU-01,v2.4,4,51.7,RUN,NONE
2023-10-26 19:43:49,P-Usine_B-000695,11729,1954.0,3.13,41.6,37.6,0.486,14.91,7.1,120.0,125.9,695,0,CNU-02,v2.4,2,48.3,RUN,NONE
2023-10-26 19:40:02,P-Usine_B-000696,12161,1846.0,2.99,44.7,37.1,0.525,14.74,5.6,120.0,120.7,696,0,CNU-01,v2.4,2,49.5,RUN,NONE
2023-10-26 19:38:19,P-Usine_B-000697,12201,1832.0,2.98,47.6,41.5,0.58,10.02,7.95,120.0,123.3,697,0,CNU-02,v2.4,4,49.8,RUN,NONE
2023-10-26 19:45:02,P-Usine_B-000698,12300,1902.0,2.89,46.8,32.4,0.755,10.58,5.35,120.0,119.4,698,0,CNU-01,v2.4,5,53.6,RUN,NONE
2023-10-26 19:41:42,P-Usine_B-000699,12152,2156.0,2.83,46.6,40.5,0.505,14.31,5.1,120.0,124.0,699,0,CNU-02,v2.4,2,53.3,RUN,NONE
2023-10-26 19:48:49,P-Usine_B-000700,12200,2009.0,3.11,50.3,37.1,0.316,10.22,7.61,120.0,117.6,700,0,CNU-01,v2.4,2,52.3,RUN,NONE
2023-10-26 19:48:12,P-Usine_B-000701,11694,1828.0,2.9,52.8,35.4,0.565,14.09,7.92,120.0,121.9,701,0,CNU-02,v2.4,1,52.7,RUN,NONE
2023-10-26 19:42:12,P-Usine_B-000702,12266,1948.0,2.89,44.4,34.7,0.518,13.91,6.78,120.0,125.1,702,0,CNU-01,v2.4,5,51.5,RUN,NONE
2023-10-26 19:43:09,P-Usine_B-000703,11832,2117.0,2.88,54.3,32.5,0.544,11.54,7.69,120.0,124.2,703,0,CNU-02,v2.4,5,52.4,RUN,NONE
2023-10-26 19:48:17,P-Usine_B-000704,12153,1944.0,2.82,42.1,43.7,0.573,14.28,6.78,120.0,120.4,704,0,CNU-01,v2.4,1,56.5,RUN,NONE
2023-10-26 19:53:31,P-Usine_B-000705,11339,1901.0,3.19,54.4,43.7,0.59,14.97,7.79,120.0,124.8,705,0,CNU-02,v2.4,5,53.5,RUN,NONE
2023-10-26 19:54:04,P-Usine_B-000706,11840,2135.0,2.84,49.0,36.3,0.468,10.86,6.62,120.0,118.6,706,0,CNU-01,v2.4,4,57.3,RUN,NONE
2023-10-26 19:55:00,P-Usine_B-000707,12180,2192.0,3.0,42.1,43.1,0.448,10.86,5.93,120.0,122.2,707,0,CNU-02,v2.4,3,55.5,RUN,NONE
2023-10-26 19:49:25,P-Usine_B-000708,11847,1849.0,2.88,45.6,34.5,0.535,13.73,6.47,120.0,117.1,708,0,CNU-01,v2.4,4,54.0,RUN,NONE
2023-10-26 19:59:11,P-Usine_B-000709,12050,1952.0,2.9,54.2,30.7,0.647,12.18,7.17,120.0,121.2,709,0,CNU-02,v2.4,5,56.3,RUN,NONE
2023-10-26 19:58:59,P-Usine_B-000710,11719,1809.0,3.15,53.3,40.0,0.6,14.82,7.62,120.0,120.3,710,0,CNU-01,v2.4,1,55.5,RUN,NONE
2023-10-26 19:52:07,P-Usine_B-000711,12009,2036.0,3.04,41.3,36.2,0.177,12.64,5.63,120.0,122.7,711,0,CNU-02,v2.4,2,57.1,RUN,NONE
2023-10-26 20:01:29,P-Usine_B-000712,11959,1810.0,2.94,48.7,44.4,0.609,10.06,5.55,120.0,124.0,712,0,CNU-01,v2.4,5,58.7,RUN,NONE
2023-10-26 20:01:29,P-Usine_B-000713,11826,1929.0,2.92,54.3,42.9,0.33,10.16,5.02,120.0,121.4,713,0,CNU-02,v2.4,3,59.3,RUN,NONE
2023-10-26 20:02:20,P-Usine_B-000714,12089,2015.0,2.93,46.4,39.9,0.525,13.7,5.68,120.0,120.9,714,0,CNU-01,v2.4,5,60.2,RUN,NONE
2023-10-26 20:02:46,P-Usine_B-000715,12109,2060.0,3.16,52.1,35.6,0.542,10.58,6.73,120.0,118.8,715,0,CNU-02,v2.4,1,59.8,RUN,NONE
2023-10-26 19:56:16,P-Usine_B-000716,11674,2016.0,3.18,44.6,44.6,0.658,14.63,6.81,120.0,120.5,716,0,CNU-01,v2.4,5,59.8,RUN,NONE
2023-10-26 20:05:53,P-Usine_B-000717,11913,2019.0,2.99,49.4,35.3,0.53,12.54,7.1,120.0,122.7,717,0,CNU-02,v2.4,5,59.7,RUN,NONE
2023-10-26 20:07:43,P-Usine_B-000718,11927,1994.0,2.83,54.7,36.8,0.537,13.93,7.73,120.0,123.0,718,0,CNU-01,v2.4,1,62.7,RUN,NONE
2023-10-26 20:08:47,P-Usine_B-000719,11555,1874.0,2.8,54.0,30.6,0.445,11.89,7.73,120.0,122.8,719,0,CNU-02,v2.4,2,62.8,RUN,NONE
2023-10-26 20:07:38,P-Usine_B-000720,12113,2107.0,3.15,40.2,35.5,0.57,11.07,7.06,120.0,123.3,720,0,CNU-01,v2.4,2,64.7,RUN,NONE
2023-10-26 20:08:19,P-Usine_B-000721,12320,1986.0,3.13,48.2,30.1,0.574,10.8,5.53,120.0,116.9,721,0,CNU-02,v2.4,1,61.0,RUN,NONE
2023-10-26 20:11:12,P-Usine_B-000722,12099,2180.0,3.1,48.4,41.6,0.556,10.53,5.04,120.0,122.0,722,0,CNU-01,v2.4,3,64.0,RUN,NONE
2023-10-26 20:02:51,P-Usine_B-000723,12061,2113.0,3.02,47.6,31.2,0.523,10.63,7.26,120.0,120.7,723,0,CNU-02,v2.4,2,66.0,,NONE
2023-10-26 20:12:32,P-Usine_B-000724,11979,2115.0,2.96,43.0,36.1,0.553,11.27,7.02,120.0,121.6,724,0,CNU-01,v2.4,3,62.6,RUN,NONE
2023-10-26 20:14:08,P-Usine_B-000725,11807,2046.0,3.1,46.8,37.6,0.354,14.32,6.12,120.0,122.4,725,0,CNU-02,v2.4,4,63.3,RUN,NONE
2023-10-26 20:06:38,P-Usine_B-000726,12018,1822.0,2.87,44.6,36.9,0.403,10.06,6.65,120.0,121.5,726,0,CNU-01,v2.4,3,63.1,RUN,NONE
2023-10-26 20:06:38,P-Usine_B-000726,12018,1822.0,2.87,44.6,36.9,0.403,10.06,6.65,120.0,121.5,726,0,CNU-01,v2.4,3,63.1,RUN,NONE
2023-10-26 20:14:30,P-Usine_B-000727,11987,1979.0,3.14,42.0,41.3,0.47,13.78,5.86,120.0,121.5,727,0,CNU-02,v2.4,3,67.6,RUN,NONE
2023-10-26 20:10:22,P-Usine_B-000728,11924,1867.0,2.92,42.2,33.1,0.409,13.7,6.87,120.0,121.0,728,0,CNU-01,v2.4,5,65.7,RUN,NONE
2023-10-26 20:15:07,P-Usine_B-000729,11876,2044.0,3.16,48.1,40.5,0.504,13.21,5.0,120.0,117.6,729,0,CNU-02,v2.4,4,66.6,RUN,NONE
2023-10-26 20:18:05,P-Usine_B-000730,12046,1962.0,3.07,53.0,44.0,0.461,12.39,5.98,120.0,122.4,730,0,CNU-01,v2.4,3,66.3,RUN,NONE
2023-10-26 20:17:07,P-Usine_B-000731,11862,2055.0,3.08,54.9,33.0,0.311,10.08,7.72,120.0,122.4,731,0,CNU-02,v2.4,2,70.3,RUN,NONE
2023-10-26 20:14:51,P-Usine_B-000732,12041,1881.0,3.17,46.7,44.4,0.518,12.5,7.69,120.0,122.1,732,0,CNU-01,v2.4,1,70.4,RUN,NONE
2023-10-26 20:14:38,P-Usine_B-000733,12192,2099.0,3.0,54.9,41.1,0.442,11.44,7.4,120.0,118.7,733,0,CNU-02,v2.4,4,68.1,RUN,NONE
2023-10-26 20:19:47,P-Usine_B-000734,12145,1896.0,3.04,50.6,38.3,0.552,13.98,7.36,120.0,122.8,734,0,CNU-01,v2.4,3,69.3,RUN,NONE
2023-10-26 20:20:10,P-Usine_B-000735,12353,1857.0,3.06,43.6,40.2,0.407,11.38,7.86,120.0,121.7,735,0,CNU-02,v2.4,1,69.2,RUN,NONE
2023-10-26 20:21:22,P-Usine_B-000736,,2176.0,2.88,47.1,31.4,0.556,13.33,6.3,120.0,122.5,736,0,CNU-01,v2.4,4,70.4,RUN,NONE
2023-10-26 20:18:02,P-Usine_B-000737,12303,1861.0,2.82,41.5,44.0,0.503,14.64,7.79,120.0,122.3,737,0,CNU-02,v2.4,4,69.6,RUN,NONE
2023-10-26 20:26:37,P-Usine_B-000738,12011,1855.0,3.03,48.4,36.0,0.45,11.56,6.57,120.0,123.7,738,0,CNU-01,v2.4,2,70.3,RUN,NONE
2023-10-26 20:25:24,P-Usine_B-000739,11927,2169.0,2.89,49.7,38.8,0.535,11.86,5.11,120.0,122.1,739,0,CNU-02,v2.4,3,70.6,RUN,NONE
2023-10-26 20:28:26,P-Usine_B-000740,11899,1974.0,2.96,46.9,43.1,0.538,14.11,6.11,120.0,126.7,740,0,CNU-01,v2.4,1,71.1,RUN,NONE
2023-10-26 20:26:58,P-Usine_B-000741,11866,1865.0,3.02,47.6,32.2,0.449,13.7,6.08,120.0,120.8,741,0,CNU-02,v2.4,1,74.0,RUN,NONE
2023-10-26 20:28:26,P-Usine_B-000742,12092,2041.0,2.95,47.9,31.7,0.426,12.17,6.78,120.0,124.9,742,0,CNU-01,v2.4,5,74.2,RUN,NONE
2023-10-26 20:27:12,P-Usine_B-000743,11908,1828.0,3.01,48.9,33.4,0.485,10.84,5.37,120.0,124.1,743,0,CNU-02,v2.4,5,73.3,RUN,NONE
2023-10-26 20:27:08,P-Usine_B-000744,11836,1860.0,3.11,55.0,35.2,0.482,14.94,5.45,120.0,119.9,744,0,CNU-01,v2.4,2,76.1,RUN,NONE
2023-10-26 20:25:53,P-Usine_B-000745,11754,2184.0,2.97,41.5,40.6,0.359,11.13,6.93,120.0,121.4,745,0,CNU-02,v2.4,3,77.1,RUN,NONE
2023-10-26 20:26:46,P-Usine_B-000746,12227,1833.0,3.14,42.5,40.2,0.472,14.21,7.31,120.0,123.0,746,0,CNU-01,v2.4,3,73.4,RUN,NONE
2023-10-26 20:34:36,P-Usine_B-000747,11561,1910.0,2.94,51.2,30.6,0.487,14.56,6.44,120.0,122.4,747,0,CNU-02,v2.4,4,76.4,RUN,NONE
2023-10-26 20:37:17,P-Usine_B-000748,12168,1841.0,2.92,50.7,35.5,0.483,13.55,7.1,120.0,124.1,748,0,CNU-01,v2.4,5,77.8,RUN,NONE
2023-10-26 20:31:34,P-Usine_B-000749,12049,1922.0,3.02,40.0,31.6,0.509,10.18,7.88,120.0,120.8,749,0,CNU-02,v2.4,1,75.8,RUN,NONE
2023-10-26 20:36:56,P-Usine_B-000750,12129,1909.0,3.05,44.1,33.2,0.527,14.74,5.67,120.0,123.3,750,0,CNU-01,v2.4,5,75.9,RUN,NONE
2023-10-26 20:37:09,P-Usine_B-000751,11973,2105.0,2.84,53.4,36.9,0.404,11.43,7.55,120.0,122.2,751,0,CNU-02,v2.4,5,76.1,RUN,NONE
2023-10-26 20:37:45,P-Usine_B-000752,11530,1849.0,3.17,44.5,33.1,0.395,12.01,7.87,120.0,121.5,752,0,CNU-01,v2.4,2,80.2,RUN,NONE
2023-10-26 20:33:02,P-Usine_B-000753,11951,1865.0,2.86,54.0,39.6,0.541,12.13,5.3,120.0,120.0,753,0,CNU-02,v2.4,5,76.8,RUN,NONE
2023-10-26 20:36:09,P-Usine_B-000754,11851,2039.0,3.17,41.2,39.8,0.59,11.09,5.89,120.0,125.8,754,0,CNU-01,v2.4,1,81.5,RUN,NONE
2023-10-26 20:42:15,P-Usine_B-000755,11875,1879.0,2.91,46.2,38.9,0.46,13.59,6.36,120.0,123.9,755,0,CNU-02,v2.4,3,80.9,RUN,NONE
2023-10-26 20:43:24,P-Usine_B-000756,11927,2188.0,3.09,49.5,35.6,0.528,12.44,6.63,120.0,121.2,756,0,CNU-01,v2.4,4,82.5,RUN,NONE
2023-10-26 20:46:04,P-Usine_B-000757,12057,1841.0,3.16,42.8,31.2,0.441,14.03,7.21,120.0,122.5,757,0,CNU-02,v2.4,2,82.2,RUN,NONE
2023-10-26 20:41:00,P-Usine_B-000758,11988,2016.0,3.13,49.8,34.1,0.472,11.2,5.77,120.0,123.3,758,0,CNU-01,v2.4,1,83.0,RUN,NONE
2023-10-26 20:39:01,P-Usine_B-000759,12038,2155.0,2.96,45.3,34.8,0.435,12.2,5.71,120.0,123.1,759,0,CNU-02,v2.4,3,79.9,RUN,NONE
2023-10-26 20:44:17,P-Usine_B-000760,12056,2043.0,2.91,46.6,39.3,0.473,12.41,7.57,120.0,125.5,760,0,CNU-01,v2.4,5,81.5,RUN,NONE
2023-10-26 20:45:43,P-Usine_B-000761,11989,2198.0,2.82,41.6,35.9,0.429,14.63,7.76,120.0,123.2,761,0,CNU-02,v2.4,5,82.1,RUN,NONE
2023-10-26 20:49:22,P-Usine_B-000762,12029,2154.0,3.03,41.5,38.0,0.636,10.19,5.43,120.0,124.2,762,0,CNU-01,v2.4,5,85.1,RUN,NONE
2023-10-26 20:43:40,P-Usine_B-000763,11827,1921.0,3.2,50.1,32.0,0.623,14.43,6.85,120.0,120.5,763,0,CNU-02,v2.4,5,83.7,RUN,NONE
2023-10-26 20:45:59,P-Usine_B-000764,11936,1974.0,2.95,48.4,39.8,0.657,10.66,5.1,120.0,120.0,764,0,CNU-01,v2.4,4,83.6,RUN,NONE
2023-10-26 20:54:09,P-Usine_B-000765,12156,2142.0,3.07,54.2,42.4,0.526,11.29,5.67,120.0,120.1,765,0,CNU-02,v2.4,2,85.9,RUN,NONE
2023-10-26 20:52:29,P-Usine_B-000766,12066,1834.0,2.89,49.6,41.3,0.523,11.94,7.16,120.0,121.4,766,0,CNU-01,v2.4,3,86.7,RUN,NONE
2023-10-26 20:47:47,P-Usine_B-000767,11971,1975.0,2.93,49.7,43.7,0.581,12.51,6.85,120.0,119.1,767,0,CNU-02,v2.4,3,84.9,RUN,NONE
2023-10-26 20:50:57,P-Usine_B-000768,11756,1872.0,,41.1,41.3,0.611,10.95,7.4,120.0,127.4,768,0,CNU-01,v2.4,1,87.3,RUN,NONE
2023-10-26 20:49:50,P-Usine_B-000769,12147,2148.0,2.88,45.1,34.1,0.543,13.39,7.52,120.0,124.3,769,0,CNU-02,v2.4,3,87.3,RUN,NONE
2023-10-26 20:58:19,P-Usine_B-000770,12297,1890.0,3.02,52.3,41.3,0.469,10.87,6.46,120.0,123.9,770,0,CNU-01,v2.4,4,86.6,RUN,NONE
2023-10-26 20:55:47,P-Usine_B-000771,12124,2031.0,3.08,46.9,41.0,0.425,11.94,7.76,120.0,125.5,771,0,CNU-02,v2.4,3,85.8,RUN,NONE
2023-10-26 21:00:25,P-Usine_B-000772,12272,1933.0,3.03,51.4,44.1,0.616,13.65,6.71,120.0,121.7,772,0,CNU-01,v2.4,2,88.5,RUN,NONE
2023-10-26 20:57:41,P-Usine_B-000773,11772,2188.0,3.19,45.2,39.6,0.419,14.84,7.44,120.0,118.2,773,0,CNU-02,v2.4,5,88.0,RUN,NONE
2023-10-26 21:03:13,P-Usine_B-000774,12065,2005.0,2.88,41.2,32.8,0.601,13.04,7.2,120.0,121.7,774,0,CNU-01,v2.4,2,90.5,RUN,NONE
2023-10-26 20:57:58,P-Usine_B-000775,11958,2147.0,2.94,53.7,43.8,0.586,12.43,7.3,120.0,119.8,775,0,CNU-02,v2.4,2,91.6,RUN,NONE
2023-10-26 21:02:06,P-Usine_B-000776,12010,1991.0,3.15,52.5,36.6,0.442,13.59,5.95,120.0,124.0,776,0,CNU-01,v2.4,4,90.0,RUN,NONE
2023-10-26 21:01:16,P-Usine_B-000777,11988,1848.0,3.07,51.6,30.4,0.549,13.11,6.01,120.0,118.0,777,0,CNU-02,v2.4,5,92.9,RUN,NONE
2023-10-26 21:00:35,P-Usine_B-000778,11986,1858.0,2.93,46.3,43.2,0.589,11.64,5.79,120.0,122.3,778,0,CNU-01,v2.4,2,93.2,RUN,NONE
2023-10-26 20:58:23,P-Usine_B-000779,11742,1980.0,3.05,49.6,36.0,0.506,12.95,7.64,120.0,120.1,779,0,CNU-02,v2.4,3,93.2,RUN,NONE
2023-10-26 20:59:31,P-Usine_B-000780,11958,1840.0,2.91,41.2,38.6,0.365,12.83,7.16,120.0,122.8,780,0,CNU-01,v2.4,4,92.8,RUN,NONE
2023-10-26 21:07:50,P-Usine_B-000781,12168,2120.0,3.09,42.9,37.3,0.624,14.53,6.51,120.0,122.3,781,0,CNU-02,v2.4,5,95.5,RUN,NONE
2023-10-26 21:04:20,P-Usine_B-000782,12227,2198.0,3.1,51.8,30.9,0.389,11.65,6.82,120.0,119.4,782,0,CNU-01,v2.4,4,91.6,RUN,NONE
2023-10-26 21:05:11,P-Usine_B-000783,11910,1832.0,2.96,40.7,31.2,0.343,13.86,6.02,120.0,123.8,783,0,CNU-02,v2.4,3,93.4,RUN,NONE
2023-10-26 21:11:18,P-Usine_B-000784,11881,2151.0,3.12,46.6,30.4,0.64,11.64,6.59,120.0,124.1,784,0,CNU-01,v2.4,5,96.6,RUN,NONE
2023-10-26 21:11:22,P-Usine_B-000785,12132,1860.0,3.03,51.7,39.6,0.527,11.59,6.94,120.0,123.2,785,0,CNU-02,v2.4,5,92.9,RUN,NONE
2023-10-26 21:07:05,P-Usine_B-000786,11714,2071.0,3.19,43.6,41.6,0.526,12.77,5.8,120.0,124.0,786,0,CNU-01,v2.4,3,94.3,RUN,NONE
2023-10-26 21:10:05,P-Usine_B-000787,11897,2133.0,3.18,46.4,41.0,0.345,10.93,5.98,120.0,121.7,787,0,CNU-02,v2.4,2,96.2,RUN,NONE
2023-10-26 21:12:01,P-Usine_B-000788,12047,2164.0,3.16,43.3,30.5,0.479,11.06,5.03,120.0,120.2,999.9,0,CNU-01,v2.4,5,98.7,RUN,NONE
2023-10-26 21:16:45,P-Usine_B-000789,12055,1933.0,3.12,49.1,38.0,0.61,11.63,5.42,120.0,122.3,789,0,CNU-02,v2.4,3,96.3,RUN,NONE
2023-10-26 21:16:36,P-Usine_B-000790,11869,2168.0,3.1,53.6,40.8,0.517,14.08,5.53,120.0,119.7,790,0,CNU-01,v2.4,1,95.1,RUN,NONE
2023-10-26 21:12:37,P-Usine_B-000791,11888,2026.0,2.93,48.2,43.6,0.354,10.67,7.51,120.0,120.3,791,0,CNU-02,v2.4,4,98.0,RUN,NONE
2023-10-26 21:19:10,P-Usine_B-000792,12150,1823.0,2.83,54.6,43.6,0.494,13.35,7.62,120.0,124.2,792,0,CNU-01,v2.4,5,100,RUN,NONE
2023-10-26 21:19:37,P-Usine_B-000793,11941,2034.0,2.94,51.4,30.3,0.549,10.23,5.92,120.0,124.7,793,0,CNU-02,v2.4,1,100,RUN,NONE
2023-10-26 21:18:58,P-Usine_B-000794,11931,2149.0,2.89,42.2,34.2,0.514,14.76,5.79,120.0,123.8,794,0,CNU-01,v2.4,5,98.8,RUN,NONE
2023-10-26 21:16:36,P-Usine_B-000795,11550,2015.0,2.91,42.9,31.6,0.457,14.07,6.37,120.0,124.2,795,0,CNU-02,v2.4,5,99.0,RUN,NONE
2023-10-26 21:16:53,P-Usine_B-000796,12110,2127.0,2.9,42.9,35.9,0.581,12.87,6.61,120.0,121.8,796,0,CNU-01,v2.4,3,98.9,RUN,NONE
2023-10-26 21:19:12,P-Usine_B-000797,12202,1880.0,2.97,41.3,36.9,0.605,13.57,6.23,120.0,122.6,797,0,CNU-02,v2.4,2,100,RUN,NONE
2023-10-26 21:21:03,P-Usine_B-000798,11941,1846.0,3.18,53.9,43.7,0.607,13.2,5.16,120.0,122.6,798,0,CNU-01,v2.4,3,100,RUN,NONE
2023-10-26 21:24:36,P-Usine_B-000799,12100,2101.0,2.91,40.3,37.7,0.375,10.66,6.14,120.0,120.0,799,0,CNU-02,v2.4,5,100,RUN,NONE
2023-10-26 21:22:35,P-Usine_B-000800,12120,2127.0,3.05,50.0,44.6,0.383,13.72,7.97,120.0,122.6,800,0,CNU-01,v2.4,3,3.7,RUN,NONE
2023-10-26 21:26:54,P-Usine_B-000801,11998,1822.0,3.02,48.4,41.8,0.407,14.48,7.85,120.0,123.7,801,0,CNU-02,v2.4,5,4.2,RUN,NONE
2023-10-26 21:25:43,P-Usine_B-000802,12229,2092.0,3.15,51.4,36.2,0.385,11.58,7.29,120.0,125.4,802,0,CNU-01,v2.4,3,6.0,RUN,NONE
2023-10-26 21:24:02,P-Usine_B-000803,11880,2120.0,2.99,48.4,37.7,0.649,10.69,5.34,120.0,120.9,803,0,CNU-02,v2.4,1,5.4,RUN,NONE
2023-10-26 21:27:36,P-Usine_B-000804,12023,1975.0,2.84,51.7,44.0,0.852,11.95,7.91,120.0,121.1,804,0,CNU-01,v2.4,3,2.3,RUN,NONE
2023-10-26 21:28:15,P-Usine_B-000805,11898,2067.0,2.9,51.6,35.1,0.368,12.95,6.51,120.0,122.2,805,0,CNU-02,v2.4,4,3.3,RUN,NONE
2023-10-26 21:33:47,P-Usine_B-000806,12142,1927.0,3.1,41.1,44.3,0.314,10.97,5.59,120.0,122.4,806,0,CNU-01,v2.4,1,5.7,RUN,NONE
2023-10-26 21:26:42,P-Usine_B-000807,12032,1850.0,2.87,41.7,35.2,0.609,11.65,7.57,120.0,120.9,807,0,CNU-02,v2.4,2,7.1,RUN,NONE
2023-10-26 21:36:10,P-Usine_B-000808,11899,2155.0,2.87,51.9,31.2,0.481,14.86,6.28,120.0,121.7,808,0,CNU-01,v2.4,1,7.2,RUN,NONE
2023-10-26 21:36:52,P-Usine_B-000809,11991,2108.0,3.0,54.7,42.2,0.449,12.88,5.12,120.0,122.9,809,0,CNU-02,v2.4,3,9.3,RUN,NONE
2023-10-26 21:34:50,P-Usine_B-000810,12300,2062.0,2.94,43.8,37.1,0.475,14.67,6.54,120.0,123.1,810,0,CNU-01,v2.4,3,7.8,RUN,NONE
2023-10-26 21:31:49,P-Usine_B-000811,11910,1980.0,3.18,47.2,39.8,0.289,10.61,6.77,120.0,120.6,811,0,CNU-02,v2.4,3,8.6,RUN,NONE
2023-10-26 21:35:38,P-Usine_B-000812,11693,2028.0,2.86,52.3,30.1,0.393,10.69,6.01,120.0,125.6,812,0,CNU-01,v2.4,1,6.2,RUN,NONE
2023-10-26 21:40:59,P-Usine_B-000813,12072,1973.0,2.88,47.5,40.9,0.605,11.85,7.8,120.0,123.8,813,0,CNU-02,v2.4,4,10.4,RUN,NONE
2023-10-26 21:35:31,P-Usine_B-000814,12034,1890.0,3.18,45.5,37.4,0.615,11.38,7.62,120.0,125.9,814,0,CNU-01,v2.4,1,8.0,RUN,NONE
2023-10-26 21:41:46,P-Usine_B-000815,12053,1991.0,3.11,40.9,33.9,0.392,11.28,6.97,120.0,122.2,815,0,CNU-02,v2.4,3,7.9,RUN,NONE
2023-10-26 21:42:53,P-Usine_B-000816,11718,1840.0,3.07,41.1,44.8,0.276,10.3,5.63,120.0,123.1,816,0,CNU-01,v2.4,2,10.6,RUN,NONE
2023-10-26 21:42:33,P-Usine_B-000817,12249,2090.0,2.97,48.2,37.7,0.431,14.56,6.9,120.0,120.6,817,0,CNU-02,v2.4,4,10.5,RUN,NONE
2023-10-26 21:46:05,P-Usine_B-000818,12125,1908.0,2.85,46.4,35.9,0.384,10.16,5.54,120.0,123.7,818,0,CNU-01,v2.4,3,10.8,RUN,NONE
2023-10-26 21:41:18,P-Usine_B-000819,12225,1870.0,3.07,45.4,32.0,0.422,10.03,7.98,120.0,124.6,819,0,CNU-02,v2.4,4,10.0,RUN,NONE
2023-10-26 21:46:10,P-Usine_B-000820,11970,2122.0,2.8,44.4,41.6,0.502,13.15,6.04,120.0,126.1,820,0,CNU-01,v2.4,5,14.7,RUN,NONE
2023-10-26 21:39:55,P-Usine_B-000821,12193,2026.0,3.06,51.1,38.2,0.832,14.49,6.26,120.0,120.9,821,0,CNU-02,v2.4,2,13.3,RUN,NONE
2023-10-26 21:49:01,P-Usine_B-000822,12206,2102.0,3.17,43.8,37.7,0.441,11.34,5.78,120.0,122.1,822,0,CNU-01,v2.4,5,13.6,RUN,NONE
2023-10-26 21:49:01,P-Usine_B-000822,12206,2102.0,3.17,43.8,37.7,0.441,11.34,5.78,120.0,122.1,822,0,CNU-01,v2.4,5,13.6,RUN,NONE
2023-10-26 21:43:09,P-Usine_B-000823,12051,2119.0,3.04,42.7,36.9,0.3,10.1,6.85,120.0,123.4,823,0,CNU-02,v2.4,3,15.4,RUN,NONE
2023-10-26 21:47:50,P-Usine_B-000824,12256,2148.0,2.88,41.5,32.4,0.345,13.58,5.97,120.0,119.5,824,0,CNU-01,v2.4,5,16.5,RUN,NONE
2023-10-26 21:51:11,P-Usine_B-000825,11861,2033.0,2.83,50.2,34.7,0.388,13.91,7.95,120.0,122.7,825,0,CNU-02,v2.4,4,15.0,RUN,NONE
2023-10-26 21:51:01,P-Usine_B-000826,11709,2131.0,3.11,43.0,42.8,0.687,14.69,6.73,120.0,122.1,826,0,CNU-01,v2.4,3,14.4,RUN,NONE
2023-10-26 21:54:36,P-Usine_B-000827,12312,2032.0,2.96,45.2,35.1,0.449,12.53,7.44,120.0,122.7,827,0,CNU-02,v2.4,4,14.8,RUN,NONE
2023-10-26 21:55:01,P-Usine_B-000828,12056,2009.0,2.98,50.1,39.2,0.501,11.5,7.53,120.0,120.3,828,0,CNU-01,v2.4,3,16.1,RUN,NONE
2023-10-26 21:47:08,P-Usine_B-000829,11713,2027.0,2.89,43.8,43.2,0.286,14.74,7.84,120.0,123.3,829,0,CNU-02,v2.4,1,16.8,RUN,NONE
2023-10-26 21:50:26,P-Usine_B-000830,11795,1841.0,2.82,52.8,32.6,0.56,13.08,7.69,120.0,119.8,830,0,CNU-01,v2.4,1,15.4,RUN,NONE
2023-10-26 21:50:26,P-Usine_B-000830,11795,1841.0,2.82,52.8,32.6,0.56,13.08,7.69,120.0,119.8,830,0,CNU-01,v2.4,1,15.4,RUN,NONE
2023-10-26 21:53:47,P-Usine_B-000831,12175,2082.0,3.12,49.7,35.8,0.532,14.44,5.66,120.0,120.4,831,0,CNU-02,v2.4,2,20.2,RUN,NONE
2023-10-26 21:56:26,P-Usine_B-000832,12099,2174.0,2.84,40.9,35.4,0.545,13.0,6.36,120.0,123.4,832,0,CNU-01,v2.4,3,18.3,RUN,NONE
2023-10-26 21:58:34,P-Usine_B-000833,11894,1938.0,3.07,49.6,43.0,0.513,11.59,7.02,120.0,122.4,833,0,CNU-02,v2.4,1,18.8,RUN,NONE
2023-10-26 22:01:01,P-Usine_B-000834,11935,2154.0,3.0,54.1,40.7,0.317,10.46,5.73,120.0,124.7,834,0,CNU-01,v2.4,4,19.8,RUN,NONE
2023-10-26 21:57:25,P-Usine_B-000835,11940,2015.0,3.19,51.2,37.7,0.529,11.46,6.3,120.0,120.0,835,0,CNU-02,v2.4,3,20.7,RUN,NONE
2023-10-26 21:55:26,P-Usine_B-000836,11840,1891.0,3.02,52.1,37.5,0.452,12.52,6.25,120.0,122.8,836,0,CNU-01,v2.4,4,19.7,RUN,NONE
2023-10-26 22:04:14,P-Usine_B-000837,11691,2078.0,3.14,53.0,36.1,0.418,14.23,6.6,120.0,123.8,837,0,CNU-02,v2.4,2,22.2,RUN,NONE
2023-10-26 22:00:43,P-Usine_B-000838,12217,2129.0,3.14,40.2,31.9,0.421,10.03,7.44,120.0,123.3,838,0,CNU-01,v2.4,5,20.3,RUN,NONE
2023-10-26 21:56:58,P-Usine_B-000839,11833,1890.0,3.16,50.5,43.1,0.544,13.24,7.76,120.0,118.0,839,0,CNU-02,v2.4,5,21.7,RUN,NONE
2023-10-26 22:06:59,P-Usine_B-000840,12044,2200.0,2.88,52.0,39.5,0.41,11.49,5.23,120.0,120.3,840,0,CNU-01,v2.4,2,21.2,RUN,NONE
2023-10-26 22:08:21,P-Usine_B-000841,11807,1877.0,3.19,52.9,43.6,0.584,10.96,6.01,120.0,120.0,841,0,CNU-02,v2.4,2,24.4,RUN,NONE
2023-10-26 22:09:11,P-Usine_B-000842,12261,1947.0,2.8,53.6,36.4,0.377,10.72,5.99,120.0,120.2,842,0,CNU-01,v2.4,4,21.7,RUN,NONE
2023-10-26 22:09:58,P-Usine_B-000843,12037,1838.0,2.9,41.3,30.1,0.607,11.67,5.33,120.0,121.7,843,0,CNU-02,v2.4,5,26.2,RUN,NONE
2023-10-26 22:08:50,P-Usine_B-000844,12424,2136.0,3.09,46.2,38.0,0.49,14.01,5.49,120.0,121.9,844,0,CNU-01,v2.4,4,24.5,RUN,NONE
2023-10-26 22:08:19,P-Usine_B-000845,12017,1968.0,3.17,49.7,32.7,0.619,12.23,6.38,120.0,121.9,845,0,CNU-02,v2.4,1,24.5,RUN,NONE
2023-10-26 22:08:19,P-Usine_B-000845,12017,1968.0,3.17,49.7,32.7,0.619,12.23,6.38,120.0,121.9,845,0,CNU-02,v2.4,1,24.5,RUN,NONE
2023-10-26 22:13:25,P-Usine_B-000846,11779,1878.0,3.11,47.0,44.5,0.376,12.35,6.83,120.0,126.0,846,0,CNU-01,v2.4,4,25.4,RUN,NONE
2023-10-26 22:14:34,P-Usine_B-000847,12211,2071.0,2.94,49.9,32.9,0.573,10.4,7.83,120.0,122.4,847,0,CNU-02,v2.4,5,28.3,RUN,NONE
2023-10-26 22:13:17,P-Usine_B-000848,12240,2041.0,2.98,48.9,43.6,0.435,12.93,6.1,120.0,120.7,848,0,CNU-01,v2.4,1,27.6,RUN,NONE
2023-10-26 22:15:50,P-Usine_B-000849,12001,1996.0,2.86,49.1,40.8,0.646,13.79,6.04,120.0,121.5,849,0,CNU-02,v2.4,2,28.2,RUN,NONE
2023-10-26 22:14:42,P-Usine_B-000850,12088,2129.0,2.87,47.1,35.7,0.568,10.68,7.17,120.0,119.5,850,0,CNU-01,v2.4,1,27.2,RUN,NONE
2023-10-26 22:13:08,P-Usine_B-000851,11987,1906.0,3.2,48.3,36.5,0.538,10.63,5.74,120.0,117.1,851,0,CNU-02,v2.4,5,29.4,RUN,NONE
2023-10-26 22:17:21,P-Usine_B-000852,12093,1833.0,3.1,48.9,36.5,0.416,14.99,6.38,120.0,123.2,852,0,CNU-01,v2.4,1,28.2,RUN,NONE
2023-10-26 22:11:20,P-Usine_B-000853,11754,1995.0,3.12,42.2,37.0,0.478,14.11,7.85,120.0,124.6,853,0,CNU-02,v2.4,2,27.3,RUN,NONE
2023-10-26 22:19:41,P-Usine_B-000854,11956,1824.0,2.99,48.1,37.2,0.287,11.46,7.23,120.0,122.9,854,0,CNU-01,v2.4,1,29.6,RUN,NONE
2023-10-26 22:17:18,P-Usine_B-000855,12248,2196.0,2.99,50.2,32.3,0.601,12.83,5.6,120.0,121.5,855,0,CNU-02,v2.4,4,31.3,RUN,NONE
2023-10-26 22:15:31,P-Usine_B-000856,11948,2195.0,2.94,48.0,38.6,0.466,11.29,6.72,120.0,122.6,856,0,CNU-01,v2.4,3,31.8,RUN,NONE
2023-10-26 22:16:49,P-Usine_B-000857,11756,1906.0,2.93,53.7,31.7,0.475,13.74,6.73,120.0,124.4,857,0,CNU-02,v2.4,3,32.9,RUN,NONE
2023-10-26 22:16:41,P-Usine_B-000858,11646,1862.0,2.88,44.9,43.2,0.459,11.17,6.37,120.0,121.9,858,0,CNU-01,v2.4,3,32.1,RUN,NONE
2023-10-26 22:17:49,P-Usine_B-000859,12372,1859.0,3.04,54.3,35.3,0.397,14.46,7.51,120.0,118.8,859,0,CNU-02,v2.4,5,30.6,RUN,NONE
2023-10-26 22:25:25,P-Usine_B-000860,12022,1940.0,2.88,46.6,42.4,0.486,14.04,7.84,120.0,119.4,860,0,CNU-01,v2.4,2,34.5,RUN,NONE
2023-10-26 22:28:18,P-Usine_B-000861,11973,2021.0,3.13,46.8,37.6,0.625,14.69,6.8,120.0,120.4,861,0,CNU-02,v2.4,2,34.3,RUN,NONE
2023-10-26 22:19:52,P-Usine_B-000862,11793,2156.0,2.97,52.3,36.5,0.262,14.58,7.43,120.0,122.7,862,0,CNU-01,v2.4,1,34.8,RUN,NONE
2023-10-26 22:25:43,P-Usine_B-000863,12333,2056.0,2.81,43.3,36.4,0.535,11.6,7.26,120.0,121.8,863,0,CNU-02,v2.4,2,33.5,RUN,NONE
2023-10-26 22:26:28,P-Usine_B-000864,12212,2137.0,2.94,50.4,36.3,0.571,13.62,5.37,120.0,122.3,864,0,CNU-01,v2.4,2,35.2,RUN,NONE
2023-10-26 22:30:20,P-Usine_B-000865,11860,2105.0,3.1,41.3,,0.615,10.97,5.98,120.0,120.5,865,0,CNU-02,v2.4,4,35.7,RUN,NONE
2023-10-26 22:31:05,P-Usine_B-000866,12256,2072.0,3.07,42.0,37.4,0.696,14.0,5.58,120.0,121.0,866,0,CNU-01,v2.4,5,33.9,RUN,NONE
2023-10-26 22:31:29,P-Usine_B-000867,12188,1914.0,3.05,50.1,30.3,0.65,11.86,6.56,120.0,122.6,867,0,CNU-02,v2.4,2,35.8,RUN,NONE
2023-10-26 22:28:41,P-Usine_B-000868,12150,2026.0,2.97,48.3,33.7,0.426,11.15,6.38,120.0,122.8,868,0,CNU-01,v2.4,5,34.9,RUN,NONE
2023-10-26 22:35:07,P-Usine_B-000869,11951,1984.0,3.19,44.8,34.5,0.476,13.12,5.57,120.0,122.3,869,0,CNU-02,v2.4,1,39.5,RUN,NONE
2023-10-26 22:29:10,P-Usine_B-000870,11707,1967.0,3.03,50.1,44.6,0.321,11.17,6.31,120.0,122.0,870,0,CNU-01,v2.4,4,37.7,RUN,NONE
2023-10-26 22:30:35,P-Usine_B-000871,12098,2146.0,2.99,54.3,41.1,0.562,10.85,5.1,120.0,125.2,871,0,CNU-02,v2.4,1,36.3,RUN,NONE
2023-10-26 22:35:36,P-Usine_B-000872,11845,2077.0,2.97,51.6,32.8,0.464,13.53,5.58,120.0,126.6,872,0,CNU-01,v2.4,4,36.8,RUN,NONE
2023-10-26 22:32:40,P-Usine_B-000873,11660,2017.0,3.17,49.7,36.3,0.827,10.56,7.61,120.0,125.0,873,0,CNU-02,v2.4,2,41.3,RUN,NONE
2023-10-26 22:33:26,P-Usine_B-000874,11832,2031.0,2.99,41.0,31.7,0.491,12.18,7.13,120.0,999.9,874,0,CNU-01,v2.4,2,37.6,RUN,NONE
2023-10-26 22:34:39,P-Usine_B-000875,12108,1983.0,2.84,54.8,32.1,0.388,13.43,7.3,120.0,121.9,875,0,CNU-02,v2.4,1,38.9,RUN,NONE
2023-10-26 22:34:37,P-Usine_B-000876,11719,2031.0,3.11,42.0,40.7,0.501,14.76,7.56,120.0,120.5,876,0,CNU-01,v2.4,3,39.9,RUN,NONE
2023-10-26 22:41:12,P-Usine_B-000877,12029,1983.0,3.15,51.5,35.1,0.294,10.28,7.61,120.0,122.3,877,0,CNU-02,v2.4,3,41.7,RUN,NONE
2023-10-26 22:36:38,P-Usine_B-000878,11942,2012.0,3.16,40.8,42.5,0.507,10.52,7.38,120.0,121.8,878,0,CNU-01,v2.4,5,39.0,RUN,NONE
2023-10-26 22:45:36,P-Usine_B-000879,11993,1920.0,2.92,40.6,40.2,0.49,11.86,6.7,120.0,120.2,879,0,CNU-02,v2.4,2,40.8,RUN,NONE
2023-10-26 22:40:32,P-Usine_B-000880,11896,2129.0,2.92,53.7,32.8,0.619,12.18,6.67,120.0,124.7,880,0,CNU-01,v2.4,3,44.4,RUN,NONE
2023-10-26 22:48:49,P-Usine_B-000881,12049,1846.0,3.02,44.0,43.3,0.477,14.87,5.75,120.0,124.1,881,0,CNU-02,v2.4,3,42.6,RUN,NONE
2023-10-26 22:47:31,P-Usine_B-000882,11885,2149.0,3.11,43.4,37.9,0.606,10.04,5.14,120.0,120.4,882,0,CNU-01,v2.4,1,41.5,RUN,NONE
2023-10-26 22:45:28,P-Usine_B-000883,11768,1995.0,3.02,41.0,32.3,0.485,11.94,5.0,120.0,122.7,883,0,CNU-02,v2.4,2,46.3,RUN,NONE
2023-10-26 22:47:37,P-Usine_B-000884,11933,2029.0,3.16,52.7,33.7,0.336,10.78,7.51,120.0,120.4,884,0,CNU-01,v2.4,3,46.5,RUN,NONE
2023-10-26 22:47:54,P-Usine_B-000885,11826,2005.0,3.04,42.4,34.3,0.282,11.75,7.48,120.0,124.0,885,0,CNU-02,v2.4,5,46.9,RUN,NONE
2023-10-26 22:45:56,P-Usine_B-000886,11558,2193.0,2.87,46.2,38.2,0.738,12.93,7.3,120.0,124.7,886,0,CNU-01,v2.4,1,47.2,RUN,NONE
2023-10-26 22:45:17,P-Usine_B-000887,12173,1914.0,2.99,45.2,38.4,0.511,11.39,6.58,120.0,123.7,887,0,CNU-02,v2.4,1,48.1,RUN,NONE
2023-10-26 22:47:26,P-Usine_B-000888,11770,1912.0,2.97,41.2,42.5,0.394,13.81,6.73,120.0,119.0,888,0,CNU-01,v2.4,1,46.8,RUN,NONE
2023-10-26 22:52:51,P-Usine_B-000889,12256,2044.0,2.99,51.9,31.4,0.357,14.92,7.33,120.0,120.2,889,0,CNU-02,v2.4,2,49.1,RUN,NONE
2023-10-26 22:49:54,P-Usine_B-000890,12145,1972.0,2.81,40.3,40.0,0.49,10.05,6.4,120.0,122.3,890,0,CNU-01,v2.4,2,49.0,RUN,NONE
2023-10-26 22:51:30,P-Usine_B-000891,11698,1804.0,3.01,50.9,39.5,,13.32,6.83,120.0,119.3,891,0,CNU-02,v2.4,5,48.8,RUN,NONE
2023-10-26 22:51:54,P-Usine_B-000892,11729,1990.0,2.89,41.2,37.2,0.445,11.08,7.79,120.0,122.8,892,0,CNU-01,v2.4,1,49.7,RUN,NONE
2023-10-26 22:55:28,P-Usine_B-000893,12215,2027.0,3.02,47.6,41.4,0.397,13.7,7.92,120.0,120.8,893,0,CNU-02,v2.4,1,49.4,RUN,NONE
2023-10-26 22:52:32,P-Usine_B-000894,11558,2065.0,2.91,45.6,41.8,0.436,13.47,6.86,120.0,123.3,894,0,CNU-01,v2.4,1,48.7,RUN,NONE
2023-10-26 22:58:17,P-Usine_B-000895,11753,1990.0,3.13,50.7,37.7,0.528,11.88,5.72,120.0,121.9,895,0,CNU-02,v2.4,1,52.4,RUN,NONE
2023-10-26 23:00:17,P-Usine_B-000896,11889,1804.0,3.13,53.7,31.5,0.401,11.61,5.48,120.0,120.5,896,0,CNU-01,v2.4,4,50.9,RUN,NONE
2023-10-26 23:00:53,P-Usine_B-000897,11854,1870.0,3.02,53.1,30.7,0.379,12.09,7.39,120.0,121.2,897,0,CNU-02,v2.4,1,48.7,RUN,NONE
2023-10-26 23:01:58,P-Usine_B-000898,11872,1922.0,3.08,50.1,39.3,0.375,14.06,7.98,120.0,122.1,898,0,CNU-01,v2.4,3,51.6,RUN,NONE
2023-10-26 23:05:14,P-Usine_B-000899,11673,2189.0,3.01,42.4,36.4,0.533,11.37,7.07,120.0,121.9,899,0,CNU-02,v2.4,1,50.9,RUN,NONE
2023-10-26 23:05:25,P-Usine_B-000900,11796,2013.0,2.94,52.3,39.9,0.501,10.63,6.43,120.0,123.3,900,0,CNU-01,v2.4,4,54.1,RUN,NONE
2023-10-26 22:59:47,P-Usine_B-000901,12152,1849.0,2.91,40.2,42.3,0.566,10.82,7.83,120.0,120.7,901,0,CNU-02,v2.4,3,53.1,RUN,NONE
2023-10-26 23:04:11,P-Usine_B-000902,12126,2191.0,3.15,52.9,37.1,0.507,13.99,6.66,120.0,118.6,902,0,CNU-01,v2.4,2,54.7,RUN,NONE
2023-10-26 23:02:11,P-Usine_B-000903,11966,2168.0,2.87,53.3,44.6,0.472,14.55,5.35,120.0,119.7,903,0,CNU-02,v2.4,5,56.4,RUN,NONE
2023-10-26 23:07:01,P-Usine_B-000904,11840,2005.0,3.07,46.6,34.2,0.594,999.9,6.99,120.0,123.3,904,0,CNU-01,v2.4,4,52.1,RUN,NONE
2023-10-26 23:08:54,P-Usine_B-000905,11721,2074.0,3.06,40.2,34.4,0.859,11.6,6.62,120.0,124.1,905,0,CNU-02,v2.4,5,55.3,RUN,NONE
2023-10-26 23:06:39,P-Usine_B-000906,12156,999.9,3.19,49.6,37.5,0.857,12.61,5.93,120.0,121.0,906,0,CNU-01,v2.4,4,54.8,RUN,NONE
2023-10-26 23:09:18,P-Usine_B-000907,11989,1980.0,2.89,54.1,34.6,0.814,13.23,5.41,120.0,118.7,907,0,CNU-02,v2.4,3,58.4,RUN,NONE
2023-10-26 23:11:12,P-Usine_B-000908,11940,1861.0,3.17,49.3,44.2,0.854,14.73,7.69,120.0,124.1,908,0,CNU-01,v2.4,3,54.4,999.9,NONE
2023-10-26 23:15:57,P-Usine_B-000909,12240,1894.0,3.11,41.2,31.1,0.843,11.03,6.08,120.0,121.4,909,0,CNU-02,v2.4,2,57.6,RUN,NONE
2023-10-26 23:12:04,P-Usine_B-000910,12007,2021.0,2.86,49.0,31.2,1.126,13.26,5.33,120.0,123.2,910,0,CNU-01,v2.4,4,59.1,RUN,NONE
2023-10-26 23:12:51,P-Usine_B-000911,11822,1830.0,3.01,48.8,43.4,1.199,13.58,5.63,120.0,123.0,911,0,CNU-02,v2.4,1,59.5,RUN,NONE
2023-10-26 23:14:55,P-Usine_B-000912,11794,1936.0,2.85,45.9,34.6,0.938,11.44,6.38,120.0,122.6,912,0,CNU-01,v2.4,4,59.5,RUN,NONE
2023-10-26 23:13:28,P-Usine_B-000913,11999,1866.0,3.06,48.1,41.6,1.269,10.23,7.1,120.0,119.1,913,0,CNU-02,v2.4,5,58.9,RUN,NONE
2023-10-26 23:14:29,P-Usine_B-000914,11830,2179.0,3.0,52.4,40.8,1.039,12.28,5.34,120.0,118.1,914,0,CNU-01,v2.4,2,60.5,RUN,NONE
2023-10-26 23:19:30,P-Usine_B-000915,12378,1972.0,3.0,52.0,35.8,1.286,14.85,7.9,120.0,123.5,915,0,CNU-02,v2.4,1,60.1,RUN,NONE
2023-10-26 23:21:38,P-Usine_B-000916,11808,1882.0,2.89,54.6,41.4,1.292,14.6,7.13,120.0,121.0,916,0,CNU-01,v2.4,1,59.3,RUN,NONE
2023-10-26 23:22:27,P-Usine_B-000917,12195,1824.0,2.99,54.7,36.9,1.494,11.02,6.72,120.0,118.4,917,0,CNU-02,v2.4,5,63.2,RUN,NONE
2023-10-26 23:20:11,P-Usine_B-000918,12159,1923.0,2.91,40.9,32.2,1.485,10.52,7.86,120.0,119.4,918,0,CNU-01,v2.4,1,62.2,RUN,NONE
2023-10-26 23:25:25,P-Usine_B-000919,11636,1859.0,2.8,41.1,32.6,1.435,14.43,7.3,120.0,116.6,919,0,CNU-02,v2.4,4,62.6,RUN,NONE
2023-10-26 23:24:18,P-Usine_B-000920,12057,1905.0,3.15,40.6,31.1,1.489,14.71,6.89,120.0,123.1,920,0,CNU-01,v2.4,4,61.1,RUN,NONE
2023-10-26 23:24:52,P-Usine_B-000921,12041,1949.0,3.04,50.9,33.1,1.596,11.79,7.82,120.0,121.9,921,0,CNU-02,v2.4,4,61.7,RUN,NONE
2023-10-26 23:22:47,P-Usine_B-000922,12118,2168.0,3.04,48.7,31.9,1.66,14.71,5.38,120.0,121.6,922,0,CNU-01,v2.4,5,62.7,RUN,NONE
2023-10-26 23:20:39,P-Usine_B-000923,12291,1900.0,2.82,48.1,41.7,1.677,10.41,5.55,120.0,121.6,923,0,CNU-02,v2.4,1,63.0,RUN,NONE
2023-10-26 23:30:47,P-Usine_B-000924,12007,2060.0,2.98,51.9,41.7,1.74,12.6,7.64,120.0,124.6,924,0,CNU-01,v2.4,1,62.2,RUN,NONE
2023-10-26 23:28:22,P-Usine_B-000925,12105,2001.0,2.96,52.9,40.0,1.832,12.32,5.66,120.0,123.9,925,0,CNU-02,v2.4,3,65.7,RUN,NONE
2023-10-26 23:28:36,P-Usine_B-000926,12107,2164.0,2.94,40.8,30.8,1.728,13.86,7.51,120.0,124.7,926,0,CNU-01,v2.4,2,63.9,RUN,999.9
2023-10-26 23:30:37,P-Usine_B-000927,11964,1856.0,3.02,44.6,35.2,2.039,12.5,6.21,120.0,120.6,927,0,CNU-02,v2.4,1,67.7,RUN,NONE
2023-10-26 23:33:54,P-Usine_B-000928,11938,2101.0,3.0,44.9,32.2,1.845,13.13,6.44,120.0,122.0,928,0,CNU-01,v2.4,5,68.3,RUN,NONE
2023-10-26 23:33:58,P-Usine_B-000929,11828,1826.0,3.0,50.6,31.3,1.879,14.49,6.11,120.0,118.9,929,0,CNU-02,v2.4,1,67.5,RUN,NONE
2023-10-26 23:33:08,P-Usine_B-000930,12344,2124.0,3.02,54.0,44.8,1.85,10.85,6.64,120.0,124.9,930,0,CNU-01,v2.4,4,69.7,RUN,NONE
2023-10-26 23:33:23,P-Usine_B-000931,12058,1824.0,2.91,42.2,42.0,1.962,13.7,5.96,120.0,121.9,931,0,CNU-02,v2.4,4,65.8,RUN,NONE
2023-10-26 23:33:43,P-Usine_B-000932,12017,2074.0,2.88,44.6,34.5,2.002,13.79,6.37,120.0,119.9,932,0,CNU-01,v2.4,2,66.5,RUN,NONE
2023-10-26 23:33:25,P-Usine_B-000933,12005,1929.0,3.14,42.4,34.2,2.035,11.74,6.47,120.0,120.1,933,0,CNU-02,v2.4,2,70.4,RUN,NONE
2023-10-26 23:34:02,P-Usine_B-000934,11838,2195.0,2.87,46.1,33.0,2.35,14.5,6.44,120.0,123.0,934,0,CNU-01,v2.4,5,69.5,RUN,NONE
2023-10-26 23:40:01,P-Usine_B-000935,12333,2013.0,2.9,46.0,41.1,2.36,14.85,5.28,120.0,119.9,935,0,CNU-02,v2.4,4,69.8,RUN,NONE
2023-10-26 23:38:11,P-Usine_B-000936,11868,2088.0,2.91,47.9,32.3,2.222,13.26,6.9,120.0,126.1,936,0,CNU-01,v2.4,4,72.5,RUN,NONE
2023-10-26 23:37:46,P-Usine_B-000937,12021,2127.0,3.05,43.1,39.5,2.109,13.85,7.31,120.0,121.7,937,0,CNU-02,v2.4,4,73.1,RUN,NONE
2023-10-26 23:44:43,P-Usine_B-000938,12338,1863.0,3.05,53.4,42.2,2.387,13.34,5.68,120.0,122.7,938,0,CNU-01,v2.4,5,73.4,RUN,NONE
2023-10-26 23:43:05,P-Usine_B-000939,11902,2191.0,3.04,40.6,42.7,2.371,11.8,5.36,120.0,121.6,939,0,CNU-02,v2.4,4,73.0,RUN,NONE
2023-10-26 23:38:52,P-Usine_B-000940,12179,2069.0,3.02,45.8,40.1,2.581,14.88,7.31,120.0,121.3,940,0,CNU-01,v2.4,5,72.1,RUN,NONE
2023-10-26 23:47:18,P-Usine_B-000941,11862,1850.0,2.94,44.6,35.2,2.659,11.5,5.41,120.0,121.9,941,0,CNU-02,v2.4,1,71.9,RUN,NONE
2023-10-26 23:48:12,P-Usine_B-000942,11571,1949.0,2.96,45.0,33.8,2.465,14.84,7.59,120.0,123.2,942,0,CNU-01,v2.4,5,72.5,RUN,NONE
2023-10-26 23:48:08,P-Usine_B-000943,11897,1858.0,3.1,51.0,31.3,2.822,12.91,5.64,120.0,121.6,943,0,CNU-02,v2.4,5,74.8,RUN,NONE
2023-10-26 23:49:12,P-Usine_B-000944,11833,,3.09,44.6,36.4,2.523,10.43,6.57,120.0,126.0,944,0,CNU-01,v2.4,2,73.5,RUN,NONE
2023-10-26 23:49:43,P-Usine_B-000945,11656,2110.0,2.86,51.8,41.1,2.814,14.1,7.36,999.9,122.5,945,0,CNU-02,v2.4,5,76.2,RUN,NONE
2023-10-26 23:49:45,P-Usine_B-000946,11800,2053.0,3.02,48.6,36.3,2.814,10.39,6.57,120.0,123.2,946,0,CNU-01,v2.4,3,77.9,RUN,NONE
2023-10-26 23:45:53,P-Usine_B-000947,11869,1879.0,2.81,43.4,38.3,2.895,10.46,6.46,120.0,123.0,947,0,CNU-02,v2.4,5,76.6,RUN,NONE
2023-10-26 23:55:19,P-Usine_B-000948,11849,2130.0,3.1,41.0,30.7,2.851,10.32,6.48,120.0,121.0,948,0,CNU-01,v2.4,2,77.4,RUN,NONE
2023-10-26 23:51:59,P-Usine_B-000949,11851,2151.0,2.87,44.5,32.1,3.025,10.56,7.03,120.0,121.2,949,0,CNU-02,v2.4,1,79.1,RUN,NONE
2023-10-26 23:51:59,P-Usine_B-000949,11851,2151.0,2.87,44.5,32.1,3.025,10.56,7.03,120.0,121.2,949,0,CNU-02,v2.4,1,79.1,RUN,NONE
2023-10-26 23:49:50,P-Usine_B-000950,11793,1806.0,2.92,53.0,31.4,3.279,11.91,7.9,120.0,121.9,950,0,CNU-01,v2.4,2,79.5,RUN,NONE
2023-10-26 23:54:06,P-Usine_B-000951,11769,1920.0,2.97,44.4,38.8,3.04,10.8,5.2,120.0,123.2,951,0,CNU-02,v2.4,5,78.2,RUN,999.9
2023-10-26 23:53:12,P-Usine_B-000952,12036,2093.0,2.97,45.1,35.9,3.04,11.71,7.54,120.0,120.5,952,0,CNU-01,v2.4,4,79.0,RUN,NONE
2023-10-27 00:00:20,P-Usine_B-000953,11709,1994.0,3.19,40.5,32.9,3.206,10.19,6.05,120.0,126.1,953,0,CNU-02,v2.4,5,81.3,RUN,NONE
2023-10-27 00:00:20,P-Usine_B-000953,11709,1994.0,3.19,40.5,32.9,3.206,10.19,6.05,120.0,126.1,953,0,CNU-02,v2.4,5,81.3,RUN,NONE
2023-10-26 23:53:39,P-Usine_B-000954,11898,1832.0,2.82,44.1,44.9,3.235,11.68,5.25,120.0,125.3,954,0,CNU-01,v2.4,2,79.7,RUN,NONE
2023-10-26 23:55:55,P-Usine_B-000955,12114,2188.0,3.1,46.1,30.7,3.247,12.3,6.49,120.0,121.4,955,0,CNU-02,v2.4,3,81.2,RUN,NONE
2023-10-26 23:59:58,P-Usine_B-000956,12043,1815.0,2.84,41.1,34.1,3.278,11.09,7.45,120.0,123.1,956,0,CNU-01,v2.4,2,81.2,RUN,NONE
2023-10-27 00:03:34,P-Usine_B-000957,11864,1989.0,2.89,45.0,36.1,3.362,12.55,6.54,120.0,125.2,957,0,CNU-02,v2.4,5,78.6,RUN,NONE
2023-10-27 00:03:21,P-Usine_B-000958,11916,2017.0,2.96,53.7,30.7,3.285,13.25,6.04,120.0,123.7,958,0,CNU-01,v2.4,2,79.1,RUN,NONE
2023-10-27 00:04:53,P-Usine_B-000959,11892,1837.0,3.09,46.2,37.2,3.411,12.15,5.34,120.0,123.3,959,0,CNU-02,v2.4,3,82.4,RUN,NONE
2023-10-27 00:05:23,P-Usine_B-000960,11925,1889.0,3.02,52.4,38.2,3.451,10.86,6.39,120.0,124.3,960,0,CNU-01,v2.4,3,82.5,RUN,NONE
2023-10-26 23:58:55,P-Usine_B-000961,11811,2063.0,3.16,49.0,37.8,3.576,13.29,7.65,120.0,122.6,961,0,CNU-02,v2.4,3,80.5,RUN,NONE
2023-10-27 00:09:44,P-Usine_B-000962,11741,1961.0,2.91,53.4,30.4,3.422,11.84,7.78,120.0,123.2,962,0,CNU-01,v2.4,3,83.5,RUN,NONE
2023-10-27 00:10:48,P-Usine_B-000963,12247,1941.0,2.8,49.7,43.4,3.682,11.93,7.11,120.0,121.0,963,0,CNU-02,v2.4,5,84.5,RUN,NONE
2023-10-27 00:08:43,P-Usine_B-000964,12156,1846.0,2.89,42.7,38.6,3.792,12.2,5.5,120.0,119.0,964,0,CNU-01,v2.4,5,82.4,RUN,NONE
2023-10-27 00:03:37,P-Usine_B-000965,12135,1848.0,2.99,47.3,34.1,3.764,11.62,7.82,120.0,118.9,965,0,CNU-02,v2.4,4,86.5,RUN,NONE
2023-10-27 00:06:11,P-Usine_B-000966,11966,1940.0,2.88,53.1,37.4,3.726,13.52,5.39,120.0,123.1,966,0,CNU-01,v2.4,5,84.9,RUN,NONE
2023-10-27 00:05:26,P-Usine_B-000967,11723,1989.0,3.03,44.3,33.3,3.932,11.18,6.2,120.0,121.3,967,0,CNU-02,v2.4,5,84.1,RUN,NONE
2023-10-27 00:09:31,P-Usine_B-000968,12036,1956.0,3.03,52.4,30.1,3.749,12.55,7.94,120.0,122.6,968,0,CNU-01,v2.4,4,88.2,RUN,NONE
2023-10-27 00:10:21,P-Usine_B-000969,12132,2090.0,3.12,54.7,44.1,4.043,13.92,6.13,120.0,121.3,969,0,CNU-02,v2.4,5,85.5,RUN,NONE
2023-10-27 00:14:23,P-Usine_B-000970,12261,1854.0,3.09,41.1,33.8,4.094,12.63,6.73,120.0,122.9,970,,CNU-01,v2.4,5,85.2,RUN,NONE
2023-10-27 00:12:47,P-Usine_B-000971,12183,1941.0,3.03,43.7,30.4,4.217,11.13,5.62,120.0,118.9,971,0,CNU-02,v2.4,1,89.7,RUN,NONE
2023-10-27 00:14:20,P-Usine_B-000972,11855,2061.0,2.91,49.2,34.8,4.154,14.97,7.69,120.0,119.3,972,0,CNU-01,v2.4,3,88.7,RUN,NONE
2023-10-27 00:10:47,P-Usine_B-000973,12573,2194.0,3.07,45.4,30.4,4.329,13.13,6.6,120.0,121.6,973,0,CNU-02,v2.4,5,87.9,RUN,NONE
2023-10-27 00:11:42,P-Usine_B-000974,12405,2012.0,3.08,45.3,39.4,4.35,14.47,6.93,120.0,122.5,974,0,CNU-01,v2.4,5,88.7,RUN,NONE
2023-10-27 00:18:57,P-Usine_B-000975,11833,1935.0,2.88,45.5,44.8,4.357,14.72,5.97,120.0,122.2,975,0,CNU-02,v2.4,5,89.4,RUN,NONE
2023-10-27 00:13:40,P-Usine_B-000976,11683,2067.0,2.96,41.4,40.2,4.346,10.45,7.86,120.0,122.7,976,0,CNU-01,v2.4,4,88.6,RUN,NONE
2023-10-27 00:14:46,P-Usine_B-000977,12078,2172.0,3.14,45.8,31.5,4.262,10.81,7.38,120.0,122.8,977,0,CNU-02,v2.4,5,90.0,RUN,NONE
2023-10-27 00:25:06,P-Usine_B-000978,11795,2105.0,2.95,51.8,42.7,4.305,12.75,5.47,120.0,121.6,978,0,CNU-01,v2.4,5,89.9,RUN,NONE
2023-10-27 00:17:39,P-Usine_B-000979,11996,2154.0,3.16,44.8,35.0,4.549,11.81,5.68,120.0,121.2,979,0,CNU-02,v2.4,4,90.4,RUN,NONE
2023-10-27 00:23:09,P-Usine_B-000980,11789,1968.0,3.02,46.1,40.8,4.476,12.52,5.79,120.0,119.2,980,0,CNU-01,v2.4,3,90.7,RUN,NONE
2023-10-27 00:28:26,P-Usine_B-000981,11932,2100.0,3.18,47.4,35.7,4.362,11.62,6.55,120.0,122.1,981,0,CNU-02,v2.4,1,94.6,RUN,NONE
2023-10-27 00:28:26,P-Usine_B-000981,11932,2100.0,3.18,47.4,35.7,4.362,11.62,6.55,120.0,122.1,981,0,CNU-02,v2.4,1,94.6,RUN,NONE
2023-10-27 00:22:55,P-Usine_B-000982,12150,2198.0,3.04,53.1,36.4,,11.61,6.37,120.0,120.6,982,0,CNU-01,v2.4,1,92.5,RUN,NONE
2023-10-27 00:27:22,P-Usine_B-000983,12367,2130.0,2.97,47.1,37.7,4.549,12.03,6.15,120.0,122.4,999.9,0,CNU-02,v2.4,4,93.8,RUN,NONE
2023-10-27 00:23:17,P-Usine_B-000984,12370,2092.0,2.98,43.8,44.8,4.887,13.08,6.73,120.0,117.7,984,0,CNU-01,v2.4,3,92.6,RUN,NONE
2023-10-27 00:27:48,P-Usine_B-000985,11973,1876.0,3.15,42.8,39.7,4.816,14.31,5.76,120.0,124.6,985,0,CNU-02,v2.4,3,97.5,RUN,NONE
2023-10-27 00:25:23,P-Usine_B-000986,11949,1899.0,3.12,43.0,42.6,4.716,11.23,5.34,120.0,123.2,986,0,CNU-01,v2.4,3,96.0,RUN,NONE
2023-10-27 00:28:18,P-Usine_B-000987,11712,2089.0,2.98,53.6,36.2,4.794,12.07,5.61,120.0,124.5,987,0,CNU-02,v2.4,5,97.7,RUN,NONE
2023-10-27 00:34:01,P-Usine_B-000988,11843,1800.0,3.02,55.0,39.2,4.779,12.67,5.74,120.0,119.9,988,0,CNU-01,v2.4,1,96.0,RUN,NONE
2023-10-27 00:33:13,P-Usine_B-000989,12176,1925.0,2.89,47.0,39.7,4.909,14.58,7.05,120.0,121.2,989,0,CNU-02,v2.4,3,96.3,RUN,NONE
2023-10-27 00:29:54,P-Usine_B-000990,12321,2072.0,3.01,42.0,30.2,5.008,10.94,7.28,120.0,120.4,990,0,CNU-01,v2.4,2,99.2,RUN,NONE
2023-10-27 00:29:54,P-Usine_B-000990,12321,2072.0,3.01,42.0,30.2,5.008,10.94,7.28,120.0,120.4,990,0,CNU-01,v2.4,2,99.2,RUN,NONE
2023-10-27 00:39:00,P-Usine_B-000991,12073,1866.0,3.04,46.0,30.8,4.979,12.94,7.06,120.0,123.8,991,0,CNU-02,v2.4,3,95.8,RUN,NONE
2023-10-27 00:37:51,P-Usine_B-000992,11938,1951.0,3.19,53.2,43.6,5.105,10.53,5.71,120.0,122.9,992,0,CNU-01,v2.4,2,99.1,RUN,NONE
2023-10-27 00:39:01,P-Usine_B-000993,11805,2182.0,3.13,40.4,42.7,5.089,11.38,5.14,120.0,120.3,993,0,CNU-02,v2.4,1,97.2,RUN,NONE
2023-10-27 00:40:30,P-Usine_B-000994,11638,2126.0,3.09,46.2,42.2,5.188,10.81,6.01,120.0,121.7,994,0,CNU-01,v2.4,5,100,RUN,NONE
2023-10-27 00:36:08,P-Usine_B-000995,11785,2197.0,2.88,45.5,43.2,5.146,10.92,5.79,120.0,120.5,995,0,CNU-02,v2.4,1,98.1,RUN,NONE
2023-10-27 00:37:11,P-Usine_B-000996,12136,1940.0,3.08,53.2,38.0,5.294,12.17,5.47,120.0,119.9,996,0,CNU-01,v2.4,4,100.0,RUN,NONE
2023-10-27 00:39:39,P-Usine_B-000997,12033,1855.0,3.15,44.1,31.5,5.465,10.02,7.25,120.0,123.0,997,0,CNU-02,v2.4,5,99.1,RUN,NONE
2023-10-27 00:42:22,P-Usine_B-000998,12119,1938.0,2.85,54.9,44.3,5.448,10.8,5.29,120.0,121.7,998,0,CNU-01,v2.4,4,100,RUN,NONE
2023-10-27 00:45:14,P-Usine_B-000999,11979,2160.0,2.88,50.1,34.6,5.551,14.76,6.96,120.0,121.9,999,0,CNU-02,v2.4,2,100,RUN,NONE
2023-10-27 00:45:14,P-Usine_B-000999,11979,2160.0,2.88,50.1,34.6,5.551,14.76,6.96,120.0,121.9,999,0,CNU-02,v2.4,2,100,RUN,NONE
2023-10-27 00:47:03,P-Usine_B-001000,12192,2014.0,2.8,42.7,38.1,5.507,11.76,5.51,120.0,124.2,1000,0,CNU-01,v2.4,5,1.6,RUN,NONE
