timestamp,part_id,id_piece,dim_x,dim_y,dim_z,tol_min,tol_max,ecart_nominale,resultat,type_defaut,id_operateur
2023-10-26 08:39:17,P-Usine_B-000001,P-Usine_B-000001,100.036,49.984,24.982,-0.05,0.05,0.036,OK,NONE,AUTO-VIS-01
2023-10-26 08:43:33,P-Usine_B-000002,P-Usine_B-000002,100.009,49.989,25.007,-0.05,0.05,0.011,OK,NONE,AUTO-VIS-01
2023-10-26 08:40:35,P-Usine_B-000003,P-Usine_B-000003,99.979,49.992,25.004,-0.05,0.05,0.021,OK,NONE,AUTO-VIS-01
2023-10-26 08:43:50,P-Usine_B-000004,P-Usine_B-000004,100.008,50.005,24.984,-0.05,0.05,0.016,OK,NONE,AUTO-VIS-01
2023-10-26 08:42:08,P-Usine_B-000005,P-Usine_B-000005,99.998,50.005,24.993,-0.05,0.05,0.007,OK,NONE,AUTO-VIS-01
2023-10-26 08:43:13,P-Usine_B-000006,P-Usine_B-000006,100.004,50.022,24.973,-0.05,0.05,0.027,OK,NONE,AUTO-VIS-01
2023-10-26 08:42:41,P-Usine_B-000007,P-Usine_B-000007,100.007,50.006,24.997,-0.05,0.05,0.007,OK,NONE,AUTO-VIS-01
2023-10-26 08:42:41,P-Usine_B-000007,P-Usine_B-000007,100.007,50.006,24.997,-0.05,0.05,0.007,OK,NONE,AUTO-VIS-01
2023-10-26 08:44:02,P-Usine_B-000008,P-Usine_B-000008,100.008,49.968,24.99,-0.05,0.05,0.032,OK,NONE,AUTO-VIS-01
2023-10-26 08:52:39,P-Usine_B-000009,P-Usine_B-000009,100.002,50.004,24.955,-0.05,0.05,0.045,OK,NONE,AUTO-VIS-01
2023-10-26 08:46:15,P-Usine_B-000010,P-Usine_B-000010,100.018,49.983,24.985,-0.05,0.05,0.018,OK,NONE,AUTO-VIS-01
2023-10-26 08:52:00,P-Usine_B-000011,P-Usine_B-000011,99.987,49.97,25.02,-0.05,0.05,0.03,OK,NONE,AUTO-VIS-01
2023-10-26 08:48:17,P-Usine_B-000012,P-Usine_B-000012,100.008,50.026,24.984,-0.05,0.05,0.026,OK,NONE,AUTO-VIS-01
2023-10-26 08:53:37,P-Usine_B-000013,P-Usine_B-000013,100.024,50.003,24.978,-0.05,0.05,0.024,OK,NONE,AUTO-VIS-01
2023-10-26 08:52:16,P-Usine_B-000014,P-Usine_B-000014,99.986,49.995,25.002,-0.05,0.05,0.014,OK,NONE,AUTO-VIS-01
2023-10-26 08:50:58,P-Usine_B-000015,P-Usine_B-000015,100.008,50.01,25.021,-0.05,0.05,0.021,OK,NONE,AUTO-VIS-01
2023-10-26 08:52:18,P-Usine_B-000016,P-Usine_B-000016,100.0,49.974,25.003,-0.05,0.05,0.026,OK,NONE,AUTO-VIS-01
2023-10-26 08:53:35,P-Usine_B-000017,P-Usine_B-000017,100.025,49.979,24.985,-0.05,0.05,0.025,OK,NONE,AUTO-VIS-01
2023-10-26 09:00:06,P-Usine_B-000018,P-Usine_B-000018,99.998,49.983,24.994,-0.05,0.05,0.017,OK,NONE,AUTO-VIS-01
2023-10-26 09:00:34,P-Usine_B-000019,P-Usine_B-000019,,50.043,25.04,-0.05,0.05,0.043,OK,NONE,AUTO-VIS-01
2023-10-26 09:01:20,P-Usine_B-000020,P-Usine_B-000020,100.001,49.972,25.012,-0.05,0.05,0.028,OK,NONE,AUTO-VIS-01
2023-10-26 09:01:20,P-Usine_B-000020,P-Usine_B-000020,100.001,49.972,25.012,-0.05,0.05,0.028,OK,NONE,AUTO-VIS-01
2023-10-26 09:05:54,P-Usine_B-000021,P-Usine_B-000021,100.015,49.994,25.001,-0.05,0.05,0.015,OK,NONE,AUTO-VIS-01
2023-10-26 08:59:17,P-Usine_B-000022,P-Usine_B-000022,99.984,50.011,25.006,-0.05,0.05,0.016,OK,NONE,AUTO-VIS-01
2023-10-26 09:03:43,P-Usine_B-000023,P-Usine_B-000023,99.993,49.997,25.021,-0.05,0.05,0.021,OK,NONE,AUTO-VIS-01
2023-10-26 09:06:47,P-Usine_B-000024,P-Usine_B-000024,100.023,49.991,24.97,-0.05,0.05,0.03,OK,NONE,AUTO-VIS-01
2023-10-26 09:02:53,P-Usine_B-000025,P-Usine_B-000025,100.026,50.033,25.025,-0.05,0.05,0.033,OK,NONE,AUTO-VIS-01
2023-10-26 09:06:13,P-Usine_B-000026,P-Usine_B-000026,100.027,50.004,25.008,-0.05,0.05,0.027,OK,NONE,AUTO-VIS-01
2023-10-26 09:10:51,P-Usine_B-000027,P-Usine_B-000027,99.996,50.033,25.007,-0.05,0.05,0.033,OK,NONE,AUTO-VIS-01
2023-10-26 09:06:11,P-Usine_B-000028,P-Usine_B-000028,100.0,49.978,25.011,-0.05,0.05,0.022,OK,NONE,AUTO-VIS-01
2023-10-26 09:11:01,P-Usine_B-000029,P-Usine_B-000029,100.013,49.992,25.009,-0.05,0.05,0.013,OK,NONE,AUTO-VIS-01
2023-10-26 09:06:36,P-Usine_B-000030,P-Usine_B-000030,100.03,50.019,25.006,-0.05,0.05,0.03,OK,NONE,AUTO-VIS-01
2023-10-26 09:07:58,P-Usine_B-000031,P-Usine_B-000031,100.014,49.971,24.992,-0.05,0.05,0.029,OK,NONE,AUTO-VIS-01
2023-10-26 09:10:10,P-Usine_B-000032,P-Usine_B-000032,100.042,999.9,25.031,-0.05,0.05,0.042,OK,NONE,AUTO-VIS-01
2023-10-26 09:14:30,P-Usine_B-000033,P-Usine_B-000033,99.983,49.979,24.966,-0.05,0.05,0.034,OK,NONE,AUTO-VIS-01
2023-10-26 09:16:08,P-Usine_B-000034,P-Usine_B-000034,100.004,50.03,24.968,-0.05,0.05,0.032,OK,NONE,AUTO-VIS-01
2023-10-26 09:14:30,P-Usine_B-000035,P-Usine_B-000035,99.978,49.972,24.984,-0.05,0.05,0.028,OK,NONE,AUTO-VIS-01
2023-10-26 09:20:32,P-Usine_B-000036,P-Usine_B-000036,100.002,49.997,24.996,-0.05,0.05,0.004,OK,NONE,AUTO-VIS-01
2023-10-26 09:21:28,P-Usine_B-000037,P-Usine_B-000037,100.008,50.021,24.981,-0.05,0.05,0.021,OK,NONE,AUTO-VIS-01
2023-10-26 09:18:35,P-Usine_B-000038,P-Usine_B-000038,100.007,49.984,24.991,-0.05,0.05,0.016,OK,NONE,AUTO-VIS-01
2023-10-26 09:20:59,P-Usine_B-000039,P-Usine_B-000039,99.98,50.0,25.007,-0.05,0.05,0.02,OK,NONE,AUTO-VIS-01
2023-10-26 09:23:30,P-Usine_B-000040,P-Usine_B-000040,100.015,50.006,24.996,-0.05,0.05,0.015,OK,NONE,AUTO-VIS-01
2023-10-26 09:19:21,P-Usine_B-000041,P-Usine_B-000041,99.981,49.966,24.952,-0.05,0.05,0.048,OK,NONE,AUTO-VIS-01
2023-10-26 09:21:47,P-Usine_B-000042,P-Usine_B-000042,99.958,49.975,24.973,-0.05,0.05,0.042,OK,NONE,AUTO-VIS-01
2023-10-26 09:24:26,P-Usine_B-000043,P-Usine_B-000043,99.993,49.997,24.986,-0.05,0.05,0.014,OK,NONE,AUTO-VIS-01
2023-10-26 09:28:50,P-Usine_B-000044,P-Usine_B-000044,99.999,49.979,24.982,-0.05,0.05,0.021,OK,NONE,AUTO-VIS-01
2023-10-26 09:24:18,P-Usine_B-000045,P-Usine_B-000045,100.027,49.989,24.985,-0.05,0.05,0.027,OK,NONE,AUTO-VIS-01
2023-10-26 09:30:37,P-Usine_B-000046,P-Usine_B-000046,99.987,49.981,25.005,-0.05,0.05,0.019,OK,NONE,AUTO-VIS-01
2023-10-26 09:26:24,P-Usine_B-000047,P-Usine_B-000047,100.003,50.001,24.996,-0.05,0.05,0.004,OK,NONE,AUTO-VIS-01
2023-10-26 09:30:26,P-Usine_B-000048,P-Usine_B-000048,100.045,50.025,25.027,-0.05,0.05,0.045,OK,NONE,AUTO-VIS-01
2023-10-26 09:25:11,P-Usine_B-000049,P-Usine_B-000049,100.02,49.996,24.996,-0.05,0.05,0.02,OK,NONE,AUTO-VIS-01
2023-10-26 09:33:52,P-Usine_B-000050,P-Usine_B-000050,100.0,50.008,24.992,-0.05,0.05,0.008,OK,NONE,AUTO-VIS-01
2023-10-26 09:28:51,P-Usine_B-000051,P-Usine_B-000051,99.984,49.957,24.991,-0.05,0.05,0.043,OK,NONE,AUTO-VIS-01
2023-10-26 09:36:07,P-Usine_B-000052,P-Usine_B-000052,99.996,50.008,24.989,-0.05,0.05,0.011,OK,NONE,AUTO-VIS-01
2023-10-26 09:33:56,P-Usine_B-000053,P-Usine_B-000053,99.988,50.014,24.991,-0.05,0.05,0.014,OK,NONE,AUTO-VIS-01
2023-10-26 09:31:46,P-Usine_B-000054,P-Usine_B-000054,99.998,50.02,24.979,-0.05,0.05,0.021,OK,NONE,AUTO-VIS-01
2023-10-26 09:34:07,P-Usine_B-000055,P-Usine_B-000055,99.993,49.984,25.018,-0.05,0.05,0.018,OK,NONE,AUTO-VIS-01
2023-10-26 09:36:59,P-Usine_B-000056,P-Usine_B-000056,99.994,50.005,25.014,-0.05,0.05,0.014,OK,NONE,AUTO-VIS-01
2023-10-26 09:37:58,P-Usine_B-000057,P-Usine_B-000057,100.055,49.984,25.004,-0.05,0.05,0.055,OK,NONE,AUTO-VIS-01
2023-10-26 09:36:14,P-Usine_B-000058,P-Usine_B-000058,100.0,50.016,25.03,-0.05,0.05,0.03,OK,NONE,AUTO-VIS-01
2023-10-26 09:34:59,P-Usine_B-000059,P-Usine_B-000059,99.989,49.988,25.066,-0.05,0.05,0.066,OK,NONE,AUTO-VIS-01
2023-10-26 09:43:22,P-Usine_B-000060,P-Usine_B-000060,100.034,49.989,25.007,-0.05,0.05,0.034,OK,NONE,AUTO-VIS-01
2023-10-26 09:44:48,P-Usine_B-000061,P-Usine_B-000061,99.965,50.012,25.005,-0.05,0.05,0.035,OK,NONE,AUTO-VIS-01
2023-10-26 09:45:50,P-Usine_B-000062,P-Usine_B-000062,100.03,50.004,24.97,-0.05,0.05,0.03,OK,NONE,AUTO-VIS-01
2023-10-26 09:42:22,P-Usine_B-000063,P-Usine_B-000063,100.004,49.967,24.968,-0.05,0.05,0.033,OK,NONE,AUTO-VIS-01
2023-10-26 09:44:42,P-Usine_B-000064,P-Usine_B-000064,99.974,49.994,24.977,-0.05,0.05,0.026,OK,NONE,AUTO-VIS-01
2023-10-26 09:45:51,P-Usine_B-000065,P-Usine_B-000065,100.027,49.992,25.04,-0.05,0.05,0.04,OK,NONE,AUTO-VIS-01
2023-10-26 09:48:05,P-Usine_B-000066,P-Usine_B-000066,100.026,50.002,24.972,-0.05,0.05,0.028,OK,NONE,AUTO-VIS-01
2023-10-26 09:48:05,P-Usine_B-000066,P-Usine_B-000066,100.026,50.002,24.972,-0.05,0.05,0.028,OK,NONE,AUTO-VIS-01
2023-10-26 09:45:48,P-Usine_B-000067,P-Usine_B-000067,99.962,50.027,24.982,-0.05,0.05,0.038,OK,NONE,AUTO-VIS-01
2023-10-26 09:44:20,,P-Usine_B-000068,99.994,49.997,25.014,-0.05,0.05,0.014,OK,NONE,AUTO-VIS-01
2023-10-26 09:53:17,P-Usine_B-000069,P-Usine_B-000069,100.02,49.992,24.974,-0.05,0.05,0.026,OK,NONE,AUTO-VIS-01
2023-10-26 09:48:57,P-Usine_B-000070,P-Usine_B-000070,100.021,49.978,25.006,-0.05,0.05,0.022,OK,NONE,AUTO-VIS-01
2023-10-26 09:53:29,P-Usine_B-000071,P-Usine_B-000071,100.037,50.02,25.007,-0.05,0.05,0.037,OK,NONE,AUTO-VIS-01
2023-10-26 09:49:44,P-Usine_B-000072,P-Usine_B-000072,99.946,49.996,24.99,-0.05,0.05,0.054,OK,NONE,AUTO-VIS-01
2023-10-26 09:53:32,P-Usine_B-000073,P-Usine_B-000073,99.981,49.956,25.024,-0.05,0.05,0.044,OK,NONE,AUTO-VIS-01
2023-10-26 09:55:12,P-Usine_B-000074,P-Usine_B-000074,100.017,49.977,25.0,-0.05,0.05,0.023,OK,NONE,AUTO-VIS-01
2023-10-26 09:53:39,P-Usine_B-000075,P-Usine_B-000075,99.988,50.02,25.003,-0.05,0.05,0.02,OK,NONE,AUTO-VIS-01
2023-10-26 09:56:43,P-Usine_B-000076,P-Usine_B-000076,99.965,49.993,25.02,-0.05,0.05,0.035,OK,NONE,AUTO-VIS-01
2023-10-26 09:58:28,P-Usine_B-000077,P-Usine_B-000077,99.996,49.96,25.007,-0.05,0.05,,OK,NONE,AUTO-VIS-01
2023-10-26 10:01:28,P-Usine_B-000078,P-Usine_B-000078,100.028,49.996,24.956,-0.05,0.05,0.044,OK,NONE,AUTO-VIS-01
2023-10-26 09:56:57,P-Usine_B-000079,P-Usine_B-000079,100.014,50.018,25.027,-0.05,0.05,0.027,OK,NONE,AUTO-VIS-01
2023-10-26 10:01:10,P-Usine_B-000080,P-Usine_B-000080,100.023,49.988,25.017,-0.05,0.05,0.023,OK,NONE,AUTO-VIS-01
2023-10-26 09:58:35,P-Usine_B-000081,P-Usine_B-000081,99.994,49.992,25.006,-0.05,0.05,0.008,OK,NONE,AUTO-VIS-01
2023-10-26 10:03:45,P-Usine_B-000082,P-Usine_B-000082,100.012,50.033,24.999,-0.05,0.05,0.033,OK,NONE,AUTO-VIS-01
2023-10-26 10:01:31,P-Usine_B-000083,P-Usine_B-000083,100.002,50.02,24.99,-0.05,0.05,0.02,OK,NONE,AUTO-VIS-01
2023-10-26 10:07:04,P-Usine_B-000084,P-Usine_B-000084,100.006,50.003,25.008,-0.05,0.05,999.9,OK,NONE,AUTO-VIS-01
2023-10-26 10:04:07,P-Usine_B-000085,,99.973,50.014,25.026,-0.05,0.05,0.027,OK,NONE,AUTO-VIS-01
2023-10-26 10:06:45,P-Usine_B-000086,P-Usine_B-000086,99.975,50.009,25.026,-0.05,0.05,0.026,OK,NONE,AUTO-VIS-01
2023-10-26 10:03:59,P-Usine_B-000087,P-Usine_B-000087,100.036,50.019,24.987,-0.05,0.05,0.036,OK,NONE,AUTO-VIS-01
2023-10-26 10:10:15,P-Usine_B-000088,P-Usine_B-000088,100.035,49.941,24.977,-0.05,0.05,0.059,OK,NONE,AUTO-VIS-01
2023-10-26 10:10:07,P-Usine_B-000089,P-Usine_B-000089,100.009,50.011,24.988,-0.05,0.05,0.012,OK,NONE,AUTO-VIS-01
2023-10-26 10:12:58,P-Usine_B-000090,P-Usine_B-000090,99.98,50.023,24.99,-0.05,0.05,0.023,OK,NONE,AUTO-VIS-01
2023-10-26 10:12:04,P-Usine_B-000091,P-Usine_B-000091,100.003,49.985,25.017,-0.05,0.05,0.017,OK,NONE,AUTO-VIS-01
2023-10-26 10:08:33,P-Usine_B-000092,P-Usine_B-000092,100.003,50.003,25.035,-0.05,0.05,0.035,OK,NONE,AUTO-VIS-01
2023-10-26 10:10:07,P-Usine_B-000093,P-Usine_B-000093,99.995,50.012,24.996,-0.05,0.05,0.012,OK,NONE,AUTO-VIS-01
2023-10-26 10:11:00,P-Usine_B-000094,P-Usine_B-000094,100.005,49.998,25.024,-0.05,0.05,0.024,OK,NONE,AUTO-VIS-01
2023-10-26 10:19:03,P-Usine_B-000095,P-Usine_B-000095,99.949,49.974,24.974,-0.05,0.05,0.051,OK,NONE,AUTO-VIS-01
2023-10-26 10:11:28,P-Usine_B-000096,P-Usine_B-000096,99.98,50.039,24.994,-0.05,0.05,0.039,OK,NONE,AUTO-VIS-01
2023-10-26 10:19:00,P-Usine_B-000097,P-Usine_B-000097,99.985,49.999,25.006,-0.05,0.05,0.015,OK,NONE,AUTO-VIS-01
2023-10-26 10:19:00,P-Usine_B-000097,P-Usine_B-000097,99.985,49.999,25.006,-0.05,0.05,0.015,OK,NONE,AUTO-VIS-01
2023-10-26 10:15:01,P-Usine_B-000098,P-Usine_B-000098,100.025,50.001,24.948,-0.05,0.05,0.052,OK,NONE,AUTO-VIS-01
2023-10-26 10:15:00,P-Usine_B-000099,P-Usine_B-000099,100.014,49.995,25.046,-0.05,0.05,0.046,OK,NONE,AUTO-VIS-01
2023-10-26 10:19:48,P-Usine_B-000100,P-Usine_B-000100,100.024,50.006,25.019,-0.05,0.05,0.024,OK,NONE,AUTO-VIS-01
2023-10-26 10:21:06,P-Usine_B-000101,P-Usine_B-000101,99.997,50.009,25.022,-0.05,0.05,0.022,OK,NONE,AUTO-VIS-01
2023-10-26 10:20:40,P-Usine_B-000102,P-Usine_B-000102,100.0,49.987,24.998,-0.05,0.05,0.013,OK,NONE,AUTO-VIS-01
2023-10-26 10:22:38,P-Usine_B-000103,P-Usine_B-000103,100.029,49.965,24.991,-0.05,0.05,0.035,OK,NONE,AUTO-VIS-01
2023-10-26 10:25:34,P-Usine_B-000104,P-Usine_B-000104,99.978,50.011,24.995,-0.05,0.05,0.022,OK,NONE,AUTO-VIS-01
2023-10-26 10:21:41,P-Usine_B-000105,P-Usine_B-000105,99.993,49.978,25.002,-0.05,0.05,0.022,OK,NONE,AUTO-VIS-01
2023-10-26 10:28:37,P-Usine_B-000106,P-Usine_B-000106,99.995,50.002,25.005,-0.05,0.05,0.005,OK,NONE,AUTO-VIS-01
2023-10-26 10:27:08,P-Usine_B-000107,P-Usine_B-000107,100.048,49.996,25.012,-0.05,0.05,0.048,OK,NONE,AUTO-VIS-01
2023-10-26 10:31:51,P-Usine_B-000108,P-Usine_B-000108,100.004,50.041,24.973,-0.05,0.05,0.041,OK,NONE,AUTO-VIS-01
2023-10-26 10:26:48,P-Usine_B-000109,P-Usine_B-000109,99.967,50.0,24.975,-0.05,0.05,0.033,OK,NONE,AUTO-VIS-01
2023-10-26 10:30:18,P-Usine_B-000110,P-Usine_B-000110,99.978,49.985,25.016,-0.05,0.05,0.022,OK,NONE,AUTO-VIS-01
2023-10-26 10:30:48,P-Usine_B-000111,P-Usine_B-000111,99.979,49.992,24.975,-0.05,0.05,0.025,OK,NONE,AUTO-VIS-01
2023-10-26 10:35:12,P-Usine_B-000112,P-Usine_B-000112,99.967,50.017,24.987,-0.05,0.05,0.033,OK,NONE,AUTO-VIS-01
2023-10-26 10:36:00,P-Usine_B-000113,P-Usine_B-000113,100.008,49.971,25.015,-0.05,0.05,0.029,OK,NONE,AUTO-VIS-01
2023-10-26 10:37:10,P-Usine_B-000114,P-Usine_B-000114,100.003,50.004,25.005,-0.05,0.05,0.005,OK,NONE,AUTO-VIS-01
2023-10-26 10:37:11,P-Usine_B-000115,P-Usine_B-000115,100.008,50.042,24.982,-0.05,0.05,0.042,OK,NONE,AUTO-VIS-01
2023-10-26 10:34:31,,P-Usine_B-000116,99.997,49.978,24.966,-0.05,0.05,0.034,OK,NONE,AUTO-VIS-01
2023-10-26 10:40:44,P-Usine_B-000117,P-Usine_B-000117,100.007,50.005,24.99,-0.05,0.05,0.01,OK,NONE,AUTO-VIS-01
2023-10-26 10:36:35,P-Usine_B-000118,P-Usine_B-000118,100.011,49.982,25.021,-0.05,0.05,0.021,OK,NONE,AUTO-VIS-01
2023-10-26 10:42:25,P-Usine_B-000119,P-Usine_B-000119,100.003,50.024,25.009,-0.05,0.05,0.024,OK,NONE,AUTO-VIS-01
2023-10-26 10:44:43,P-Usine_B-000120,P-Usine_B-000120,100.034,50.005,24.999,-0.05,0.05,0.034,OK,NONE,AUTO-VIS-01
2023-10-26 10:37:58,P-Usine_B-000121,P-Usine_B-000121,99.972,49.984,24.987,-0.05,0.05,0.028,OK,NONE,AUTO-VIS-01
2023-10-26 10:41:37,P-Usine_B-000122,P-Usine_B-000122,100.006,49.995,25.023,-0.05,0.05,0.023,OK,NONE,AUTO-VIS-01
2023-10-26 10:44:24,P-Usine_B-000123,P-Usine_B-000123,99.994,50.012,24.991,-0.05,0.05,999.9,OK,NONE,AUTO-VIS-01
2023-10-26 10:45:31,P-Usine_B-000124,P-Usine_B-000124,99.98,50.008,25.026,-0.05,0.05,0.026,OK,NONE,AUTO-VIS-01
2023-10-26 10:44:44,P-Usine_B-000125,P-Usine_B-000125,100.04,50.026,25.006,-0.05,0.05,0.04,OK,NONE,AUTO-VIS-01
2023-10-26 10:45:20,P-Usine_B-000126,P-Usine_B-000126,100.015,49.982,24.975,-0.05,0.05,0.025,OK,NONE,AUTO-VIS-01
2023-10-26 10:49:30,P-Usine_B-000127,P-Usine_B-000127,99.981,50.019,24.998,-0.05,0.05,0.019,OK,NONE,AUTO-VIS-01
2023-10-26 10:49:30,P-Usine_B-000127,P-Usine_B-000127,99.981,50.019,24.998,-0.05,0.05,0.019,OK,NONE,AUTO-VIS-01
2023-10-26 10:48:26,P-Usine_B-000128,P-Usine_B-000128,100.011,50.004,24.997,-0.05,0.05,0.011,OK,NONE,AUTO-VIS-01
2023-10-26 10:48:55,P-Usine_B-000129,P-Usine_B-000129,100.023,50.015,24.992,-0.05,0.05,0.023,OK,NONE,AUTO-VIS-01
2023-10-26 10:48:55,P-Usine_B-000129,P-Usine_B-000129,100.023,50.015,24.992,-0.05,0.05,0.023,OK,NONE,AUTO-VIS-01
2023-10-26 10:47:45,P-Usine_B-000130,P-Usine_B-000130,100.04,50.019,25.003,-0.05,0.05,0.04,OK,NONE,AUTO-VIS-01
2023-10-26 10:54:52,P-Usine_B-000131,P-Usine_B-000131,99.98,49.99,25.009,-0.05,0.05,0.02,OK,NONE,AUTO-VIS-01
2023-10-26 10:50:52,P-Usine_B-000132,P-Usine_B-000132,99.983,50.017,25.012,-0.05,0.05,0.017,OK,NONE,AUTO-VIS-01
2023-10-26 10:56:42,P-Usine_B-000133,P-Usine_B-000133,99.983,49.961,24.981,-0.05,0.05,0.039,OK,NONE,AUTO-VIS-01
2023-10-26 10:56:52,P-Usine_B-000134,P-Usine_B-000134,100.004,50.009,25.01,-0.05,0.05,0.01,OK,NONE,AUTO-VIS-01
2023-10-26 10:54:25,P-Usine_B-000135,P-Usine_B-000135,100.012,49.983,24.993,-0.05,0.05,0.017,OK,NONE,AUTO-VIS-01
2023-10-26 10:59:01,P-Usine_B-000136,P-Usine_B-000136,100.004,49.985,24.997,-0.05,0.05,0.015,OK,NONE,AUTO-VIS-01
2023-10-26 10:55:01,P-Usine_B-000137,P-Usine_B-000137,99.993,49.976,25.018,-0.05,0.05,0.024,OK,NONE,AUTO-VIS-01
2023-10-26 11:01:22,P-Usine_B-000138,P-Usine_B-000138,100.023,50.0,24.997,-0.05,0.05,0.023,OK,NONE,AUTO-VIS-01
2023-10-26 10:56:02,P-Usine_B-000139,P-Usine_B-000139,100.013,49.989,25.015,-0.05,0.05,0.015,OK,NONE,AUTO-VIS-01
2023-10-26 10:58:29,P-Usine_B-000140,P-Usine_B-000140,99.987,49.972,24.996,-0.05,0.05,0.028,OK,NONE,AUTO-VIS-01
2023-10-26 10:56:31,P-Usine_B-000141,P-Usine_B-000141,100.028,49.988,25.009,-0.05,0.05,0.028,OK,NONE,AUTO-VIS-01
2023-10-26 10:58:13,P-Usine_B-000142,P-Usine_B-000142,100.015,50.011,24.985,-0.05,0.05,0.015,OK,NONE,AUTO-VIS-01
2023-10-26 10:59:52,P-Usine_B-000143,P-Usine_B-000143,99.981,50.008,25.02,-0.05,0.05,0.02,OK,NONE,AUTO-VIS-01
2023-10-26 11:00:30,P-Usine_B-000144,P-Usine_B-000144,99.999,50.005,25.001,-0.05,0.05,0.005,OK,NONE,AUTO-VIS-01
2023-10-26 11:01:59,P-Usine_B-000145,P-Usine_B-000145,100.015,50.04,25.017,-0.05,0.05,0.04,OK,NONE,AUTO-VIS-01
2023-10-26 11:09:46,P-Usine_B-000146,P-Usine_B-000146,99.987,49.978,24.993,-0.05,0.05,0.022,OK,NONE,AUTO-VIS-01
2023-10-26 11:05:18,P-Usine_B-000147,P-Usine_B-000147,100.014,49.979,24.994,-0.05,0.05,0.021,OK,NONE,AUTO-VIS-01
2023-10-26 11:04:37,P-Usine_B-000148,P-Usine_B-000148,100.011,49.99,25.008,-0.05,0.05,0.011,OK,NONE,AUTO-VIS-01
2023-10-26 11:04:37,P-Usine_B-000148,P-Usine_B-000148,100.011,49.99,25.008,-0.05,0.05,0.011,OK,NONE,AUTO-VIS-01
2023-10-26 11:10:25,P-Usine_B-000149,P-Usine_B-000149,100.035,49.968,25.007,-0.05,0.05,0.035,OK,NONE,AUTO-VIS-01
2023-10-26 11:12:09,P-Usine_B-000150,P-Usine_B-000150,99.983,50.02,24.995,-0.05,0.05,0.02,OK,NONE,AUTO-VIS-01
2023-10-26 11:15:41,P-Usine_B-000151,P-Usine_B-000151,99.998,50.008,25.002,-0.05,0.05,0.008,OK,NONE,AUTO-VIS-01
2023-10-26 11:14:59,P-Usine_B-000152,P-Usine_B-000152,99.973,49.986,24.996,-0.05,0.05,0.027,OK,NONE,AUTO-VIS-01
2023-10-26 11:14:16,P-Usine_B-000153,P-Usine_B-000153,99.975,49.981,25.008,-0.05,0.05,0.025,OK,NONE,AUTO-VIS-01
2023-10-26 11:10:04,P-Usine_B-000154,P-Usine_B-000154,99.984,49.981,24.972,-0.05,0.05,0.028,OK,NONE,AUTO-VIS-01
2023-10-26 11:12:02,P-Usine_B-000155,P-Usine_B-000155,99.993,50.016,25.019,-0.05,0.05,0.019,OK,NONE,AUTO-VIS-01
2023-10-26 11:13:56,P-Usine_B-000156,P-Usine_B-000156,100.011,49.976,25.007,-0.05,0.05,0.024,OK,NONE,AUTO-VIS-01
2023-10-26 11:16:57,,P-Usine_B-000157,100.014,50.031,25.003,-0.05,0.05,0.031,OK,NONE,AUTO-VIS-01
2023-10-26 11:13:11,P-Usine_B-000158,P-Usine_B-000158,100.005,49.946,25.037,-0.05,0.05,0.054,OK,NONE,AUTO-VIS-01
2023-10-26 11:22:00,P-Usine_B-000159,P-Usine_B-000159,100.028,49.976,25.004,-0.05,0.05,0.028,OK,NONE,AUTO-VIS-01
2023-10-26 11:19:38,P-Usine_B-000160,P-Usine_B-000160,99.995,49.988,25.024,-0.05,0.05,0.024,OK,NONE,AUTO-VIS-01
2023-10-26 11:25:55,P-Usine_B-000161,P-Usine_B-000161,99.989,49.99,24.986,-0.05,0.05,0.014,OK,NONE,AUTO-VIS-01
2023-10-26 11:18:55,P-Usine_B-000162,P-Usine_B-000162,100.021,49.979,24.977,-0.05,0.05,0.023,OK,NONE,AUTO-VIS-01
2023-10-26 11:18:55,P-Usine_B-000162,P-Usine_B-000162,100.021,49.979,24.977,-0.05,0.05,0.023,OK,NONE,AUTO-VIS-01
2023-10-26 11:18:06,P-Usine_B-000163,P-Usine_B-000163,100.024,49.996,25.021,-0.05,0.05,0.024,OK,NONE,AUTO-VIS-01
2023-10-26 11:21:46,P-Usine_B-000164,P-Usine_B-000164,100.01,50.007,24.946,-0.05,0.05,0.054,OK,NONE,AUTO-VIS-01
2023-10-26 11:24:27,P-Usine_B-000165,P-Usine_B-000165,99.992,50.018,25.006,-0.05,0.05,0.018,OK,NONE,AUTO-VIS-01
2023-10-26 11:22:37,P-Usine_B-000166,P-Usine_B-000166,100.008,50.0,24.999,-0.05,0.05,0.008,OK,NONE,AUTO-VIS-01
2023-10-26 11:28:26,P-Usine_B-000167,P-Usine_B-000167,100.006,50.032,25.044,-0.05,0.05,0.044,OK,NONE,AUTO-VIS-01
2023-10-26 11:24:27,P-Usine_B-000168,P-Usine_B-000168,99.989,49.995,25.003,-0.05,0.05,0.011,OK,NONE,AUTO-VIS-01
2023-10-26 11:30:10,P-Usine_B-000169,P-Usine_B-000169,100.006,50.01,24.978,-0.05,0.05,0.022,OK,NONE,AUTO-VIS-01
2023-10-26 11:29:05,P-Usine_B-000170,P-Usine_B-000170,99.987,50.007,25.005,-0.05,0.05,0.013,OK,NONE,AUTO-VIS-01
2023-10-26 11:26:14,P-Usine_B-000171,P-Usine_B-000171,100.019,50.023,25.02,-0.05,0.05,0.023,OK,NONE,AUTO-VIS-01
2023-10-26 11:28:07,P-Usine_B-000172,P-Usine_B-000172,100.003,50.04,24.992,-0.05,0.05,0.04,OK,NONE,AUTO-VIS-01
2023-10-26 11:35:56,P-Usine_B-000173,P-Usine_B-000173,99.97,49.957,24.996,-0.05,0.05,0.043,OK,NONE,AUTO-VIS-01
2023-10-26 11:35:47,P-Usine_B-000174,P-Usine_B-000174,100.012,50.025,24.979,-0.05,0.05,0.025,OK,NONE,AUTO-VIS-01
2023-10-26 11:33:07,P-Usine_B-000175,P-Usine_B-000175,99.988,50.001,25.015,-0.05,0.05,0.015,OK,NONE,AUTO-VIS-01
2023-10-26 11:37:13,P-Usine_B-000176,P-Usine_B-000176,100.02,50.011,24.962,-0.05,0.05,0.038,OK,NONE,AUTO-VIS-01
2023-10-26 11:40:12,P-Usine_B-000177,P-Usine_B-000177,99.999,50.021,24.972,-0.05,0.05,0.028,OK,NONE,AUTO-VIS-01
2023-10-26 11:39:10,P-Usine_B-000178,P-Usine_B-000178,100.002,50.004,24.999,-0.05,0.05,0.004,OK,NONE,AUTO-VIS-01
2023-10-26 11:43:13,P-Usine_B-000179,P-Usine_B-000179,99.993,50.01,25.024,-0.05,0.05,0.024,OK,NONE,AUTO-VIS-01
2023-10-26 11:37:59,P-Usine_B-000180,P-Usine_B-000180,99.997,50.013,25.007,-0.05,0.05,0.013,OK,NONE,AUTO-VIS-01
2023-10-26 11:37:59,P-Usine_B-000181,P-Usine_B-000181,99.983,49.983,24.987,-0.05,0.05,0.017,OK,NONE,AUTO-VIS-01
2023-10-26 11:42:04,P-Usine_B-000182,P-Usine_B-000182,99.975,50.018,25.026,-0.05,0.05,0.026,OK,NONE,AUTO-VIS-01
2023-10-26 11:42:45,P-Usine_B-000183,P-Usine_B-000183,100.039,50.018,24.981,-0.05,0.05,0.039,OK,NONE,AUTO-VIS-01
2023-10-26 11:43:58,P-Usine_B-000184,P-Usine_B-000184,100.028,49.962,24.987,-0.05,0.05,0.038,OK,NONE,AUTO-VIS-01
,P-Usine_B-000185,P-Usine_B-000185,100.023,50.02,24.994,-0.05,0.05,0.023,OK,NONE,AUTO-VIS-01
2023-10-26 11:50:07,P-Usine_B-000186,P-Usine_B-000186,100.023,50.024,24.952,-0.05,0.05,0.048,OK,NONE,AUTO-VIS-01
2023-10-26 11:48:14,P-Usine_B-000187,P-Usine_B-000187,100.004,49.998,24.982,-0.05,0.05,0.018,OK,NONE,AUTO-VIS-01
2023-10-26 11:47:42,P-Usine_B-000188,P-Usine_B-000188,99.984,50.034,24.982,-0.05,0.05,0.034,OK,NONE,AUTO-VIS-01
2023-10-26 11:48:49,P-Usine_B-000189,P-Usine_B-000189,99.969,49.986,25.003,-0.05,0.05,0.031,OK,NONE,AUTO-VIS-01
2023-10-26 11:48:54,P-Usine_B-000190,P-Usine_B-000190,99.999,50.025,24.976,-0.05,0.05,0.025,OK,NONE,AUTO-VIS-01
2023-10-26 11:48:00,P-Usine_B-000191,P-Usine_B-000191,100.001,49.973,24.996,-0.05,0.05,0.027,OK,NONE,AUTO-VIS-01
2023-10-26 11:57:31,P-Usine_B-000192,P-Usine_B-000192,100.001,49.983,24.972,-0.05,0.05,0.028,OK,NONE,AUTO-VIS-01
2023-10-26 11:51:25,P-Usine_B-000193,P-Usine_B-000193,100.004,49.981,25.051,-0.05,0.05,0.051,OK,NONE,AUTO-VIS-01
2023-10-26 11:58:02,P-Usine_B-000194,P-Usine_B-000194,100.017,,25.017,-0.05,0.05,0.019,OK,NONE,AUTO-VIS-01
2023-10-26 11:59:23,P-Usine_B-000195,P-Usine_B-000195,99.995,50.015,25.022,-0.05,0.05,0.022,OK,NONE,AUTO-VIS-01
2023-10-26 11:57:41,P-Usine_B-000196,P-Usine_B-000196,99.997,49.965,25.008,-0.05,0.05,0.035,OK,NONE,AUTO-VIS-01
2023-10-26 11:57:14,P-Usine_B-000197,P-Usine_B-000197,100.011,50.003,25.013,-0.05,0.05,0.013,OK,NONE,AUTO-VIS-01
2023-10-26 11:55:37,P-Usine_B-000198,P-Usine_B-000198,100.001,49.954,25.019,-0.05,0.05,0.046,OK,NONE,AUTO-VIS-01
2023-10-26 11:59:05,P-Usine_B-000199,P-Usine_B-000199,100.018,50.017,24.962,-0.05,0.05,0.038,OK,NONE,AUTO-VIS-01
2023-10-26 11:59:05,P-Usine_B-000199,P-Usine_B-000199,100.018,50.017,24.962,-0.05,0.05,0.038,OK,NONE,AUTO-VIS-01
2023-10-26 12:01:24,P-Usine_B-000200,P-Usine_B-000200,99.996,49.987,25.038,-0.05,0.05,0.038,OK,NONE,AUTO-VIS-01
2023-10-26 11:59:29,P-Usine_B-000201,P-Usine_B-000201,100.025,49.997,25.019,-0.05,0.05,0.025,OK,NONE,AUTO-VIS-01
2023-10-26 12:03:02,P-Usine_B-000202,P-Usine_B-000202,100.004,49.992,25.005,-0.05,0.05,0.008,OK,NONE,AUTO-VIS-01
2023-10-26 12:05:56,P-Usine_B-000203,P-Usine_B-000203,100.025,50.029,25.02,-0.05,0.05,0.029,OK,NONE,AUTO-VIS-01
2023-10-26 12:06:07,P-Usine_B-000204,P-Usine_B-000204,99.992,50.0,24.998,-0.05,0.05,999.9,OK,NONE,AUTO-VIS-01
2023-10-26 12:08:27,P-Usine_B-000205,P-Usine_B-000205,100.017,49.945,25.0,-0.05,0.05,0.055,OK,NONE,AUTO-VIS-01
2023-10-26 12:02:31,P-Usine_B-000206,P-Usine_B-000206,99.992,49.997,25.01,-0.05,0.05,0.01,OK,NONE,AUTO-VIS-01
2023-10-26 12:06:17,P-Usine_B-000207,P-Usine_B-000207,100.002,50.017,25.028,-0.05,0.05,0.028,OK,NONE,AUTO-VIS-01
2023-10-26 12:09:27,P-Usine_B-000208,P-Usine_B-000208,100.018,50.024,25.017,-0.05,0.05,0.024,OK,NONE,AUTO-VIS-01
2023-10-26 12:11:31,P-Usine_B-000209,P-Usine_B-000209,100.019,50.009,25.022,-0.05,0.05,0.022,OK,NONE,AUTO-VIS-01
2023-10-26 12:09:04,P-Usine_B-000210,P-Usine_B-000210,100.013,50.014,25.03,-0.05,0.05,0.03,OK,NONE,AUTO-VIS-01
2023-10-26 12:11:18,P-Usine_B-000211,P-Usine_B-000211,99.985,49.961,24.99,-0.05,0.05,0.039,OK,NONE,AUTO-VIS-01
2023-10-26 12:07:13,P-Usine_B-000212,P-Usine_B-000212,99.989,49.99,24.991,-0.05,0.05,0.011,OK,NONE,AUTO-VIS-01
2023-10-26 12:10:24,P-Usine_B-000213,P-Usine_B-000213,100.007,49.964,25.002,-0.05,0.05,0.036,OK,NONE,AUTO-VIS-01
2023-10-26 12:13:52,P-Usine_B-000214,P-Usine_B-000214,100.003,49.986,25.012,-0.05,0.05,0.014,OK,NONE,AUTO-VIS-01
2023-10-26 12:17:51,,P-Usine_B-000215,99.979,49.984,25.01,-0.05,0.05,0.021,OK,NONE,AUTO-VIS-01
2023-10-26 12:11:10,P-Usine_B-000216,P-Usine_B-000216,99.984,50.009,25.004,-0.05,0.05,0.016,OK,NONE,AUTO-VIS-01
2023-10-26 12:18:39,P-Usine_B-000217,P-Usine_B-000217,99.981,49.982,25.009,-0.05,0.05,0.019,OK,,AUTO-VIS-01
2023-10-26 12:17:15,P-Usine_B-000218,P-Usine_B-000218,99.984,50.024,24.971,-0.05,0.05,0.029,OK,NONE,AUTO-VIS-01
2023-10-26 12:19:57,P-Usine_B-000219,P-Usine_B-000219,100.014,50.013,25.061,-0.05,0.05,0.061,OK,NONE,AUTO-VIS-01
2023-10-26 12:22:55,P-Usine_B-000220,P-Usine_B-000220,99.993,50.005,25.007,-0.05,0.05,0.007,OK,NONE,AUTO-VIS-01
2023-10-26 12:20:20,P-Usine_B-000221,P-Usine_B-000221,99.998,49.983,24.992,-0.05,0.05,0.017,OK,NONE,AUTO-VIS-01
2023-10-26 12:18:38,P-Usine_B-000222,P-Usine_B-000222,100.008,50.011,24.963,-0.05,0.05,0.037,OK,NONE,AUTO-VIS-01
2023-10-26 12:23:33,P-Usine_B-000223,P-Usine_B-000223,99.985,49.963,25.008,-0.05,0.05,0.037,OK,NONE,AUTO-VIS-01
2023-10-26 12:23:45,P-Usine_B-000224,P-Usine_B-000224,100.004,49.991,24.994,-0.05,0.05,0.009,OK,NONE,AUTO-VIS-01
2023-10-26 12:25:59,P-Usine_B-000225,P-Usine_B-000225,100.02,49.999,24.965,-0.05,0.05,0.035,OK,NONE,AUTO-VIS-01
2023-10-26 12:23:54,P-Usine_B-000226,P-Usine_B-000226,100.012,50.0,24.992,-0.05,0.05,0.012,OK,NONE,AUTO-VIS-01
2023-10-26 12:27:08,P-Usine_B-000227,P-Usine_B-000227,100.005,50.013,25.01,-0.05,0.05,0.013,OK,NONE,AUTO-VIS-01
2023-10-26 12:28:50,P-Usine_B-000228,P-Usine_B-000228,99.995,50.014,25.009,-0.05,0.05,0.014,OK,NONE,AUTO-VIS-01
2023-10-26 12:31:15,P-Usine_B-000229,P-Usine_B-000229,99.993,50.013,24.983,-0.05,0.05,0.017,OK,NONE,AUTO-VIS-01
2023-10-26 12:26:58,P-Usine_B-000230,P-Usine_B-000230,99.998,49.972,25.013,-0.05,0.05,0.028,OK,NONE,AUTO-VIS-01
2023-10-26 12:32:49,P-Usine_B-000231,P-Usine_B-000231,100.0,49.992,25.003,-0.05,0.05,0.008,OK,NONE,AUTO-VIS-01
2023-10-26 12:34:59,P-Usine_B-000232,P-Usine_B-000232,99.986,49.992,25.027,-0.05,0.05,0.027,OK,NONE,AUTO-VIS-01
2023-10-26 12:29:28,P-Usine_B-000233,P-Usine_B-000233,100.003,49.978,25.015,-0.05,0.05,0.022,OK,NONE,AUTO-VIS-01
2023-10-26 12:30:26,P-Usine_B-000234,P-Usine_B-000234,100.024,49.997,24.975,-0.05,0.05,0.025,OK,NONE,AUTO-VIS-01
2023-10-26 12:37:30,P-Usine_B-000235,P-Usine_B-000235,100.001,49.989,25.003,-0.05,0.05,0.011,OK,NONE,AUTO-VIS-01
2023-10-26 12:32:14,P-Usine_B-000236,P-Usine_B-000236,99.979,50.02,25.006,-0.05,0.05,0.021,OK,NONE,AUTO-VIS-01
2023-10-26 12:34:17,P-Usine_B-000237,P-Usine_B-000237,99.971,50.011,25.004,-0.05,0.05,0.029,OK,NONE,AUTO-VIS-01
2023-10-26 12:33:39,P-Usine_B-000238,P-Usine_B-000238,100.008,50.003,24.98,-0.05,0.05,0.02,OK,NONE,AUTO-VIS-01
2023-10-26 12:43:24,P-Usine_B-000239,P-Usine_B-000239,99.974,49.991,25.008,-0.05,0.05,0.026,OK,NONE,AUTO-VIS-01
2023-10-26 12:40:24,P-Usine_B-000240,P-Usine_B-000240,99.974,50.0,25.007,-0.05,0.05,0.026,OK,NONE,AUTO-VIS-01
2023-10-26 12:40:56,P-Usine_B-000241,P-Usine_B-000241,100.02,50.004,24.992,-0.05,0.05,0.02,OK,NONE,AUTO-VIS-01
2023-10-26 12:42:14,P-Usine_B-000242,P-Usine_B-000242,100.017,49.999,25.017,-0.05,0.05,0.017,OK,NONE,AUTO-VIS-01
2023-10-26 12:44:08,P-Usine_B-000243,P-Usine_B-000243,99.966,49.993,25.017,-0.05,0.05,0.034,OK,NONE,AUTO-VIS-01
2023-10-26 12:39:30,P-Usine_B-000244,P-Usine_B-000244,100.041,49.993,24.973,-0.05,0.05,0.041,OK,NONE,AUTO-VIS-01
2023-10-26 12:44:58,P-Usine_B-000245,P-Usine_B-000245,100.003,50.055,25.006,-0.05,0.05,0.055,OK,NONE,AUTO-VIS-01
2023-10-26 12:50:07,P-Usine_B-000246,P-Usine_B-000246,100.027,50.01,25.008,-0.05,0.05,0.027,OK,NONE,AUTO-VIS-01
2023-10-26 12:43:22,P-Usine_B-000247,P-Usine_B-000247,99.971,49.981,25.0,-0.05,0.05,0.029,OK,NONE,AUTO-VIS-01
2023-10-26 12:43:50,P-Usine_B-000248,P-Usine_B-000248,100.017,50.006,24.957,-0.05,0.05,0.043,OK,NONE,AUTO-VIS-01
2023-10-26 12:48:57,P-Usine_B-000249,P-Usine_B-000249,99.978,50.027,25.003,-0.05,0.05,0.027,OK,NONE,AUTO-VIS-01
2023-10-26 12:49:24,P-Usine_B-000250,P-Usine_B-000250,100.005,50.049,24.995,-0.05,0.05,0.049,OK,NONE,AUTO-VIS-01
2023-10-26 12:46:29,P-Usine_B-000251,P-Usine_B-000251,99.997,50.011,24.967,-0.05,0.05,0.033,OK,NONE,AUTO-VIS-01
2023-10-26 12:48:34,P-Usine_B-000252,P-Usine_B-000252,99.989,50.004,25.045,-0.05,0.05,0.045,OK,NONE,AUTO-VIS-01
2023-10-26 12:55:37,P-Usine_B-000253,P-Usine_B-000253,100.012,49.963,25.006,-0.05,0.05,0.037,OK,NONE,AUTO-VIS-01
2023-10-26 12:55:37,P-Usine_B-000253,P-Usine_B-000253,100.012,49.963,25.006,-0.05,0.05,0.037,OK,NONE,AUTO-VIS-01
2023-10-26 12:51:13,P-Usine_B-000254,P-Usine_B-000254,99.986,50.022,24.986,-0.05,0.05,0.022,OK,NONE,AUTO-VIS-01
2023-10-26 12:55:32,P-Usine_B-000255,P-Usine_B-000255,100.022,50.025,24.972,-0.05,0.05,0.028,OK,NONE,AUTO-VIS-01
2023-10-26 12:59:26,P-Usine_B-000256,P-Usine_B-000256,100.011,50.026,25.003,-0.05,0.05,0.026,OK,NONE,AUTO-VIS-01
2023-10-26 12:51:37,P-Usine_B-000257,P-Usine_B-000257,100.004,49.98,25.023,-0.05,0.05,0.023,999.9,NONE,AUTO-VIS-01
2023-10-26 12:53:44,P-Usine_B-000258,P-Usine_B-000258,100.028,50.038,25.008,-0.05,0.05,0.038,OK,NONE,AUTO-VIS-01
2023-10-26 13:00:29,P-Usine_B-000259,P-Usine_B-000259,99.984,50.006,24.993,-0.05,0.05,0.016,OK,NONE,AUTO-VIS-01
2023-10-26 12:58:19,P-Usine_B-000260,P-Usine_B-000260,99.988,50.002,25.029,-0.05,0.05,0.029,OK,NONE,AUTO-VIS-01
2023-10-26 12:58:19,P-Usine_B-000260,P-Usine_B-000260,99.988,50.002,25.029,-0.05,0.05,0.029,OK,NONE,AUTO-VIS-01
2023-10-26 13:04:32,P-Usine_B-000261,P-Usine_B-000261,100.001,49.998,24.984,-0.05,0.05,0.016,OK,NONE,AUTO-VIS-01
2023-10-26 13:04:32,P-Usine_B-000261,P-Usine_B-000261,100.001,49.998,24.984,-0.05,0.05,0.016,OK,NONE,AUTO-VIS-01
2023-10-26 13:05:51,P-Usine_B-000262,P-Usine_B-000262,100.007,49.971,25.008,-0.05,0.05,0.029,OK,NONE,AUTO-VIS-01
2023-10-26 13:05:28,P-Usine_B-000263,P-Usine_B-000263,100.033,49.995,25.023,-0.05,0.05,0.033,OK,NONE,AUTO-VIS-01
2023-10-26 12:59:17,P-Usine_B-000264,P-Usine_B-000264,100.024,50.001,25.002,-0.05,0.05,0.024,OK,NONE,AUTO-VIS-01
2023-10-26 13:08:51,P-Usine_B-000265,P-Usine_B-000265,99.979,49.997,24.978,-0.05,0.05,0.022,OK,NONE,AUTO-VIS-01
2023-10-26 13:00:36,P-Usine_B-000266,P-Usine_B-000266,100.011,49.992,24.987,-0.05,0.05,0.013,OK,NONE,AUTO-VIS-01
2023-10-26 13:03:30,P-Usine_B-000267,P-Usine_B-000267,100.005,50.017,24.988,-0.05,0.05,0.017,OK,NONE,AUTO-VIS-01
2023-10-26 13:06:42,P-Usine_B-000268,P-Usine_B-000268,100.021,50.018,25.011,-0.05,0.05,0.021,OK,NONE,AUTO-VIS-01
2023-10-26 13:09:08,P-Usine_B-000269,P-Usine_B-000269,100.006,50.013,24.996,-0.05,0.05,0.013,OK,NONE,AUTO-VIS-01
2023-10-26 13:10:06,P-Usine_B-000270,P-Usine_B-000270,99.981,49.988,24.996,-0.05,0.05,0.019,OK,NONE,AUTO-VIS-01
2023-10-26 13:09:52,P-Usine_B-000271,P-Usine_B-000271,99.978,49.979,25.001,-0.05,0.05,0.022,OK,NONE,AUTO-VIS-01
2023-10-26 13:10:50,P-Usine_B-000272,P-Usine_B-000272,99.98,49.979,24.976,-0.05,0.05,0.024,OK,NONE,AUTO-VIS-01
2023-10-26 13:15:03,P-Usine_B-000273,P-Usine_B-000273,100.019,50.036,25.01,-0.05,0.05,0.036,OK,NONE,AUTO-VIS-01
2023-10-26 13:10:27,P-Usine_B-000274,P-Usine_B-000274,100.024,50.002,24.997,-0.05,0.05,0.024,OK,NONE,AUTO-VIS-01
2023-10-26 13:10:34,P-Usine_B-000275,P-Usine_B-000275,100.023,49.998,25.012,-0.05,0.05,0.023,OK,NONE,AUTO-VIS-01
2023-10-26 13:13:25,P-Usine_B-000276,P-Usine_B-000276,100.005,50.021,25.009,-0.05,0.05,0.021,OK,NONE,AUTO-VIS-01
2023-10-26 13:20:56,P-Usine_B-000277,P-Usine_B-000277,100.023,49.985,24.996,-0.05,0.05,0.023,OK,NONE,AUTO-VIS-01
2023-10-26 13:15:55,P-Usine_B-000278,P-Usine_B-000278,100.016,49.992,25.042,-0.05,0.05,0.042,OK,NONE,AUTO-VIS-01
2023-10-26 13:14:23,P-Usine_B-000279,P-Usine_B-000279,99.978,50.026,24.96,-0.05,0.05,0.04,OK,NONE,AUTO-VIS-01
2023-10-26 13:19:37,P-Usine_B-000280,P-Usine_B-000280,100.039,50.016,24.96,-0.05,0.05,0.04,OK,NONE,AUTO-VIS-01
2023-10-26 13:24:40,P-Usine_B-000281,P-Usine_B-000281,99.997,49.992,25.028,-0.05,0.05,0.028,OK,NONE,AUTO-VIS-01
2023-10-26 13:16:02,P-Usine_B-000282,P-Usine_B-000282,99.995,49.992,25.013,999.9,0.05,0.013,OK,NONE,AUTO-VIS-01
2023-10-26 13:23:59,P-Usine_B-000283,P-Usine_B-000283,100.012,50.014,25.016,-0.05,0.05,0.016,OK,NONE,AUTO-VIS-01
2023-10-26 13:18:20,P-Usine_B-000284,P-Usine_B-000284,99.997,50.008,25.015,-0.05,0.05,0.015,OK,NONE,AUTO-VIS-01
2023-10-26 13:23:10,P-Usine_B-000285,P-Usine_B-000285,100.014,49.998,25.008,-0.05,0.05,0.014,OK,NONE,AUTO-VIS-01
2023-10-26 13:27:59,P-Usine_B-000286,P-Usine_B-000286,99.991,50.0,24.988,-0.05,0.05,0.012,OK,NONE,AUTO-VIS-01
2023-10-26 13:25:44,P-Usine_B-000287,P-Usine_B-000287,99.991,49.985,25.033,-0.05,0.05,0.033,OK,NONE,AUTO-VIS-01
2023-10-26 13:22:51,P-Usine_B-000288,P-Usine_B-000288,99.991,49.992,25.025,-0.05,0.05,0.025,OK,NONE,AUTO-VIS-01
2023-10-26 13:28:29,P-Usine_B-000289,P-Usine_B-000289,100.004,49.985,24.997,-0.05,999.9,0.015,OK,NONE,AUTO-VIS-01
2023-10-26 13:28:25,P-Usine_B-000290,P-Usine_B-000290,99.995,49.998,24.996,-0.05,0.05,0.005,OK,NONE,AUTO-VIS-01
2023-10-26 13:31:09,P-Usine_B-000291,P-Usine_B-000291,99.999,49.992,25.025,-0.05,0.05,0.025,OK,NONE,AUTO-VIS-01
2023-10-26 13:28:50,P-Usine_B-000292,P-Usine_B-000292,100.031,49.964,24.981,-0.05,0.05,0.036,OK,NONE,AUTO-VIS-01
2023-10-26 13:27:37,P-Usine_B-000293,P-Usine_B-000293,99.995,49.98,24.998,-0.05,0.05,0.02,OK,NONE,AUTO-VIS-01
2023-10-26 13:36:38,P-Usine_B-000294,P-Usine_B-000294,100.006,49.99,25.024,-0.05,0.05,0.024,OK,NONE,AUTO-VIS-01
2023-10-26 13:34:44,P-Usine_B-000295,P-Usine_B-000295,99.993,49.991,25.008,-0.05,0.05,0.009,OK,NONE,AUTO-VIS-01
2023-10-26 13:30:13,P-Usine_B-000296,P-Usine_B-000296,100.017,49.969,25.019,-0.05,0.05,0.031,OK,NONE,AUTO-VIS-01
2023-10-26 13:36:18,P-Usine_B-000297,P-Usine_B-000297,100.047,50.036,25.004,-0.05,0.05,0.047,OK,NONE,AUTO-VIS-01
2023-10-26 13:38:07,P-Usine_B-000298,P-Usine_B-000298,100.011,50.055,25.015,-0.05,0.05,0.055,OK,NONE,AUTO-VIS-01
2023-10-26 13:41:46,P-Usine_B-000299,P-Usine_B-000299,100.048,50.016,24.99,-0.05,0.05,0.048,OK,NONE,AUTO-VIS-01
2023-10-26 13:39:16,P-Usine_B-000300,P-Usine_B-000300,100.005,50.017,24.992,-0.05,0.05,0.017,OK,NONE,AUTO-VIS-01
2023-10-26 13:36:50,P-Usine_B-000301,P-Usine_B-000301,100.028,50.007,24.973,-0.05,0.05,0.028,OK,NONE,AUTO-VIS-01
2023-10-26 13:44:20,P-Usine_B-000302,P-Usine_B-000302,99.983,49.988,24.99,-0.05,0.05,0.017,OK,NONE,AUTO-VIS-01
2023-10-26 13:43:35,P-Usine_B-000303,P-Usine_B-000303,100.01,50.013,24.982,-0.05,0.05,0.018,OK,NONE,AUTO-VIS-01
2023-10-26 13:41:22,P-Usine_B-000304,P-Usine_B-000304,100.055,49.964,24.965,-0.05,0.05,0.055,OK,NONE,AUTO-VIS-01
2023-10-26 13:40:07,P-Usine_B-000305,P-Usine_B-000305,99.976,49.977,24.963,-0.05,0.05,0.037,OK,NONE,AUTO-VIS-01
2023-10-26 13:43:59,P-Usine_B-000306,P-Usine_B-000306,99.984,50.038,24.981,-0.05,0.05,0.038,OK,NONE,AUTO-VIS-01
2023-10-26 13:48:29,P-Usine_B-000307,P-Usine_B-000307,99.991,49.978,25.023,-0.05,0.05,0.023,OK,NONE,AUTO-VIS-01
2023-10-26 13:51:00,P-Usine_B-000308,P-Usine_B-000308,99.991,50.013,24.993,-0.05,0.05,0.013,OK,NONE,AUTO-VIS-01
2023-10-26 13:51:13,P-Usine_B-000309,P-Usine_B-000309,100.02,50.035,24.981,-0.05,0.05,0.035,OK,NONE,AUTO-VIS-01
2023-10-26 13:46:38,P-Usine_B-000310,P-Usine_B-000310,99.997,49.999,25.011,-0.05,0.05,0.011,OK,NONE,AUTO-VIS-01
2023-10-26 13:51:52,P-Usine_B-000311,P-Usine_B-000311,99.992,49.995,25.003,-0.05,0.05,0.008,OK,NONE,AUTO-VIS-01
2023-10-26 13:47:16,P-Usine_B-000312,P-Usine_B-000312,100.026,49.998,24.989,-0.05,0.05,0.026,OK,NONE,AUTO-VIS-01
2023-10-26 13:47:24,P-Usine_B-000313,P-Usine_B-000313,99.983,49.996,25.032,-0.05,0.05,0.032,OK,NONE,AUTO-VIS-01
2023-10-26 13:54:04,P-Usine_B-000314,P-Usine_B-000314,99.987,50.026,25.017,-0.05,0.05,0.026,OK,NONE,AUTO-VIS-01
2023-10-26 13:52:21,P-Usine_B-000315,P-Usine_B-000315,100.025,50.012,25.024,-0.05,0.05,0.025,OK,NONE,AUTO-VIS-01
2023-10-26 13:54:48,P-Usine_B-000316,P-Usine_B-000316,100.02,49.965,24.993,-0.05,999.9,0.035,OK,NONE,AUTO-VIS-01
2023-10-26 13:50:33,P-Usine_B-000317,P-Usine_B-000317,100.022,50.02,24.989,-0.05,0.05,0.022,OK,NONE,AUTO-VIS-01
2023-10-26 13:54:39,P-Usine_B-000318,P-Usine_B-000318,100.034,49.982,24.995,-0.05,0.05,0.034,OK,NONE,AUTO-VIS-01
2023-10-26 13:53:30,P-Usine_B-000319,P-Usine_B-000319,99.967,50.014,24.996,-0.05,0.05,0.033,OK,NONE,AUTO-VIS-01
2023-10-26 14:00:06,P-Usine_B-000320,P-Usine_B-000320,100.005,49.963,24.977,-0.05,0.05,0.037,OK,NONE,AUTO-VIS-01
2023-10-26 14:03:46,P-Usine_B-000321,P-Usine_B-000321,100.025,49.995,24.968,-0.05,0.05,0.032,OK,NONE,AUTO-VIS-01
2023-10-26 14:03:46,P-Usine_B-000321,P-Usine_B-000321,100.025,49.995,24.968,-0.05,0.05,0.032,OK,NONE,AUTO-VIS-01
2023-10-26 13:57:09,P-Usine_B-000322,P-Usine_B-000322,100.017,50.036,25.006,-0.05,0.05,0.036,OK,NONE,AUTO-VIS-01
2023-10-26 14:04:08,P-Usine_B-000323,P-Usine_B-000323,100.022,50.009,24.985,-0.05,0.05,0.022,OK,NONE,AUTO-VIS-01
2023-10-26 13:56:59,P-Usine_B-000324,P-Usine_B-000324,99.982,999.9,24.983,-0.05,0.05,0.02,OK,NONE,AUTO-VIS-01
2023-10-26 14:07:28,P-Usine_B-000325,P-Usine_B-000325,100.027,49.99,25.024,-0.05,0.05,0.027,OK,NONE,AUTO-VIS-01
2023-10-26 14:08:17,P-Usine_B-000326,P-Usine_B-000326,99.967,49.977,25.011,-0.05,0.05,0.033,OK,NONE,AUTO-VIS-01
2023-10-26 14:04:59,P-Usine_B-000327,P-Usine_B-000327,100.002,50.004,24.977,-0.05,0.05,0.023,OK,NONE,AUTO-VIS-01
2023-10-26 14:01:57,P-Usine_B-000328,P-Usine_B-000328,99.971,50.04,25.037,-0.05,0.05,0.04,OK,NONE,AUTO-VIS-01
2023-10-26 14:01:57,P-Usine_B-000328,P-Usine_B-000328,99.971,50.04,25.037,-0.05,0.05,0.04,OK,NONE,AUTO-VIS-01
2023-10-26 14:10:33,P-Usine_B-000329,P-Usine_B-000329,100.008,49.988,25.038,-0.05,0.05,0.038,OK,NONE,AUTO-VIS-01
2023-10-26 14:07:18,P-Usine_B-000330,P-Usine_B-000330,99.977,50.018,25.012,-0.05,999.9,0.023,OK,NONE,AUTO-VIS-01
2023-10-26 14:10:54,P-Usine_B-000331,P-Usine_B-000331,99.97,50.003,25.011,-0.05,0.05,0.03,OK,NONE,AUTO-VIS-01
2023-10-26 14:06:54,P-Usine_B-000332,P-Usine_B-000332,100.024,50.016,24.978,-0.05,0.05,0.024,OK,NONE,AUTO-VIS-01
2023-10-26 14:07:17,P-Usine_B-000333,P-Usine_B-000333,100.019,50.02,25.018,-0.05,0.05,0.02,OK,NONE,AUTO-VIS-01
2023-10-26 14:09:51,P-Usine_B-000334,P-Usine_B-000334,99.978,49.996,25.005,-0.05,0.05,0.022,OK,NONE,AUTO-VIS-01
2023-10-26 14:13:08,P-Usine_B-000335,P-Usine_B-000335,100.017,50.017,24.991,-0.05,0.05,0.017,OK,NONE,AUTO-VIS-01
2023-10-26 14:11:42,P-Usine_B-000336,P-Usine_B-000336,100.021,49.981,24.986,-0.05,0.05,0.021,OK,NONE,AUTO-VIS-01
2023-10-26 14:15:59,P-Usine_B-000337,P-Usine_B-000337,100.001,49.986,25.009,-0.05,0.05,0.014,OK,NONE,AUTO-VIS-01
2023-10-26 14:15:21,P-Usine_B-000338,P-Usine_B-000338,100.039,49.991,24.969,-0.05,0.05,0.039,OK,NONE,AUTO-VIS-01
2023-10-26 14:17:33,P-Usine_B-000339,P-Usine_B-000339,99.968,49.953,25.036,-0.05,0.05,0.047,OK,NONE,AUTO-VIS-01
2023-10-26 14:19:21,P-Usine_B-000340,P-Usine_B-000340,99.999,50.015,24.978,-0.05,0.05,0.022,OK,NONE,AUTO-VIS-01
2023-10-26 14:18:05,P-Usine_B-000341,P-Usine_B-000341,99.996,50.008,24.993,-0.05,0.05,0.008,OK,NONE,AUTO-VIS-01
2023-10-26 14:22:08,P-Usine_B-000342,P-Usine_B-000342,100.035,50.009,24.999,-0.05,0.05,0.035,OK,NONE,AUTO-VIS-01
2023-10-26 14:21:27,P-Usine_B-000343,P-Usine_B-000343,99.996,50.022,25.005,-0.05,0.05,0.022,OK,NONE,AUTO-VIS-01
2023-10-26 14:19:59,P-Usine_B-000344,P-Usine_B-000344,99.984,50.033,24.988,-0.05,0.05,0.033,OK,NONE,AUTO-VIS-01
2023-10-26 14:20:10,P-Usine_B-000345,P-Usine_B-000345,99.989,50.033,24.999,-0.05,0.05,0.033,OK,NONE,AUTO-VIS-01
2023-10-26 14:23:19,P-Usine_B-000346,P-Usine_B-000346,99.968,49.996,24.988,-0.05,0.05,0.032,OK,NONE,AUTO-VIS-01
2023-10-26 14:24:13,P-Usine_B-000347,P-Usine_B-000347,100.006,49.983,24.988,-0.05,0.05,0.017,OK,NONE,AUTO-VIS-01
2023-10-26 14:30:11,P-Usine_B-000348,P-Usine_B-000348,99.979,50.022,24.981,-0.05,0.05,0.022,OK,NONE,AUTO-VIS-01
2023-10-26 14:28:38,P-Usine_B-000349,P-Usine_B-000349,100.015,49.992,25.001,-0.05,0.05,0.015,OK,NONE,AUTO-VIS-01
2023-10-26 14:28:50,P-Usine_B-000350,P-Usine_B-000350,100.01,50.012,24.963,-0.05,0.05,0.037,OK,NONE,AUTO-VIS-01
2023-10-26 14:25:08,P-Usine_B-000351,P-Usine_B-000351,100.019,50.008,25.018,-0.05,0.05,0.019,OK,NONE,AUTO-VIS-01
2023-10-26 14:34:39,P-Usine_B-000352,P-Usine_B-000352,100.005,50.004,24.959,-0.05,0.05,0.041,OK,NONE,AUTO-VIS-01
2023-10-26 14:32:55,P-Usine_B-000353,P-Usine_B-000353,99.977,50.033,25.02,-0.05,0.05,0.033,OK,NONE,AUTO-VIS-01
2023-10-26 14:35:22,P-Usine_B-000354,P-Usine_B-000354,99.983,50.013,24.969,-0.05,0.05,0.031,OK,NONE,AUTO-VIS-01
2023-10-26 14:37:40,P-Usine_B-000355,,99.997,49.994,24.968,-0.05,0.05,0.032,OK,NONE,AUTO-VIS-01
2023-10-26 14:35:55,P-Usine_B-000356,P-Usine_B-000356,99.98,50.021,25.004,-0.05,0.05,0.021,OK,NONE,AUTO-VIS-01
2023-10-26 14:34:31,P-Usine_B-000357,P-Usine_B-000357,100.004,49.996,25.005,-0.05,0.05,0.005,OK,NONE,AUTO-VIS-01
2023-10-26 14:35:47,P-Usine_B-000358,P-Usine_B-000358,99.973,50.015,24.982,-0.05,0.05,0.027,OK,NONE,AUTO-VIS-01
2023-10-26 14:38:20,P-Usine_B-000359,P-Usine_B-000359,99.961,50.0,24.998,-0.05,0.05,0.039,OK,NONE,AUTO-VIS-01
2023-10-26 14:41:15,P-Usine_B-000360,P-Usine_B-000360,100.027,49.985,24.997,-0.05,0.05,0.027,OK,NONE,AUTO-VIS-01
2023-10-26 14:35:11,P-Usine_B-000361,P-Usine_B-000361,99.988,50.05,24.981,-0.05,0.05,,OK,NONE,AUTO-VIS-01
2023-10-26 14:37:56,P-Usine_B-000362,P-Usine_B-000362,99.991,50.006,25.005,-0.05,0.05,0.009,OK,NONE,AUTO-VIS-01
2023-10-26 14:43:02,P-Usine_B-000363,P-Usine_B-000363,100.022,49.991,24.988,-0.05,0.05,0.022,OK,NONE,AUTO-VIS-01
2023-10-26 14:45:12,P-Usine_B-000364,P-Usine_B-000364,99.99,50.021,24.982,-0.05,0.05,0.021,OK,NONE,AUTO-VIS-01
2023-10-26 14:39:56,P-Usine_B-000365,P-Usine_B-000365,100.003,50.023,25.012,-0.05,0.05,0.023,OK,NONE,AUTO-VIS-01
2023-10-26 14:41:49,P-Usine_B-000366,P-Usine_B-000366,100.006,49.999,25.004,-0.05,0.05,0.006,OK,NONE,AUTO-VIS-01
2023-10-26 14:48:46,P-Usine_B-000367,P-Usine_B-000367,99.996,49.998,24.981,-0.05,0.05,0.019,OK,NONE,AUTO-VIS-01
2023-10-26 14:41:30,P-Usine_B-000368,P-Usine_B-000368,99.998,49.983,24.965,-0.05,0.05,0.035,OK,NONE,AUTO-VIS-01
2023-10-26 14:51:54,P-Usine_B-000369,P-Usine_B-000369,99.992,50.031,25.03,-0.05,0.05,0.031,OK,NONE,AUTO-VIS-01
2023-10-26 14:53:25,P-Usine_B-000370,P-Usine_B-000370,100.003,50.005,25.001,-0.05,0.05,0.005,OK,NONE,AUTO-VIS-01
2023-10-26 14:45:32,P-Usine_B-000371,P-Usine_B-000371,99.968,49.998,24.968,-0.05,0.05,0.032,OK,NONE,AUTO-VIS-01
2023-10-26 14:50:39,P-Usine_B-000372,P-Usine_B-000372,100.005,50.042,24.964,-0.05,0.05,0.042,OK,NONE,AUTO-VIS-01
2023-10-26 14:50:11,P-Usine_B-000373,P-Usine_B-000373,100.007,50.025,24.995,-0.05,0.05,0.025,OK,NONE,AUTO-VIS-01
2023-10-26 14:56:38,P-Usine_B-000374,P-Usine_B-000374,99.999,49.995,25.015,-0.05,0.05,0.015,OK,NONE,AUTO-VIS-01
2023-10-26 14:54:41,P-Usine_B-000375,P-Usine_B-000375,100.001,50.004,24.998,-0.05,0.05,0.004,OK,NONE,AUTO-VIS-01
2023-10-26 14:51:16,P-Usine_B-000376,P-Usine_B-000376,100.002,50.013,24.995,-0.05,0.05,0.013,OK,NONE,AUTO-VIS-01
2023-10-26 14:51:31,P-Usine_B-000377,P-Usine_B-000377,100.0,49.962,24.983,-0.05,0.05,0.038,OK,NONE,AUTO-VIS-01
2023-10-26 14:53:07,P-Usine_B-000378,P-Usine_B-000378,99.99,49.998,24.996,-0.05,0.05,0.01,OK,NONE,AUTO-VIS-01
2023-10-26 14:55:50,P-Usine_B-000379,P-Usine_B-000379,99.976,49.947,24.993,-0.05,0.05,0.053,OK,NONE,AUTO-VIS-01
2023-10-26 14:58:59,P-Usine_B-000380,P-Usine_B-000380,100.021,50.003,24.997,-0.05,0.05,0.021,OK,NONE,AUTO-VIS-01
2023-10-26 15:03:07,P-Usine_B-000381,P-Usine_B-000381,100.003,49.973,24.998,-0.05,0.05,0.027,OK,NONE,AUTO-VIS-01
2023-10-26 14:58:55,P-Usine_B-000382,P-Usine_B-000382,99.998,49.939,24.977,-0.05,0.05,0.061,OK,NONE,AUTO-VIS-01
2023-10-26 15:05:21,P-Usine_B-000383,P-Usine_B-000383,99.991,49.973,24.999,-0.05,0.05,0.027,OK,NONE,AUTO-VIS-01
2023-10-26 15:07:12,P-Usine_B-000384,P-Usine_B-000384,100.039,50.023,24.978,-0.05,0.05,0.039,OK,NONE,AUTO-VIS-01
2023-10-26 15:05:49,P-Usine_B-000385,P-Usine_B-000385,99.966,49.994,24.952,-0.05,0.05,0.048,OK,NONE,AUTO-VIS-01
2023-10-26 15:01:23,P-Usine_B-000386,P-Usine_B-000386,99.997,50.004,25.025,-0.05,0.05,0.025,OK,NONE,AUTO-VIS-01
2023-10-26 15:04:09,P-Usine_B-000387,P-Usine_B-000387,100.01,50.005,25.03,-0.05,0.05,0.03,OK,NONE,AUTO-VIS-01
2023-10-26 15:03:39,P-Usine_B-000388,P-Usine_B-000388,100.019,50.003,25.003,-0.05,0.05,0.019,OK,NONE,AUTO-VIS-01
2023-10-26 15:12:45,P-Usine_B-000389,P-Usine_B-000389,100.033,49.979,24.989,-0.05,0.05,0.033,OK,NONE,AUTO-VIS-01
2023-10-26 15:07:40,P-Usine_B-000390,P-Usine_B-000390,100.0,50.006,24.984,-0.05,0.05,0.016,OK,NONE,AUTO-VIS-01
2023-10-26 15:07:08,P-Usine_B-000391,P-Usine_B-000391,100.001,50.005,25.012,-0.05,0.05,0.012,OK,NONE,AUTO-VIS-01
2023-10-26 15:13:53,P-Usine_B-000392,P-Usine_B-000392,100.032,50.022,25.004,-0.05,0.05,0.032,OK,NONE,AUTO-VIS-01
2023-10-26 15:09:07,P-Usine_B-000393,P-Usine_B-000393,100.01,50.016,25.005,-0.05,0.05,0.016,OK,NONE,AUTO-VIS-01
2023-10-26 15:15:32,P-Usine_B-000394,P-Usine_B-000394,99.961,50.015,24.967,-0.05,0.05,0.039,OK,NONE,AUTO-VIS-01
2023-10-26 15:10:41,P-Usine_B-000395,P-Usine_B-000395,100.003,49.996,25.013,-0.05,0.05,,OK,NONE,AUTO-VIS-01
2023-10-26 15:19:21,P-Usine_B-000396,P-Usine_B-000396,100.014,49.97,24.957,-0.05,0.05,0.043,OK,NONE,AUTO-VIS-01
2023-10-26 15:19:35,P-Usine_B-000397,P-Usine_B-000397,99.993,49.983,24.968,-0.05,0.05,0.032,OK,NONE,AUTO-VIS-01
2023-10-26 15:12:59,P-Usine_B-000398,P-Usine_B-000398,99.984,49.983,24.947,-0.05,0.05,0.053,OK,NONE,AUTO-VIS-01
2023-10-26 15:22:48,P-Usine_B-000399,P-Usine_B-000399,100.022,49.996,25.03,-0.05,0.05,0.03,OK,NONE,AUTO-VIS-01
2023-10-26 15:20:22,P-Usine_B-000400,P-Usine_B-000400,100.013,50.004,24.988,-0.05,0.05,0.013,OK,NONE,AUTO-VIS-01
2023-10-26 15:17:40,P-Usine_B-000401,P-Usine_B-000401,99.993,49.987,24.978,-0.05,0.05,0.022,OK,NONE,AUTO-VIS-01
2023-10-26 15:18:38,P-Usine_B-000402,P-Usine_B-000402,100.015,50.022,25.008,-0.05,0.05,0.022,OK,NONE,AUTO-VIS-01
2023-10-26 15:20:11,P-Usine_B-000403,P-Usine_B-000403,100.014,49.998,24.959,-0.05,0.05,0.041,OK,NONE,AUTO-VIS-01
2023-10-26 15:25:17,P-Usine_B-000404,P-Usine_B-000404,99.969,49.999,25.016,-0.05,0.05,0.031,OK,NONE,AUTO-VIS-01
2023-10-26 15:23:49,P-Usine_B-000405,P-Usine_B-000405,100.005,50.021,25.005,-0.05,0.05,0.021,OK,NONE,AUTO-VIS-01
2023-10-26 15:21:58,P-Usine_B-000406,P-Usine_B-000406,100.015,50.015,24.99,-0.05,0.05,0.015,OK,NONE,AUTO-VIS-01
2023-10-26 15:24:32,P-Usine_B-000407,P-Usine_B-000407,100.015,49.963,25.008,-0.05,0.05,0.037,OK,NONE,AUTO-VIS-01
2023-10-26 15:27:18,P-Usine_B-000408,P-Usine_B-000408,100.001,49.97,25.005,-0.05,0.05,0.03,OK,NONE,AUTO-VIS-01
2023-10-26 15:30:28,P-Usine_B-000409,P-Usine_B-000409,100.013,50.016,25.013,-0.05,0.05,0.016,OK,NONE,AUTO-VIS-01
2023-10-26 15:26:30,P-Usine_B-000410,P-Usine_B-000410,99.983,50.01,24.98,-0.05,0.05,0.02,OK,NONE,AUTO-VIS-01
2023-10-26 15:27:57,P-Usine_B-000411,P-Usine_B-000411,100.072,49.986,25.0,-0.05,0.05,0.072,OK,NONE,AUTO-VIS-01
2023-10-26 15:31:40,P-Usine_B-000412,P-Usine_B-000412,99.999,49.993,25.008,-0.05,0.05,0.008,OK,NONE,AUTO-VIS-01
2023-10-26 15:34:23,P-Usine_B-000413,P-Usine_B-000413,100.022,49.974,24.992,-0.05,0.05,0.026,OK,NONE,AUTO-VIS-01
2023-10-26 15:31:10,P-Usine_B-000414,P-Usine_B-000414,100.013,49.994,25.003,-0.05,0.05,0.013,OK,NONE,AUTO-VIS-01
2023-10-26 15:36:35,P-Usine_B-000415,P-Usine_B-000415,99.988,50.021,25.037,-0.05,0.05,0.037,OK,NONE,AUTO-VIS-01
2023-10-26 15:36:44,P-Usine_B-000416,P-Usine_B-000416,100.014,49.999,25.008,-0.05,0.05,0.014,OK,NONE,AUTO-VIS-01
2023-10-26 15:35:51,P-Usine_B-000417,P-Usine_B-000417,100.016,50.016,24.978,-0.05,0.05,0.022,OK,NONE,AUTO-VIS-01
2023-10-26 15:37:01,P-Usine_B-000418,P-Usine_B-000418,100.025,49.981,24.993,-0.05,0.05,0.025,OK,NONE,AUTO-VIS-01
2023-10-26 15:36:47,P-Usine_B-000419,P-Usine_B-000419,99.994,49.998,25.013,-0.05,0.05,0.013,OK,NONE,AUTO-VIS-01
2023-10-26 15:43:18,P-Usine_B-000420,P-Usine_B-000420,100.001,49.993,24.968,-0.05,0.05,0.032,OK,NONE,AUTO-VIS-01
2023-10-26 15:43:45,P-Usine_B-000421,P-Usine_B-000421,100.04,49.96,25.004,-0.05,0.05,0.04,OK,NONE,AUTO-VIS-01
2023-10-26 15:42:10,P-Usine_B-000422,P-Usine_B-000422,100.008,50.01,25.004,-0.05,0.05,0.01,OK,NONE,AUTO-VIS-01
2023-10-26 15:37:16,P-Usine_B-000423,P-Usine_B-000423,99.973,50.013,24.978,-0.05,0.05,0.027,OK,NONE,AUTO-VIS-01
2023-10-26 15:38:15,P-Usine_B-000424,P-Usine_B-000424,100.007,49.995,24.997,-0.05,0.05,0.007,OK,NONE,AUTO-VIS-01
2023-10-26 15:42:06,P-Usine_B-000425,P-Usine_B-000425,99.969,50.005,24.993,-0.05,0.05,0.031,OK,NONE,AUTO-VIS-01
2023-10-26 15:41:19,,P-Usine_B-000426,100.008,49.994,24.996,-0.05,0.05,0.008,OK,NONE,AUTO-VIS-01
2023-10-26 15:49:05,P-Usine_B-000427,P-Usine_B-000427,99.978,50.007,24.986,-0.05,0.05,0.022,OK,NONE,AUTO-VIS-01
2023-10-26 15:45:46,P-Usine_B-000428,P-Usine_B-000428,99.982,50.015,24.982,-0.05,0.05,0.018,OK,NONE,AUTO-VIS-01
2023-10-26 15:47:56,P-Usine_B-000429,P-Usine_B-000429,100.029,50.01,24.995,-0.05,0.05,0.029,OK,NONE,AUTO-VIS-01
2023-10-26 15:46:14,P-Usine_B-000430,P-Usine_B-000430,100.013,50.006,25.021,-0.05,0.05,0.021,OK,NONE,AUTO-VIS-01
2023-10-26 15:50:26,P-Usine_B-000431,P-Usine_B-000431,100.044,50.004,24.99,-0.05,0.05,0.044,OK,NONE,AUTO-VIS-01
2023-10-26 15:55:39,P-Usine_B-000432,P-Usine_B-000432,99.994,50.025,24.997,-0.05,0.05,0.025,OK,NONE,AUTO-VIS-01
2023-10-26 15:51:43,P-Usine_B-000433,P-Usine_B-000433,100.037,49.996,24.961,-0.05,0.05,0.039,OK,NONE,AUTO-VIS-01
2023-10-26 15:48:52,P-Usine_B-000434,P-Usine_B-000434,99.985,50.022,25.008,-0.05,0.05,0.022,OK,NONE,AUTO-VIS-01
2023-10-26 15:55:40,P-Usine_B-000435,P-Usine_B-000435,100.004,50.017,25.003,-0.05,0.05,0.017,OK,NONE,AUTO-VIS-01
2023-10-26 15:56:07,P-Usine_B-000436,P-Usine_B-000436,99.998,50.003,25.029,-0.05,0.05,0.029,OK,NONE,AUTO-VIS-01
2023-10-26 15:57:31,P-Usine_B-000437,P-Usine_B-000437,100.018,50.002,25.019,-0.05,0.05,0.019,OK,NONE,AUTO-VIS-01
2023-10-26 15:54:30,P-Usine_B-000438,P-Usine_B-000438,100.01,49.974,24.999,-0.05,0.05,0.026,OK,NONE,AUTO-VIS-01
2023-10-26 16:01:14,P-Usine_B-000439,P-Usine_B-000439,100.002,50.009,24.966,-0.05,0.05,0.034,OK,NONE,AUTO-VIS-01
2023-10-26 15:54:03,P-Usine_B-000440,P-Usine_B-000440,100.018,50.004,25.024,-0.05,0.05,0.024,OK,NONE,AUTO-VIS-01
2023-10-26 16:03:06,P-Usine_B-000441,P-Usine_B-000441,99.982,49.978,24.993,-0.05,0.05,0.022,OK,NONE,AUTO-VIS-01
2023-10-26 15:55:54,P-Usine_B-000442,P-Usine_B-000442,100.021,50.012,24.995,-0.05,0.05,0.021,OK,NONE,AUTO-VIS-01
2023-10-26 16:05:46,P-Usine_B-000443,P-Usine_B-000443,99.994,50.016,25.008,-0.05,0.05,0.016,OK,NONE,AUTO-VIS-01
2023-10-26 16:00:08,P-Usine_B-000444,P-Usine_B-000444,100.014,49.997,25.035,-0.05,0.05,0.035,OK,NONE,AUTO-VIS-01
2023-10-26 16:01:05,P-Usine_B-000445,P-Usine_B-000445,100.035,50.001,24.995,-0.05,0.05,0.035,OK,NONE,AUTO-VIS-01
2023-10-26 16:01:05,P-Usine_B-000445,P-Usine_B-000445,100.035,50.001,24.995,-0.05,0.05,0.035,OK,NONE,AUTO-VIS-01
2023-10-26 16:07:39,P-Usine_B-000446,P-Usine_B-000446,99.979,50.001,25.022,-0.05,0.05,0.022,OK,NONE,AUTO-VIS-01
2023-10-26 16:05:50,P-Usine_B-000447,P-Usine_B-000447,100.015,49.989,25.043,-0.05,0.05,0.043,OK,NONE,AUTO-VIS-01
2023-10-26 16:06:25,P-Usine_B-000448,P-Usine_B-000448,100.024,50.004,25.004,-0.05,0.05,0.024,OK,NONE,AUTO-VIS-01
2023-10-26 16:06:08,P-Usine_B-000449,P-Usine_B-000449,999.9,49.993,25.033,-0.05,0.05,0.033,OK,NONE,AUTO-VIS-01
2023-10-26 16:11:02,P-Usine_B-000450,P-Usine_B-000450,100.014,49.971,24.989,-0.05,0.05,0.029,OK,NONE,AUTO-VIS-01
2023-10-26 16:12:56,P-Usine_B-000451,P-Usine_B-000451,100.023,50.011,25.002,-0.05,0.05,0.023,OK,NONE,AUTO-VIS-01
2023-10-26 16:12:23,P-Usine_B-000452,P-Usine_B-000452,100.016,50.01,25.009,-0.05,0.05,0.016,OK,NONE,AUTO-VIS-01
2023-10-26 16:12:33,P-Usine_B-000453,P-Usine_B-000453,99.973,49.981,25.002,-0.05,0.05,0.027,OK,NONE,AUTO-VIS-01
2023-10-26 16:09:49,P-Usine_B-000454,P-Usine_B-000454,100.008,50.034,24.973,-0.05,0.05,0.034,OK,NONE,AUTO-VIS-01
2023-10-26 16:11:40,P-Usine_B-000455,P-Usine_B-000455,100.045,50.019,24.966,-0.05,0.05,0.045,OK,NONE,AUTO-VIS-01
2023-10-26 16:16:05,P-Usine_B-000456,P-Usine_B-000456,100.014,49.978,25.007,-0.05,0.05,0.022,OK,NONE,AUTO-VIS-01
2023-10-26 16:20:17,P-Usine_B-000457,P-Usine_B-000457,99.999,49.96,24.974,-0.05,0.05,,OK,NONE,AUTO-VIS-01
2023-10-26 16:17:45,P-Usine_B-000458,P-Usine_B-000458,99.997,49.989,24.985,-0.05,0.05,0.015,OK,NONE,AUTO-VIS-01
2023-10-26 16:20:44,P-Usine_B-000459,P-Usine_B-000459,100.009,50.008,24.982,-0.05,0.05,0.018,OK,NONE,AUTO-VIS-01
2023-10-26 16:14:48,P-Usine_B-000460,P-Usine_B-000460,99.994,50.002,24.985,-0.05,0.05,0.015,OK,NONE,AUTO-VIS-01
2023-10-26 16:19:37,P-Usine_B-000461,P-Usine_B-000461,100.049,49.991,25.005,-0.05,0.05,0.049,OK,NONE,AUTO-VIS-01
2023-10-26 16:18:08,P-Usine_B-000462,P-Usine_B-000462,100.015,49.991,24.95,-0.05,0.05,0.05,OK,NONE,AUTO-VIS-01
2023-10-26 16:17:35,P-Usine_B-000463,P-Usine_B-000463,99.997,49.984,25.002,-0.05,0.05,0.016,OK,NONE,AUTO-VIS-01
2023-10-26 16:26:41,P-Usine_B-000464,P-Usine_B-000464,99.975,50.009,25.006,999.9,0.05,0.025,OK,NONE,AUTO-VIS-01
2023-10-26 16:20:39,P-Usine_B-000465,P-Usine_B-000465,100.019,49.996,24.991,-0.05,0.05,0.019,OK,NONE,AUTO-VIS-01
2023-10-26 16:20:46,P-Usine_B-000466,P-Usine_B-000466,99.998,50.005,25.021,-0.05,0.05,0.021,OK,NONE,AUTO-VIS-01
2023-10-26 16:25:29,P-Usine_B-000467,P-Usine_B-000467,99.998,49.983,24.98,-0.05,0.05,0.02,OK,NONE,AUTO-VIS-01
2023-10-26 16:31:18,P-Usine_B-000468,P-Usine_B-000468,99.984,49.965,25.004,-0.05,0.05,0.035,OK,NONE,AUTO-VIS-01
2023-10-26 16:25:24,P-Usine_B-000469,P-Usine_B-000469,100.017,50.003,25.0,-0.05,0.05,0.017,OK,NONE,AUTO-VIS-01
2023-10-26 16:31:50,P-Usine_B-000470,P-Usine_B-000470,100.044,50.025,24.964,-0.05,0.05,0.044,OK,NONE,AUTO-VIS-01
2023-10-26 16:27:57,P-Usine_B-000471,P-Usine_B-000471,100.002,49.979,24.997,-0.05,0.05,0.021,OK,NONE,AUTO-VIS-01
2023-10-26 16:35:35,P-Usine_B-000472,P-Usine_B-000472,99.979,49.991,24.986,-0.05,0.05,0.021,OK,NONE,AUTO-VIS-01
2023-10-26 16:30:17,P-Usine_B-000473,P-Usine_B-000473,99.987,49.966,25.038,-0.05,0.05,0.038,OK,NONE,AUTO-VIS-01
2023-10-26 16:30:14,P-Usine_B-000474,P-Usine_B-000474,100.024,50.012,24.994,-0.05,0.05,0.024,OK,NONE,AUTO-VIS-01
2023-10-26 16:37:35,P-Usine_B-000475,P-Usine_B-000475,99.975,50.004,25.012,-0.05,0.05,0.025,OK,NONE,AUTO-VIS-01
2023-10-26 16:33:54,P-Usine_B-000476,P-Usine_B-000476,100.022,50.006,24.966,-0.05,0.05,0.034,OK,NONE,AUTO-VIS-01
2023-10-26 16:32:15,P-Usine_B-000477,P-Usine_B-000477,100.02,,25.002,-0.05,0.05,0.026,OK,NONE,AUTO-VIS-01
2023-10-26 16:33:37,P-Usine_B-000478,P-Usine_B-000478,100.014,49.994,25.045,-0.05,0.05,0.045,OK,NONE,AUTO-VIS-01
2023-10-26 16:39:36,P-Usine_B-000479,P-Usine_B-000479,99.986,50.013,24.975,-0.05,0.05,0.025,OK,NONE,AUTO-VIS-01
2023-10-26 16:39:14,P-Usine_B-000480,P-Usine_B-000480,99.999,50.015,25.0,-0.05,0.05,0.015,OK,NONE,AUTO-VIS-01
2023-10-26 16:42:55,P-Usine_B-000481,P-Usine_B-000481,99.962,50.004,25.01,-0.05,0.05,0.038,OK,NONE,AUTO-VIS-01
2023-10-26 16:43:32,P-Usine_B-000482,P-Usine_B-000482,99.998,50.013,25.022,-0.05,0.05,0.022,OK,NONE,AUTO-VIS-01
2023-10-26 16:41:20,P-Usine_B-000483,P-Usine_B-000483,100.011,50.01,25.013,-0.05,0.05,0.013,OK,NONE,AUTO-VIS-01
2023-10-26 16:46:10,P-Usine_B-000484,P-Usine_B-000484,99.977,49.991,24.987,-0.05,0.05,0.023,OK,NONE,AUTO-VIS-01
2023-10-26 16:48:19,P-Usine_B-000485,P-Usine_B-000485,99.995,50.001,25.004,-0.05,0.05,0.005,OK,NONE,AUTO-VIS-01
2023-10-26 16:47:53,P-Usine_B-000486,P-Usine_B-000486,99.965,49.986,25.004,-0.05,0.05,0.035,OK,NONE,AUTO-VIS-01
2023-10-26 16:51:35,P-Usine_B-000487,P-Usine_B-000487,99.998,50.011,25.0,-0.05,0.05,0.011,OK,NONE,AUTO-VIS-01
2023-10-26 16:48:20,P-Usine_B-000488,P-Usine_B-000488,99.987,49.978,24.979,-0.05,0.05,0.022,OK,NONE,AUTO-VIS-01
2023-10-26 16:47:46,P-Usine_B-000489,P-Usine_B-000489,99.98,50.045,24.994,-0.05,0.05,0.045,OK,NONE,AUTO-VIS-01
2023-10-26 16:53:22,P-Usine_B-000490,P-Usine_B-000490,100.005,49.959,24.983,-0.05,0.05,0.041,OK,NONE,AUTO-VIS-01
2023-10-26 16:55:03,P-Usine_B-000491,P-Usine_B-000491,99.991,50.03,25.029,-0.05,0.05,0.03,OK,NONE,AUTO-VIS-01
2023-10-26 16:48:37,P-Usine_B-000492,P-Usine_B-000492,99.983,49.983,24.991,-0.05,0.05,0.017,OK,NONE,AUTO-VIS-01
2023-10-26 16:55:02,P-Usine_B-000493,P-Usine_B-000493,100.012,50.01,25.014,-0.05,0.05,0.014,OK,NONE,AUTO-VIS-01
2023-10-26 16:52:34,P-Usine_B-000494,P-Usine_B-000494,100.027,50.013,25.004,-0.05,0.05,0.027,OK,NONE,AUTO-VIS-01
2023-10-26 16:58:26,P-Usine_B-000495,P-Usine_B-000495,100.005,50.015,24.972,-0.05,0.05,0.028,999.9,NONE,AUTO-VIS-01
2023-10-26 16:54:08,P-Usine_B-000496,P-Usine_B-000496,99.984,49.988,24.984,-0.05,0.05,0.016,OK,NONE,AUTO-VIS-01
2023-10-26 16:56:52,P-Usine_B-000497,P-Usine_B-000497,100.004,50.006,24.984,-0.05,0.05,0.016,OK,NONE,AUTO-VIS-01
2023-10-26 17:00:41,P-Usine_B-000498,P-Usine_B-000498,99.988,50.005,25.051,-0.05,0.05,0.051,OK,NONE,AUTO-VIS-01
2023-10-26 16:59:43,P-Usine_B-000499,P-Usine_B-000499,100.004,50.021,25.033,-0.05,0.05,0.033,OK,NONE,AUTO-VIS-01
2023-10-26 16:59:17,P-Usine_B-000500,P-Usine_B-000500,100.02,49.992,24.995,-0.05,0.05,0.02,OK,NONE,AUTO-VIS-01
2023-10-26 17:04:28,P-Usine_B-000501,P-Usine_B-000501,100.021,49.991,25.005,-0.05,0.05,0.021,OK,NONE,AUTO-VIS-01
2023-10-26 16:59:39,P-Usine_B-000502,P-Usine_B-000502,99.977,50.02,25.006,-0.05,0.05,0.023,OK,NONE,AUTO-VIS-01
2023-10-26 17:00:17,P-Usine_B-000503,P-Usine_B-000503,100.022,50.002,25.011,-0.05,0.05,0.022,OK,NONE,AUTO-VIS-01
2023-10-26 17:08:09,P-Usine_B-000504,P-Usine_B-000504,99.983,49.997,24.998,-0.05,0.05,0.017,OK,NONE,AUTO-VIS-01
2023-10-26 17:01:53,P-Usine_B-000505,P-Usine_B-000505,99.995,49.977,25.016,-0.05,0.05,0.023,OK,NONE,AUTO-VIS-01
2023-10-26 17:05:15,P-Usine_B-000506,P-Usine_B-000506,100.016,49.998,25.033,-0.05,0.05,0.033,OK,NONE,AUTO-VIS-01
2023-10-26 17:09:58,,P-Usine_B-000507,99.985,49.964,24.969,-0.05,0.05,0.036,OK,NONE,AUTO-VIS-01
2023-10-26 17:05:12,P-Usine_B-000508,P-Usine_B-000508,99.965,50.018,25.058,-0.05,0.05,0.058,OK,NONE,AUTO-VIS-01
2023-10-26 17:13:34,P-Usine_B-000509,P-Usine_B-000509,99.992,50.0,24.969,-0.05,0.05,0.031,OK,NONE,AUTO-VIS-01
2023-10-26 17:09:05,P-Usine_B-000510,P-Usine_B-000510,99.979,50.029,24.961,-0.05,0.05,0.039,OK,NONE,AUTO-VIS-01
2023-10-26 17:09:58,P-Usine_B-000511,P-Usine_B-000511,100.01,49.998,24.994,-0.05,0.05,0.01,OK,NONE,AUTO-VIS-01
2023-10-26 17:08:53,P-Usine_B-000512,P-Usine_B-000512,99.993,50.005,25.009,-0.05,0.05,0.009,OK,NONE,AUTO-VIS-01
2023-10-26 17:17:52,P-Usine_B-000513,P-Usine_B-000513,99.959,49.973,25.026,-0.05,0.05,0.041,OK,NONE,AUTO-VIS-01
2023-10-26 17:16:14,P-Usine_B-000514,P-Usine_B-000514,99.982,49.998,24.981,-0.05,0.05,0.019,OK,NONE,AUTO-VIS-01
2023-10-26 17:15:42,P-Usine_B-000515,P-Usine_B-000515,100.003,50.0,25.02,-0.05,0.05,0.02,OK,NONE,AUTO-VIS-01
2023-10-26 17:14:53,P-Usine_B-000516,P-Usine_B-000516,100.02,49.985,24.975,-0.05,0.05,0.025,OK,NONE,AUTO-VIS-01
2023-10-26 17:16:15,P-Usine_B-000517,P-Usine_B-000517,99.976,50.026,24.976,-0.05,0.05,0.026,OK,NONE,AUTO-VIS-01
2023-10-26 17:21:03,P-Usine_B-000518,P-Usine_B-000518,100.02,49.989,24.973,-0.05,0.05,0.027,OK,NONE,AUTO-VIS-01
2023-10-26 17:21:22,P-Usine_B-000519,P-Usine_B-000519,99.99,50.009,24.998,-0.05,0.05,0.01,OK,NONE,AUTO-VIS-01
2023-10-26 17:16:06,P-Usine_B-000520,P-Usine_B-000520,100.002,49.984,24.972,-0.05,0.05,0.028,OK,NONE,AUTO-VIS-01
2023-10-26 17:17:27,P-Usine_B-000521,P-Usine_B-000521,99.984,50.0,24.995,-0.05,0.05,0.016,OK,NONE,AUTO-VIS-01
2023-10-26 17:23:02,P-Usine_B-000522,P-Usine_B-000522,99.984,50.003,24.991,-0.05,0.05,0.016,OK,NONE,AUTO-VIS-01
2023-10-26 17:23:07,P-Usine_B-000523,P-Usine_B-000523,99.999,50.004,24.98,-0.05,0.05,0.02,OK,NONE,AUTO-VIS-01
2023-10-26 17:20:43,P-Usine_B-000524,P-Usine_B-000524,100.047,49.972,25.012,-0.05,0.05,0.047,OK,NONE,AUTO-VIS-01
2023-10-26 17:21:20,P-Usine_B-000525,P-Usine_B-000525,100.01,50.01,24.971,-0.05,0.05,0.029,OK,NONE,AUTO-VIS-01
2023-10-26 17:23:57,P-Usine_B-000526,P-Usine_B-000526,99.996,50.004,24.992,-0.05,0.05,0.008,OK,NONE,AUTO-VIS-01
2023-10-26 17:32:31,P-Usine_B-000527,P-Usine_B-000527,100.001,50.003,25.007,-0.05,0.05,0.007,OK,NONE,AUTO-VIS-01
2023-10-26 17:27:50,P-Usine_B-000528,P-Usine_B-000528,100.007,49.998,25.002,-0.05,0.05,0.007,OK,NONE,AUTO-VIS-01
2023-10-26 17:28:25,P-Usine_B-000529,P-Usine_B-000529,100.003,50.014,24.998,-0.05,0.05,0.014,OK,NONE,AUTO-VIS-01
2023-10-26 17:34:33,P-Usine_B-000530,P-Usine_B-000530,99.972,50.002,25.026,-0.05,0.05,0.028,OK,NONE,AUTO-VIS-01
2023-10-26 17:29:27,P-Usine_B-000531,P-Usine_B-000531,99.984,49.988,25.024,-0.05,0.05,0.024,OK,NONE,AUTO-VIS-01
2023-10-26 17:33:16,P-Usine_B-000532,P-Usine_B-000532,99.978,50.001,24.973,-0.05,0.05,0.027,OK,NONE,AUTO-VIS-01
2023-10-26 17:28:50,P-Usine_B-000533,P-Usine_B-000533,100.017,50.004,24.977,-0.05,0.05,0.023,OK,NONE,AUTO-VIS-01
2023-10-26 17:36:20,P-Usine_B-000534,P-Usine_B-000534,99.979,49.988,25.001,-0.05,0.05,0.021,OK,NONE,AUTO-VIS-01
2023-10-26 17:31:05,P-Usine_B-000535,P-Usine_B-000535,99.99,49.998,24.998,-0.05,0.05,0.01,OK,NONE,AUTO-VIS-01
2023-10-26 17:37:23,P-Usine_B-000536,P-Usine_B-000536,99.984,50.033,24.963,-0.05,0.05,0.037,OK,NONE,AUTO-VIS-01
2023-10-26 17:36:33,P-Usine_B-000537,P-Usine_B-000537,99.995,49.963,25.008,-0.05,0.05,0.037,OK,NONE,AUTO-VIS-01
2023-10-26 17:42:20,P-Usine_B-000538,P-Usine_B-000538,100.017,49.981,25.013,-0.05,0.05,0.019,OK,NONE,AUTO-VIS-01
2023-10-26 17:34:39,P-Usine_B-000539,P-Usine_B-000539,100.021,49.997,24.997,-0.05,0.05,0.021,OK,NONE,AUTO-VIS-01
2023-10-26 17:37:17,P-Usine_B-000540,P-Usine_B-000540,100.047,50.01,25.001,-0.05,0.05,0.047,OK,NONE,AUTO-VIS-01
2023-10-26 17:36:15,P-Usine_B-000541,P-Usine_B-000541,99.989,50.028,25.009,-0.05,0.05,0.028,OK,NONE,AUTO-VIS-01
2023-10-26 17:43:34,P-Usine_B-000542,P-Usine_B-000542,99.98,49.969,25.014,-0.05,0.05,0.031,OK,NONE,AUTO-VIS-01
2023-10-26 17:40:01,P-Usine_B-000543,P-Usine_B-000543,99.999,50.001,24.962,-0.05,0.05,0.038,OK,NONE,AUTO-VIS-01
2023-10-26 17:47:26,P-Usine_B-000544,P-Usine_B-000544,100.003,50.022,25.022,-0.05,0.05,0.022,OK,NONE,AUTO-VIS-01
2023-10-26 17:44:17,P-Usine_B-000545,P-Usine_B-000545,99.973,49.99,24.973,-0.05,0.05,0.027,OK,NONE,AUTO-VIS-01
2023-10-26 17:48:55,P-Usine_B-000546,P-Usine_B-000546,99.989,50.014,24.989,-0.05,0.05,0.014,OK,NONE,AUTO-VIS-01
2023-10-26 17:46:05,P-Usine_B-000547,P-Usine_B-000547,99.994,49.974,24.995,999.9,0.05,0.026,OK,NONE,AUTO-VIS-01
2023-10-26 17:43:53,P-Usine_B-000548,P-Usine_B-000548,100.011,49.944,24.963,-0.05,0.05,0.056,OK,NONE,AUTO-VIS-01
2023-10-26 17:52:54,P-Usine_B-000549,P-Usine_B-000549,100.031,50.002,25.004,-0.05,0.05,0.031,OK,NONE,AUTO-VIS-01
2023-10-26 17:48:40,P-Usine_B-000550,P-Usine_B-000550,99.971,50.014,24.98,-0.05,0.05,0.029,OK,NONE,AUTO-VIS-01
2023-10-26 17:48:39,P-Usine_B-000551,P-Usine_B-000551,99.992,50.036,25.003,-0.05,0.05,0.036,OK,NONE,AUTO-VIS-01
2023-10-26 17:55:39,P-Usine_B-000552,P-Usine_B-000552,100.022,50.0,24.971,-0.05,0.05,0.029,OK,NONE,AUTO-VIS-01
2023-10-26 17:56:59,P-Usine_B-000553,P-Usine_B-000553,99.986,49.98,25.011,-0.05,0.05,0.02,OK,NONE,AUTO-VIS-01
2023-10-26 17:51:31,P-Usine_B-000554,P-Usine_B-000554,99.997,50.006,24.982,-0.05,0.05,0.018,OK,NONE,AUTO-VIS-01
2023-10-26 17:57:27,P-Usine_B-000555,P-Usine_B-000555,100.007,50.011,24.999,-0.05,0.05,0.011,OK,NONE,AUTO-VIS-01
2023-10-26 17:55:53,P-Usine_B-000556,P-Usine_B-000556,100.031,50.01,24.999,-0.05,0.05,0.031,OK,NONE,AUTO-VIS-01
2023-10-26 17:56:42,P-Usine_B-000557,P-Usine_B-000557,100.015,50.005,24.995,-0.05,0.05,0.015,OK,NONE,AUTO-VIS-01
2023-10-26 17:54:23,P-Usine_B-000558,P-Usine_B-000558,99.993,50.003,25.002,-0.05,0.05,0.007,OK,NONE,AUTO-VIS-01
2023-10-26 18:01:23,P-Usine_B-000559,P-Usine_B-000559,99.975,50.006,24.975,-0.05,0.05,0.025,OK,NONE,AUTO-VIS-01
2023-10-26 18:00:52,P-Usine_B-000560,P-Usine_B-000560,99.995,49.999,25.0,-0.05,0.05,0.005,OK,NONE,AUTO-VIS-01
2023-10-26 18:05:21,P-Usine_B-000561,P-Usine_B-000561,99.988,49.997,24.969,-0.05,0.05,0.031,OK,NONE,AUTO-VIS-01
2023-10-26 18:04:22,P-Usine_B-000562,P-Usine_B-000562,,50.012,25.036,-0.05,0.05,0.036,OK,NONE,AUTO-VIS-01
2023-10-26 18:00:48,P-Usine_B-000563,P-Usine_B-000563,99.999,50.005,25.002,-0.05,0.05,0.005,OK,NONE,AUTO-VIS-01
2023-10-26 18:03:45,P-Usine_B-000564,P-Usine_B-000564,100.001,50.036,25.0,-0.05,0.05,0.036,OK,NONE,AUTO-VIS-01
2023-10-26 18:01:44,P-Usine_B-000565,P-Usine_B-000565,99.997,50.005,25.031,-0.05,0.05,0.031,OK,NONE,AUTO-VIS-01
2023-10-26 18:03:36,P-Usine_B-000566,P-Usine_B-000566,99.996,49.994,24.988,-0.05,0.05,0.012,OK,NONE,AUTO-VIS-01
2023-10-26 18:09:26,P-Usine_B-000567,P-Usine_B-000567,100.015,50.031,25.017,-0.05,0.05,0.031,OK,NONE,AUTO-VIS-01
2023-10-26 18:03:58,P-Usine_B-000568,P-Usine_B-000568,99.989,50.007,25.011,-0.05,0.05,0.011,OK,NONE,AUTO-VIS-01
2023-10-26 18:06:28,P-Usine_B-000569,P-Usine_B-000569,100.032,50.014,25.019,-0.05,0.05,0.032,OK,NONE,AUTO-VIS-01
2023-10-26 18:14:10,P-Usine_B-000570,P-Usine_B-000570,100.018,50.019,25.01,-0.05,999.9,0.019,OK,NONE,AUTO-VIS-01
2023-10-26 18:13:14,P-Usine_B-000571,P-Usine_B-000571,99.994,49.989,25.023,-0.05,0.05,0.023,OK,NONE,AUTO-VIS-01
2023-10-26 18:13:00,P-Usine_B-000572,P-Usine_B-000572,100.004,49.999,25.021,-0.05,0.05,0.021,OK,NONE,AUTO-VIS-01
2023-10-26 18:17:16,P-Usine_B-000573,P-Usine_B-000573,100.0,49.991,25.03,-0.05,0.05,0.03,OK,NONE,AUTO-VIS-01
2023-10-26 18:12:15,P-Usine_B-000574,P-Usine_B-000574,100.019,50.047,25.009,-0.05,0.05,0.047,OK,NONE,AUTO-VIS-01
2023-10-26 18:19:39,P-Usine_B-000575,P-Usine_B-000575,100.027,49.964,24.979,-0.05,0.05,0.036,OK,NONE,AUTO-VIS-01
2023-10-26 18:13:50,P-Usine_B-000576,P-Usine_B-000576,99.981,50.001,25.008,-0.05,0.05,0.019,OK,NONE,AUTO-VIS-01
2023-10-26 18:16:25,P-Usine_B-000577,P-Usine_B-000577,100.029,49.973,25.002,-0.05,0.05,0.029,OK,NONE,AUTO-VIS-01
2023-10-26 18:20:47,P-Usine_B-000578,P-Usine_B-000578,100.02,49.979,25.036,999.9,0.05,0.036,OK,NONE,AUTO-VIS-01
2023-10-26 18:16:09,P-Usine_B-000579,P-Usine_B-000579,100.021,50.051,25.011,-0.05,0.05,0.051,OK,NONE,AUTO-VIS-01
2023-10-26 18:23:32,P-Usine_B-000580,P-Usine_B-000580,99.986,49.996,25.025,,0.05,0.025,OK,NONE,AUTO-VIS-01
2023-10-26 18:23:53,P-Usine_B-000581,P-Usine_B-000581,99.988,49.969,25.039,-0.05,0.05,0.039,OK,NONE,AUTO-VIS-01
2023-10-26 18:18:07,P-Usine_B-000582,P-Usine_B-000582,100.007,50.019,24.984,-0.05,0.05,0.019,OK,NONE,AUTO-VIS-01
2023-10-26 18:20:40,P-Usine_B-000583,P-Usine_B-000583,100.018,50.04,25.007,-0.05,0.05,0.04,OK,NONE,AUTO-VIS-01
2023-10-26 18:23:32,P-Usine_B-000584,P-Usine_B-000584,100.013,49.994,24.996,-0.05,0.05,0.013,OK,NONE,AUTO-VIS-01
2023-10-26 18:28:49,P-Usine_B-000585,P-Usine_B-000585,99.984,50.037,25.024,-0.05,0.05,0.037,OK,NONE,AUTO-VIS-01
2023-10-26 18:28:17,P-Usine_B-000586,P-Usine_B-000586,99.984,50.01,24.988,-0.05,0.05,0.016,OK,NONE,AUTO-VIS-01
2023-10-26 18:23:39,P-Usine_B-000587,P-Usine_B-000587,99.987,49.976,24.995,-0.05,0.05,0.024,OK,NONE,AUTO-VIS-01
2023-10-26 18:24:38,P-Usine_B-000588,P-Usine_B-000588,99.993,50.007,25.009,-0.05,0.05,0.009,OK,NONE,AUTO-VIS-01
2023-10-26 18:33:43,P-Usine_B-000589,P-Usine_B-000589,99.989,50.004,24.994,-0.05,0.05,0.011,OK,NONE,AUTO-VIS-01
2023-10-26 18:34:17,P-Usine_B-000590,P-Usine_B-000590,99.968,49.978,25.016,-0.05,0.05,0.032,OK,NONE,AUTO-VIS-01
2023-10-26 18:29:35,P-Usine_B-000591,P-Usine_B-000591,100.001,50.027,25.013,-0.05,0.05,0.027,OK,NONE,AUTO-VIS-01
2023-10-26 18:30:33,P-Usine_B-000592,P-Usine_B-000592,100.021,50.002,24.941,-0.05,0.05,0.059,OK,NONE,AUTO-VIS-01
2023-10-26 18:35:50,P-Usine_B-000593,P-Usine_B-000593,100.007,49.99,24.997,-0.05,0.05,0.01,OK,NONE,AUTO-VIS-01
2023-10-26 18:29:26,P-Usine_B-000594,P-Usine_B-000594,99.993,50.002,24.981,-0.05,0.05,0.019,OK,NONE,AUTO-VIS-01
2023-10-26 18:29:39,P-Usine_B-000595,P-Usine_B-000595,100.0,49.963,24.991,-0.05,0.05,0.037,OK,NONE,AUTO-VIS-01
2023-10-26 18:37:11,P-Usine_B-000596,P-Usine_B-000596,100.068,49.971,24.964,-0.05,0.05,0.068,OK,NONE,AUTO-VIS-01
2023-10-26 18:33:36,P-Usine_B-000597,P-Usine_B-000597,99.997,49.985,25.019,-0.05,0.05,0.019,OK,NONE,AUTO-VIS-01
2023-10-26 18:41:40,P-Usine_B-000598,P-Usine_B-000598,99.995,50.0,24.994,-0.05,0.05,0.006,OK,NONE,AUTO-VIS-01
2023-10-26 18:34:57,P-Usine_B-000599,P-Usine_B-000599,99.953,49.972,25.025,-0.05,0.05,0.047,OK,NONE,AUTO-VIS-01
2023-10-26 18:34:39,P-Usine_B-000600,P-Usine_B-000600,100.025,49.975,25.026,-0.05,0.05,0.026,OK,NONE,AUTO-VIS-01
2023-10-26 18:35:33,P-Usine_B-000601,P-Usine_B-000601,100.021,50.005,25.0,-0.05,0.05,0.021,OK,NONE,AUTO-VIS-01
2023-10-26 18:45:19,P-Usine_B-000602,P-Usine_B-000602,100.006,49.96,25.024,-0.05,0.05,0.04,OK,NONE,AUTO-VIS-01
2023-10-26 18:44:32,P-Usine_B-000603,P-Usine_B-000603,100.0,49.98,24.985,-0.05,0.05,0.02,OK,NONE,AUTO-VIS-01
2023-10-26 18:46:57,P-Usine_B-000604,P-Usine_B-000604,100.04,49.968,24.992,-0.05,0.05,0.04,OK,NONE,AUTO-VIS-01
2023-10-26 18:39:50,P-Usine_B-000605,P-Usine_B-000605,99.974,49.987,25.027,-0.05,0.05,0.027,OK,NONE,AUTO-VIS-01
2023-10-26 18:42:55,P-Usine_B-000606,P-Usine_B-000606,100.033,50.007,25.037,-0.05,0.05,0.037,OK,NONE,AUTO-VIS-01
2023-10-26 18:50:38,P-Usine_B-000607,P-Usine_B-000607,99.998,49.992,25.043,-0.05,0.05,0.043,OK,NONE,AUTO-VIS-01
2023-10-26 18:44:37,P-Usine_B-000608,P-Usine_B-000608,99.968,50.004,24.996,-0.05,0.05,0.032,OK,NONE,AUTO-VIS-01
2023-10-26 18:50:30,P-Usine_B-000609,P-Usine_B-000609,100.006,50.008,25.01,-0.05,0.05,0.01,OK,NONE,AUTO-VIS-01
2023-10-26 18:50:30,P-Usine_B-000609,P-Usine_B-000609,100.006,50.008,25.01,-0.05,0.05,0.01,OK,NONE,AUTO-VIS-01
2023-10-26 18:52:16,P-Usine_B-000610,P-Usine_B-000610,100.016,49.995,24.974,-0.05,0.05,0.026,OK,NONE,AUTO-VIS-01
2023-10-26 18:50:27,P-Usine_B-000611,P-Usine_B-000611,99.972,49.989,25.029,-0.05,0.05,0.029,OK,NONE,AUTO-VIS-01
2023-10-26 18:50:27,P-Usine_B-000611,P-Usine_B-000611,99.972,49.989,25.029,-0.05,0.05,0.029,OK,NONE,AUTO-VIS-01
2023-10-26 18:54:39,P-Usine_B-000612,P-Usine_B-000612,100.005,49.979,24.989,-0.05,0.05,0.021,OK,NONE,AUTO-VIS-01
2023-10-26 18:54:39,P-Usine_B-000612,P-Usine_B-000612,100.005,49.979,24.989,-0.05,0.05,0.021,OK,NONE,AUTO-VIS-01
2023-10-26 18:54:27,P-Usine_B-000613,P-Usine_B-000613,99.99,50.025,25.002,-0.05,0.05,0.025,OK,NONE,AUTO-VIS-01
2023-10-26 18:50:07,P-Usine_B-000614,P-Usine_B-000614,99.999,49.973,24.971,-0.05,0.05,0.029,OK,NONE,AUTO-VIS-01
2023-10-26 18:55:01,P-Usine_B-000615,P-Usine_B-000615,99.993,49.981,25.014,-0.05,0.05,0.019,OK,NONE,AUTO-VIS-01
2023-10-26 19:00:17,P-Usine_B-000616,P-Usine_B-000616,99.981,49.991,25.004,-0.05,0.05,0.019,OK,NONE,AUTO-VIS-01
2023-10-26 18:56:18,P-Usine_B-000617,P-Usine_B-000617,99.987,49.999,24.992,-0.05,0.05,0.013,OK,NONE,AUTO-VIS-01
2023-10-26 18:53:42,P-Usine_B-000618,P-Usine_B-000618,100.026,50.049,24.962,-0.05,0.05,0.049,OK,NONE,AUTO-VIS-01
2023-10-26 18:58:26,P-Usine_B-000619,P-Usine_B-000619,100.008,50.016,24.997,-0.05,0.05,0.016,OK,NONE,AUTO-VIS-01
2023-10-26 18:57:06,P-Usine_B-000620,P-Usine_B-000620,99.994,49.988,25.018,-0.05,0.05,0.018,OK,NONE,AUTO-VIS-01
2023-10-26 18:57:06,P-Usine_B-000620,P-Usine_B-000620,99.994,49.988,25.018,-0.05,0.05,0.018,OK,NONE,AUTO-VIS-01
2023-10-26 19:03:50,P-Usine_B-000621,P-Usine_B-000621,100.003,49.989,25.024,-0.05,0.05,0.024,OK,NONE,AUTO-VIS-01
2023-10-26 19:03:03,P-Usine_B-000622,P-Usine_B-000622,100.011,50.001,25.007,-0.05,0.05,0.011,OK,NONE,AUTO-VIS-01
2023-10-26 19:00:17,P-Usine_B-000623,P-Usine_B-000623,100.001,50.014,25.026,-0.05,0.05,0.026,OK,NONE,AUTO-VIS-01
2023-10-26 19:04:12,P-Usine_B-000624,P-Usine_B-000624,100.01,49.971,25.023,-0.05,0.05,0.029,OK,NONE,AUTO-VIS-01
2023-10-26 19:05:32,P-Usine_B-000625,P-Usine_B-000625,100.0,49.97,25.018,-0.05,0.05,0.03,OK,NONE,AUTO-VIS-01
2023-10-26 19:03:55,P-Usine_B-000626,P-Usine_B-000626,99.982,50.006,24.979,-0.05,0.05,0.021,OK,NONE,AUTO-VIS-01
2023-10-26 19:07:41,P-Usine_B-000627,P-Usine_B-000627,99.987,49.998,24.983,-0.05,0.05,0.017,OK,NONE,AUTO-VIS-01
2023-10-26 19:09:24,P-Usine_B-000628,P-Usine_B-000628,100.053,50.022,25.007,-0.05,0.05,0.053,OK,NONE,AUTO-VIS-01
2023-10-26 19:09:40,P-Usine_B-000629,P-Usine_B-000629,100.005,50.029,25.005,-0.05,0.05,0.029,OK,NONE,AUTO-VIS-01
2023-10-26 19:14:07,P-Usine_B-000630,P-Usine_B-000630,100.0,50.016,25.02,-0.05,0.05,0.02,OK,NONE,AUTO-VIS-01
2023-10-26 19:15:05,P-Usine_B-000631,P-Usine_B-000631,100.006,49.987,25.02,-0.05,0.05,0.02,OK,NONE,AUTO-VIS-01
2023-10-26 19:13:59,P-Usine_B-000632,P-Usine_B-000632,99.987,50.026,25.01,-0.05,0.05,0.026,OK,NONE,AUTO-VIS-01
2023-10-26 19:13:49,P-Usine_B-000633,P-Usine_B-000633,100.006,49.984,24.989,-0.05,0.05,0.016,OK,NONE,AUTO-VIS-01
2023-10-26 19:12:22,P-Usine_B-000634,P-Usine_B-000634,100.003,50.016,24.987,-0.05,0.05,0.016,OK,NONE,AUTO-VIS-01
2023-10-26 19:12:20,P-Usine_B-000635,P-Usine_B-000635,100.024,50.03,24.995,-0.05,0.05,0.03,OK,NONE,AUTO-VIS-01
,P-Usine_B-000636,P-Usine_B-000636,100.046,50.01,25.018,-0.05,0.05,0.046,OK,NONE,AUTO-VIS-01
2023-10-26 19:15:03,P-Usine_B-000637,P-Usine_B-000637,99.99,49.966,24.995,-0.05,0.05,0.034,OK,NONE,AUTO-VIS-01
2023-10-26 19:22:36,P-Usine_B-000638,P-Usine_B-000638,99.987,49.999,25.016,-0.05,0.05,0.016,OK,NONE,AUTO-VIS-01
2023-10-26 19:20:06,P-Usine_B-000639,P-Usine_B-000639,99.993,50.003,24.972,-0.05,0.05,0.028,OK,NONE,AUTO-VIS-01
2023-10-26 19:20:20,P-Usine_B-000640,P-Usine_B-000640,100.007,49.981,25.002,-0.05,0.05,0.019,OK,NONE,AUTO-VIS-01
2023-10-26 19:20:51,P-Usine_B-000641,P-Usine_B-000641,99.998,49.998,25.008,-0.05,0.05,0.008,OK,NONE,AUTO-VIS-01
2023-10-26 19:18:29,P-Usine_B-000642,P-Usine_B-000642,99.966,50.024,24.999,-0.05,0.05,0.034,OK,NONE,AUTO-VIS-01
2023-10-26 19:21:34,P-Usine_B-000643,P-Usine_B-000643,100.019,49.999,24.985,-0.05,0.05,0.019,OK,NONE,AUTO-VIS-01
2023-10-26 19:23:01,P-Usine_B-000644,P-Usine_B-000644,100.018,50.023,25.014,-0.05,0.05,0.023,OK,NONE,AUTO-VIS-01
2023-10-26 19:25:42,P-Usine_B-000645,P-Usine_B-000645,99.974,49.997,25.013,-0.05,0.05,0.026,OK,NONE,AUTO-VIS-01
2023-10-26 19:22:45,P-Usine_B-000646,P-Usine_B-000646,100.02,49.988,24.978,-0.05,0.05,0.022,OK,NONE,AUTO-VIS-01
2023-10-26 19:32:18,P-Usine_B-000647,P-Usine_B-000647,100.017,50.03,25.047,-0.05,0.05,0.047,OK,NONE,AUTO-VIS-01
2023-10-26 19:25:18,P-Usine_B-000648,P-Usine_B-000648,99.988,49.99,24.973,-0.05,0.05,0.027,OK,NONE,AUTO-VIS-01
2023-10-26 19:33:34,P-Usine_B-000649,P-Usine_B-000649,99.996,50.0,25.006,-0.05,0.05,0.006,OK,NONE,AUTO-VIS-01
2023-10-26 19:33:00,P-Usine_B-000650,P-Usine_B-000650,100.0,50.023,24.999,-0.05,0.05,0.023,OK,NONE,AUTO-VIS-01
2023-10-26 19:27:06,P-Usine_B-000651,P-Usine_B-000651,99.977,50.003,24.985,-0.05,0.05,0.023,OK,NONE,AUTO-VIS-01
2023-10-26 19:29:20,P-Usine_B-000652,P-Usine_B-000652,99.989,49.954,25.026,-0.05,0.05,0.046,OK,NONE,AUTO-VIS-01
2023-10-26 19:37:17,P-Usine_B-000653,P-Usine_B-000653,100.021,49.978,24.989,-0.05,0.05,0.022,OK,NONE,AUTO-VIS-01
2023-10-26 19:37:46,P-Usine_B-000654,P-Usine_B-000654,100.015,49.973,25.022,-0.05,0.05,0.027,OK,NONE,AUTO-VIS-01
2023-10-26 19:39:08,P-Usine_B-000655,P-Usine_B-000655,100.009,49.955,25.016,-0.05,0.05,0.045,OK,NONE,AUTO-VIS-01
2023-10-26 19:39:08,P-Usine_B-000655,P-Usine_B-000655,100.009,49.955,25.016,-0.05,0.05,0.045,OK,NONE,AUTO-VIS-01
2023-10-26 19:38:38,P-Usine_B-000656,P-Usine_B-000656,100.018,49.978,25.003,-0.05,0.05,0.022,OK,NONE,AUTO-VIS-01
2023-10-26 19:40:39,P-Usine_B-000657,P-Usine_B-000657,99.982,49.997,25.006,-0.05,0.05,0.018,OK,NONE,AUTO-VIS-01
2023-10-26 19:39:52,P-Usine_B-000658,P-Usine_B-000658,99.988,50.026,24.966,-0.05,0.05,0.034,OK,NONE,AUTO-VIS-01
2023-10-26 19:34:13,P-Usine_B-000659,P-Usine_B-000659,99.99,49.979,25.043,-0.05,0.05,0.043,OK,NONE,AUTO-VIS-01
2023-10-26 19:35:19,P-Usine_B-000660,P-Usine_B-000660,99.971,49.975,24.971,-0.05,0.05,0.029,OK,NONE,AUTO-VIS-01
2023-10-26 19:36:52,P-Usine_B-000661,P-Usine_B-000661,99.99,49.972,24.962,-0.05,0.05,0.038,OK,NONE,AUTO-VIS-01
2023-10-26 19:42:35,P-Usine_B-000662,P-Usine_B-000662,100.018,49.987,25.039,-0.05,0.05,0.039,OK,NONE,AUTO-VIS-01
2023-10-26 19:45:16,P-Usine_B-000663,P-Usine_B-000663,100.009,50.002,25.006,-0.05,,0.009,OK,NONE,AUTO-VIS-01
2023-10-26 19:40:08,P-Usine_B-000664,P-Usine_B-000664,99.966,50.011,24.999,-0.05,0.05,0.034,OK,NONE,AUTO-VIS-01
2023-10-26 19:44:25,P-Usine_B-000665,P-Usine_B-000665,99.988,50.004,24.979,-0.05,0.05,0.021,OK,NONE,AUTO-VIS-01
2023-10-26 19:50:18,P-Usine_B-000666,P-Usine_B-000666,100.008,50.002,24.947,-0.05,0.05,0.053,OK,NONE,AUTO-VIS-01
2023-10-26 19:46:03,P-Usine_B-000667,P-Usine_B-000667,100.009,50.004,24.99,-0.05,0.05,0.01,OK,NONE,AUTO-VIS-01
2023-10-26 19:51:21,P-Usine_B-000668,P-Usine_B-000668,99.993,49.985,25.011,-0.05,0.05,0.015,OK,NONE,AUTO-VIS-01
2023-10-26 19:45:22,P-Usine_B-000669,P-Usine_B-000669,100.021,50.021,24.999,-0.05,0.05,0.021,OK,NONE,AUTO-VIS-01
2023-10-26 19:49:02,P-Usine_B-000670,P-Usine_B-000670,100.007,50.03,24.99,-0.05,0.05,0.03,OK,NONE,AUTO-VIS-01
2023-10-26 19:55:08,P-Usine_B-000671,P-Usine_B-000671,100.029,50.02,24.987,-0.05,0.05,0.029,OK,NONE,AUTO-VIS-01
2023-10-26 19:49:13,P-Usine_B-000672,P-Usine_B-000672,100.01,50.017,25.014,-0.05,0.05,0.017,OK,NONE,AUTO-VIS-01
2023-10-26 19:48:26,P-Usine_B-000673,P-Usine_B-000673,100.015,49.965,25.004,-0.05,0.05,0.035,OK,NONE,AUTO-VIS-01
2023-10-26 19:51:01,P-Usine_B-000674,P-Usine_B-000674,100.001,50.016,25.006,-0.05,0.05,0.016,OK,NONE,AUTO-VIS-01
2023-10-26 19:58:22,P-Usine_B-000675,P-Usine_B-000675,99.994,49.988,25.028,-0.05,0.05,0.028,OK,NONE,AUTO-VIS-01
2023-10-26 19:59:36,P-Usine_B-000676,P-Usine_B-000676,100.041,50.026,25.016,-0.05,0.05,0.041,OK,NONE,AUTO-VIS-01
2023-10-26 19:53:22,P-Usine_B-000677,P-Usine_B-000677,99.967,50.029,25.012,-0.05,0.05,0.033,OK,NONE,AUTO-VIS-01
2023-10-26 19:56:14,P-Usine_B-000678,P-Usine_B-000678,99.996,50.005,25.002,-0.05,0.05,0.005,OK,NONE,AUTO-VIS-01
2023-10-26 19:58:33,P-Usine_B-000679,P-Usine_B-000679,99.999,49.983,999.9,-0.05,0.05,0.017,OK,NONE,AUTO-VIS-01
2023-10-26 19:57:26,P-Usine_B-000680,P-Usine_B-000680,99.984,49.993,25.023,-0.05,0.05,0.023,OK,NONE,AUTO-VIS-01
2023-10-26 19:56:47,P-Usine_B-000681,,99.985,50.022,24.989,-0.05,0.05,0.022,OK,NONE,AUTO-VIS-01
2023-10-26 19:58:51,P-Usine_B-000682,P-Usine_B-000682,100.003,49.977,24.995,-0.05,0.05,0.023,OK,NONE,AUTO-VIS-01
2023-10-26 19:57:37,P-Usine_B-000683,P-Usine_B-000683,99.995,50.012,24.996,-0.05,0.05,0.012,OK,NONE,AUTO-VIS-01
2023-10-26 20:01:35,P-Usine_B-000684,P-Usine_B-000684,100.013,50.0,25.017,-0.05,0.05,0.017,OK,NONE,AUTO-VIS-01
2023-10-26 20:00:26,P-Usine_B-000685,P-Usine_B-000685,100.0,50.028,25.025,-0.05,0.05,0.028,OK,NONE,AUTO-VIS-01
2023-10-26 20:10:25,P-Usine_B-000686,P-Usine_B-000686,99.962,50.01,25.044,-0.05,0.05,0.044,OK,NONE,AUTO-VIS-01
2023-10-26 20:01:37,P-Usine_B-000687,P-Usine_B-000687,99.998,50.008,24.998,-0.05,0.05,0.008,999.9,NONE,AUTO-VIS-01
2023-10-26 20:04:05,P-Usine_B-000688,P-Usine_B-000688,100.001,49.966,24.988,-0.05,0.05,0.034,OK,NONE,AUTO-VIS-01
2023-10-26 20:09:43,P-Usine_B-000689,P-Usine_B-000689,100.008,50.031,24.966,-0.05,0.05,0.034,OK,NONE,AUTO-VIS-01
2023-10-26 20:08:31,P-Usine_B-000690,P-Usine_B-000690,99.969,49.986,24.984,-0.05,0.05,0.031,OK,NONE,AUTO-VIS-01
2023-10-26 20:08:13,P-Usine_B-000691,P-Usine_B-000691,100.03,50.001,25.043,-0.05,0.05,0.043,OK,NONE,AUTO-VIS-01
2023-10-26 20:07:19,P-Usine_B-000692,P-Usine_B-000692,99.997,50.009,25.006,-0.05,0.05,0.009,OK,NONE,AUTO-VIS-01
2023-10-26 20:11:18,P-Usine_B-000693,P-Usine_B-000693,99.995,49.976,25.026,-0.05,0.05,0.026,OK,NONE,AUTO-VIS-01
2023-10-26 20:11:43,P-Usine_B-000694,P-Usine_B-000694,100.013,50.021,24.966,-0.05,0.05,0.034,OK,NONE,AUTO-VIS-01
2023-10-26 20:17:53,P-Usine_B-000695,P-Usine_B-000695,99.995,49.998,24.995,-0.05,0.05,0.005,999.9,NONE,AUTO-VIS-01
2023-10-26 20:16:31,P-Usine_B-000696,P-Usine_B-000696,100.015,50.019,24.99,-0.05,0.05,0.019,OK,NONE,AUTO-VIS-01
2023-10-26 20:12:22,P-Usine_B-000697,P-Usine_B-000697,99.976,50.006,999.9,-0.05,0.05,0.031,OK,NONE,AUTO-VIS-01
2023-10-26 20:20:09,P-Usine_B-000698,P-Usine_B-000698,99.999,50.014,25.02,-0.05,0.05,0.02,OK,NONE,AUTO-VIS-01
2023-10-26 20:20:38,P-Usine_B-000699,P-Usine_B-000699,99.983,50.001,25.004,-0.05,0.05,0.017,OK,NONE,AUTO-VIS-01
2023-10-26 20:21:07,P-Usine_B-000700,P-Usine_B-000700,100.001,50.022,25.001,-0.05,0.05,0.022,OK,NONE,AUTO-VIS-01
2023-10-26 20:16:27,P-Usine_B-000701,P-Usine_B-000701,99.99,49.974,25.005,-0.05,0.05,0.026,OK,NONE,AUTO-VIS-01
2023-10-26 20:21:20,P-Usine_B-000702,P-Usine_B-000702,100.02,50.002,25.005,-0.05,0.05,0.02,OK,NONE,AUTO-VIS-01
2023-10-26 20:26:54,P-Usine_B-000703,P-Usine_B-000703,100.0,49.985,25.012,-0.05,0.05,0.015,OK,NONE,AUTO-VIS-01
2023-10-26 20:27:48,P-Usine_B-000704,P-Usine_B-000704,99.986,49.987,25.003,-0.05,0.05,0.014,OK,NONE,AUTO-VIS-01
2023-10-26 20:21:25,P-Usine_B-000705,P-Usine_B-000705,100.017,50.016,25.022,-0.05,0.05,0.022,OK,NONE,AUTO-VIS-01
2023-10-26 20:28:36,P-Usine_B-000706,P-Usine_B-000706,99.999,49.974,24.964,-0.05,0.05,0.036,OK,NONE,AUTO-VIS-01
2023-10-26 20:23:43,P-Usine_B-000707,P-Usine_B-000707,100.008,50.003,25.019,-0.05,0.05,0.019,OK,NONE,AUTO-VIS-01
2023-10-26 20:27:33,P-Usine_B-000708,P-Usine_B-000708,100.01,49.978,24.98,-0.05,0.05,0.022,OK,NONE,AUTO-VIS-01
2023-10-26 20:31:35,P-Usine_B-000709,P-Usine_B-000709,99.983,50.009,25.007,-0.05,0.05,0.017,OK,NONE,AUTO-VIS-01
2023-10-26 20:27:18,P-Usine_B-000710,P-Usine_B-000710,99.999,50.007,24.973,-0.05,0.05,0.027,OK,NONE,AUTO-VIS-01
2023-10-26 20:31:30,P-Usine_B-000711,P-Usine_B-000711,100.006,49.99,25.003,-0.05,0.05,0.01,OK,NONE,AUTO-VIS-01
2023-10-26 20:33:43,P-Usine_B-000712,P-Usine_B-000712,100.005,49.993,25.006,-0.05,0.05,0.007,OK,NONE,AUTO-VIS-01
2023-10-26 20:28:37,P-Usine_B-000713,P-Usine_B-000713,100.008,50.004,24.995,-0.05,0.05,0.008,OK,NONE,AUTO-VIS-01
2023-10-26 20:31:48,P-Usine_B-000714,P-Usine_B-000714,100.003,50.023,24.987,-0.05,0.05,0.023,OK,NONE,AUTO-VIS-01
2023-10-26 20:32:22,P-Usine_B-000715,P-Usine_B-000715,100.003,50.022,25.016,-0.05,0.05,0.022,OK,NONE,AUTO-VIS-01
2023-10-26 20:39:42,P-Usine_B-000716,P-Usine_B-000716,100.023,50.005,24.992,-0.05,0.05,0.023,OK,NONE,AUTO-VIS-01
2023-10-26 20:36:23,P-Usine_B-000717,P-Usine_B-000717,99.974,49.969,25.03,-0.05,0.05,0.031,OK,NONE,AUTO-VIS-01
2023-10-26 20:34:45,P-Usine_B-000718,P-Usine_B-000718,99.958,49.966,24.999,-0.05,0.05,0.042,OK,NONE,AUTO-VIS-01
2023-10-26 20:39:54,P-Usine_B-000719,P-Usine_B-000719,100.011,,24.964,-0.05,0.05,0.036,OK,NONE,AUTO-VIS-01
2023-10-26 20:38:24,P-Usine_B-000720,P-Usine_B-000720,99.96,49.987,24.972,-0.05,0.05,0.04,OK,NONE,
2023-10-26 20:39:00,P-Usine_B-000721,P-Usine_B-000721,99.973,49.997,25.001,-0.05,0.05,0.027,OK,NONE,AUTO-VIS-01
2023-10-26 20:41:17,P-Usine_B-000722,P-Usine_B-000722,99.998,50.009,25.042,-0.05,0.05,0.042,OK,NONE,AUTO-VIS-01
2023-10-26 20:39:13,P-Usine_B-000723,P-Usine_B-000723,99.941,49.992,24.985,-0.05,0.05,0.059,OK,NONE,AUTO-VIS-01
2023-10-26 20:39:13,P-Usine_B-000723,P-Usine_B-000723,99.941,49.992,24.985,-0.05,0.05,0.059,OK,NONE,AUTO-VIS-01
2023-10-26 20:44:57,P-Usine_B-000724,P-Usine_B-000724,100.039,50.019,25.002,-0.05,0.05,0.039,OK,NONE,AUTO-VIS-01
2023-10-26 20:40:41,P-Usine_B-000725,P-Usine_B-000725,99.996,49.995,24.991,-0.05,0.05,0.009,OK,NONE,AUTO-VIS-01
2023-10-26 20:46:09,P-Usine_B-000726,P-Usine_B-000726,100.015,49.999,25.01,-0.05,0.05,0.015,OK,NONE,AUTO-VIS-01
2023-10-26 20:45:13,P-Usine_B-000727,P-Usine_B-000727,100.028,49.986,24.996,-0.05,0.05,0.028,OK,NONE,AUTO-VIS-01
2023-10-26 20:45:40,P-Usine_B-000728,P-Usine_B-000728,100.038,50.007,25.0,-0.05,0.05,0.038,OK,NONE,AUTO-VIS-01
2023-10-26 20:50:35,P-Usine_B-000729,P-Usine_B-000729,100.004,49.989,25.013,-0.05,0.05,0.013,OK,NONE,AUTO-VIS-01
2023-10-26 20:51:11,P-Usine_B-000730,P-Usine_B-000730,100.005,50.029,24.991,-0.05,0.05,0.029,OK,NONE,AUTO-VIS-01
2023-10-26 20:49:44,P-Usine_B-000731,P-Usine_B-000731,99.999,50.015,25.011,-0.05,0.05,0.015,OK,NONE,AUTO-VIS-01
2023-10-26 20:56:29,P-Usine_B-000732,P-Usine_B-000732,99.997,50.005,25.026,-0.05,0.05,0.026,OK,NONE,AUTO-VIS-01
2023-10-26 20:51:32,P-Usine_B-000733,P-Usine_B-000733,100.006,50.004,24.998,-0.05,0.05,0.006,OK,NONE,AUTO-VIS-01
2023-10-26 20:58:42,P-Usine_B-000734,P-Usine_B-000734,100.011,50.04,25.013,-0.05,0.05,0.04,OK,NONE,AUTO-VIS-01
2023-10-26 20:51:11,P-Usine_B-000735,P-Usine_B-000735,99.957,49.985,25.005,-0.05,0.05,0.043,OK,NONE,AUTO-VIS-01
2023-10-26 20:51:35,P-Usine_B-000736,P-Usine_B-000736,100.003,49.99,25.008,-0.05,0.05,0.01,OK,NONE,AUTO-VIS-01
2023-10-26 20:51:35,P-Usine_B-000736,P-Usine_B-000736,100.003,49.99,25.008,-0.05,0.05,0.01,OK,NONE,AUTO-VIS-01
2023-10-26 21:00:56,P-Usine_B-000737,P-Usine_B-000737,100.01,50.011,25.039,-0.05,0.05,0.039,OK,NONE,AUTO-VIS-01
2023-10-26 20:55:45,P-Usine_B-000738,P-Usine_B-000738,99.991,50.055,24.991,-0.05,999.9,0.055,OK,NONE,AUTO-VIS-01
2023-10-26 20:54:16,P-Usine_B-000739,P-Usine_B-000739,100.023,50.003,25.003,-0.05,0.05,0.023,OK,NONE,AUTO-VIS-01
2023-10-26 21:02:12,P-Usine_B-000740,P-Usine_B-000740,99.993,999.9,25.019,-0.05,0.05,0.019,OK,NONE,AUTO-VIS-01
2023-10-26 21:03:42,P-Usine_B-000741,P-Usine_B-000741,99.999,49.989,25.033,-0.05,0.05,0.033,OK,NONE,AUTO-VIS-01
2023-10-26 21:05:16,P-Usine_B-000742,P-Usine_B-000742,100.015,50.018,25.005,-0.05,0.05,0.018,OK,NONE,AUTO-VIS-01
2023-10-26 21:01:44,P-Usine_B-000743,P-Usine_B-000743,100.011,50.027,24.971,-0.05,0.05,0.029,OK,NONE,AUTO-VIS-01
2023-10-26 21:05:36,P-Usine_B-000744,P-Usine_B-000744,100.024,50.006,24.997,-0.05,0.05,0.024,OK,NONE,AUTO-VIS-01
2023-10-26 21:08:31,P-Usine_B-000745,P-Usine_B-000745,100.001,49.985,24.994,-0.05,0.05,0.015,OK,NONE,AUTO-VIS-01
2023-10-26 21:07:38,P-Usine_B-000746,P-Usine_B-000746,99.996,50.027,25.035,-0.05,0.05,0.035,OK,NONE,AUTO-VIS-01
2023-10-26 21:04:44,P-Usine_B-000747,P-Usine_B-000747,99.986,49.986,24.967,-0.05,0.05,0.033,OK,NONE,AUTO-VIS-01
2023-10-26 21:03:58,P-Usine_B-000748,P-Usine_B-000748,99.985,49.994,25.0,-0.05,0.05,0.015,OK,NONE,AUTO-VIS-01
2023-10-26 21:09:17,P-Usine_B-000749,P-Usine_B-000749,100.043,50.008,24.981,-0.05,0.05,0.043,OK,NONE,AUTO-VIS-01
2023-10-26 21:10:25,P-Usine_B-000750,P-Usine_B-000750,99.99,49.992,25.0,-0.05,0.05,0.01,OK,NONE,AUTO-VIS-01
2023-10-26 21:06:12,P-Usine_B-000751,P-Usine_B-000751,99.986,50.006,24.979,-0.05,0.05,0.021,OK,NONE,AUTO-VIS-01
2023-10-26 21:14:31,P-Usine_B-000752,P-Usine_B-000752,100.023,50.018,24.992,-0.05,0.05,0.023,OK,NONE,AUTO-VIS-01
2023-10-26 21:10:58,P-Usine_B-000753,P-Usine_B-000753,99.988,49.998,25.013,-0.05,0.05,0.013,OK,NONE,AUTO-VIS-01
2023-10-26 21:09:12,P-Usine_B-000754,P-Usine_B-000754,100.0,50.023,25.031,-0.05,0.05,0.031,OK,NONE,AUTO-VIS-01
2023-10-26 21:14:12,P-Usine_B-000755,P-Usine_B-000755,100.018,50.012,25.017,-0.05,0.05,0.018,OK,NONE,AUTO-VIS-01
2023-10-26 21:16:50,P-Usine_B-000756,P-Usine_B-000756,99.989,50.009,25.003,-0.05,0.05,0.011,OK,NONE,AUTO-VIS-01
2023-10-26 21:14:00,P-Usine_B-000757,P-Usine_B-000757,99.992,49.986,24.965,-0.05,0.05,0.035,OK,NONE,AUTO-VIS-01
2023-10-26 21:20:11,P-Usine_B-000758,P-Usine_B-000758,99.953,50.011,24.997,-0.05,0.05,,OK,NONE,AUTO-VIS-01
2023-10-26 21:17:39,P-Usine_B-000759,P-Usine_B-000759,99.989,49.998,24.997,-0.05,0.05,0.011,OK,NONE,AUTO-VIS-01
2023-10-26 21:19:11,P-Usine_B-000760,P-Usine_B-000760,100.012,50.005,24.992,-0.05,0.05,0.012,OK,NONE,AUTO-VIS-01
2023-10-26 21:19:24,P-Usine_B-000761,P-Usine_B-000761,100.014,50.017,24.973,-0.05,0.05,0.027,OK,NONE,AUTO-VIS-01
2023-10-26 21:24:51,P-Usine_B-000762,P-Usine_B-000762,100.025,49.999,25.024,-0.05,0.05,0.025,OK,NONE,AUTO-VIS-01
2023-10-26 21:26:05,P-Usine_B-000763,P-Usine_B-000763,99.988,50.004,24.994,-0.05,0.05,0.012,OK,NONE,AUTO-VIS-01
2023-10-26 21:26:54,P-Usine_B-000764,P-Usine_B-000764,99.978,49.987,24.982,-0.05,0.05,0.022,OK,NONE,AUTO-VIS-01
2023-10-26 21:21:53,P-Usine_B-000765,P-Usine_B-000765,99.966,50.026,25.008,-0.05,0.05,0.034,OK,NONE,AUTO-VIS-01
2023-10-26 21:26:32,P-Usine_B-000766,P-Usine_B-000766,100.019,49.992,24.979,-0.05,0.05,0.021,OK,NONE,AUTO-VIS-01
2023-10-26 21:24:53,P-Usine_B-000767,P-Usine_B-000767,100.026,50.012,25.034,-0.05,0.05,0.034,OK,NONE,AUTO-VIS-01
2023-10-26 21:30:39,P-Usine_B-000768,P-Usine_B-000768,100.012,49.977,25.049,-0.05,0.05,0.049,OK,NONE,AUTO-VIS-01
2023-10-26 21:32:47,P-Usine_B-000769,P-Usine_B-000769,99.955,49.975,25.018,-0.05,0.05,0.045,OK,NONE,AUTO-VIS-01
2023-10-26 21:27:34,P-Usine_B-000770,P-Usine_B-000770,100.026,49.998,24.999,-0.05,0.05,0.026,OK,NONE,AUTO-VIS-01
2023-10-26 21:31:49,P-Usine_B-000771,P-Usine_B-000771,,49.992,24.966,-0.05,0.05,0.034,OK,NONE,AUTO-VIS-01
2023-10-26 21:27:23,P-Usine_B-000772,P-Usine_B-000772,99.997,49.983,24.978,-0.05,0.05,0.022,OK,NONE,AUTO-VIS-01
2023-10-26 21:28:04,P-Usine_B-000773,P-Usine_B-000773,100.002,49.993,25.002,-0.05,0.05,0.007,OK,NONE,AUTO-VIS-01
2023-10-26 21:33:46,P-Usine_B-000774,P-Usine_B-000774,100.006,49.984,24.997,-0.05,0.05,0.016,OK,NONE,AUTO-VIS-01
2023-10-26 21:30:12,P-Usine_B-000775,P-Usine_B-000775,999.9,50.0,25.021,-0.05,0.05,0.021,OK,NONE,AUTO-VIS-01
2023-10-26 21:36:38,P-Usine_B-000776,P-Usine_B-000776,99.994,49.991,24.994,-0.05,0.05,0.009,OK,NONE,AUTO-VIS-01
2023-10-26 21:35:34,P-Usine_B-000777,P-Usine_B-000777,99.993,50.034,24.995,-0.05,0.05,0.034,OK,NONE,AUTO-VIS-01
2023-10-26 21:36:19,P-Usine_B-000778,P-Usine_B-000778,100.0,49.991,24.956,-0.05,0.05,0.044,OK,NONE,AUTO-VIS-01
2023-10-26 21:43:08,P-Usine_B-000779,P-Usine_B-000779,99.995,50.016,24.998,-0.05,0.05,0.016,OK,NONE,AUTO-VIS-01
2023-10-26 21:41:49,P-Usine_B-000780,P-Usine_B-000780,99.979,49.986,24.992,-0.05,0.05,0.021,OK,NONE,AUTO-VIS-01
2023-10-26 21:36:02,P-Usine_B-000781,P-Usine_B-000781,99.981,50.015,25.004,-0.05,0.05,0.019,OK,NONE,AUTO-VIS-01
2023-10-26 21:36:02,P-Usine_B-000781,P-Usine_B-000781,99.981,50.015,25.004,-0.05,0.05,0.019,OK,NONE,AUTO-VIS-01
2023-10-26 21:38:48,P-Usine_B-000782,P-Usine_B-000782,99.975,50.04,25.012,-0.05,0.05,0.04,OK,NONE,AUTO-VIS-01
2023-10-26 21:44:49,P-Usine_B-000783,P-Usine_B-000783,100.028,50.015,24.986,-0.05,0.05,0.028,OK,NONE,AUTO-VIS-01
2023-10-26 21:41:11,P-Usine_B-000784,P-Usine_B-000784,100.008,49.966,25.018,-0.05,0.05,0.034,OK,NONE,AUTO-VIS-01
2023-10-26 21:39:41,P-Usine_B-000785,P-Usine_B-000785,100.004,50.03,24.981,-0.05,0.05,0.03,OK,NONE,AUTO-VIS-01
2023-10-26 21:46:53,P-Usine_B-000786,P-Usine_B-000786,99.994,49.975,24.992,-0.05,0.05,0.025,OK,NONE,AUTO-VIS-01
2023-10-26 21:47:42,P-Usine_B-000787,P-Usine_B-000787,,50.003,24.974,-0.05,0.05,0.026,OK,NONE,AUTO-VIS-01
2023-10-26 21:51:28,P-Usine_B-000788,P-Usine_B-000788,100.002,49.983,24.957,-0.05,0.05,0.043,OK,NONE,AUTO-VIS-01
2023-10-26 21:49:18,P-Usine_B-000789,P-Usine_B-000789,100.02,49.987,25.035,-0.05,0.05,0.035,OK,NONE,AUTO-VIS-01
2023-10-26 21:47:30,P-Usine_B-000790,P-Usine_B-000790,99.992,49.998,24.977,-0.05,0.05,0.023,OK,NONE,AUTO-VIS-01
2023-10-26 21:48:26,P-Usine_B-000791,P-Usine_B-000791,100.004,50.042,24.996,-0.05,0.05,0.042,OK,NONE,AUTO-VIS-01
2023-10-26 21:54:06,P-Usine_B-000792,P-Usine_B-000792,100.019,49.964,25.006,-0.05,0.05,0.036,OK,NONE,AUTO-VIS-01
2023-10-26 21:48:56,P-Usine_B-000793,P-Usine_B-000793,100.004,49.987,24.997,-0.05,0.05,0.013,OK,NONE,AUTO-VIS-01
2023-10-26 21:56:16,P-Usine_B-000794,P-Usine_B-000794,99.983,49.996,24.989,-0.05,0.05,0.017,OK,NONE,AUTO-VIS-01
2023-10-26 21:52:37,P-Usine_B-000795,P-Usine_B-000795,99.977,49.973,24.986,-0.05,0.05,0.027,OK,NONE,AUTO-VIS-01
2023-10-26 21:51:20,P-Usine_B-000796,P-Usine_B-000796,99.994,49.983,25.042,-0.05,0.05,0.042,OK,NONE,AUTO-VIS-01
2023-10-26 21:54:53,P-Usine_B-000797,P-Usine_B-000797,99.974,,25.02,-0.05,0.05,0.026,OK,NONE,AUTO-VIS-01
2023-10-26 22:01:44,P-Usine_B-000798,P-Usine_B-000798,100.047,50.003,24.99,-0.05,0.05,0.047,OK,NONE,AUTO-VIS-01
2023-10-26 21:57:04,P-Usine_B-000799,P-Usine_B-000799,100.002,49.98,24.988,-0.05,0.05,0.02,OK,NONE,AUTO-VIS-01
2023-10-26 21:54:54,P-Usine_B-000800,P-Usine_B-000800,99.952,50.021,25.007,-0.05,0.05,0.048,OK,NONE,AUTO-VIS-01
2023-10-26 21:59:33,P-Usine_B-000801,P-Usine_B-000801,99.99,49.962,25.018,-0.05,0.05,0.038,OK,NONE,AUTO-VIS-01
2023-10-26 22:05:22,P-Usine_B-000802,P-Usine_B-000802,100.011,50.007,25.004,-0.05,0.05,0.011,OK,NONE,AUTO-VIS-01
2023-10-26 21:58:15,P-Usine_B-000803,P-Usine_B-000803,99.989,49.991,25.022,-0.05,0.05,0.022,OK,NONE,AUTO-VIS-01
2023-10-26 21:59:05,P-Usine_B-000804,P-Usine_B-000804,100.025,49.993,25.018,-0.05,0.05,0.025,OK,NONE,AUTO-VIS-01
2023-10-26 22:08:15,P-Usine_B-000805,P-Usine_B-000805,99.989,49.976,24.987,-0.05,0.05,0.024,OK,NONE,AUTO-VIS-01
2023-10-26 22:06:35,P-Usine_B-000806,P-Usine_B-000806,99.967,999.9,25.011,-0.05,0.05,0.033,OK,NONE,AUTO-VIS-01
2023-10-26 22:03:30,P-Usine_B-000807,P-Usine_B-000807,99.966,50.016,24.965,-0.05,0.05,0.035,OK,NONE,AUTO-VIS-01
2023-10-26 22:09:29,P-Usine_B-000808,P-Usine_B-000808,99.982,49.98,25.0,-0.05,0.05,0.02,OK,NONE,AUTO-VIS-01
2023-10-26 22:04:19,P-Usine_B-000809,P-Usine_B-000809,100.012,50.032,25.005,-0.05,0.05,0.032,OK,NONE,AUTO-VIS-01
2023-10-26 22:07:53,P-Usine_B-000810,P-Usine_B-000810,100.03,50.002,25.023,-0.05,0.05,0.03,OK,NONE,AUTO-VIS-01
2023-10-26 22:13:48,P-Usine_B-000811,P-Usine_B-000811,99.977,49.981,24.985,-0.05,0.05,0.023,OK,NONE,AUTO-VIS-01
2023-10-26 22:13:34,P-Usine_B-000812,P-Usine_B-000812,100.011,50.01,25.029,-0.05,0.05,0.029,OK,NONE,AUTO-VIS-01
2023-10-26 22:09:33,P-Usine_B-000813,P-Usine_B-000813,100.001,49.994,24.988,-0.05,0.05,0.012,OK,NONE,AUTO-VIS-01
2023-10-26 22:07:33,P-Usine_B-000814,P-Usine_B-000814,99.997,50.017,25.04,-0.05,0.05,0.04,OK,NONE,AUTO-VIS-01
2023-10-26 22:08:57,P-Usine_B-000815,P-Usine_B-000815,99.983,49.991,25.007,-0.05,0.05,0.017,OK,NONE,AUTO-VIS-01
2023-10-26 22:16:48,P-Usine_B-000816,P-Usine_B-000816,99.979,49.968,24.992,-0.05,0.05,0.032,OK,NONE,AUTO-VIS-01
2023-10-26 22:19:44,P-Usine_B-000817,P-Usine_B-000817,100.005,49.979,25.032,-0.05,0.05,0.032,OK,NONE,AUTO-VIS-01
2023-10-26 22:12:30,P-Usine_B-000818,P-Usine_B-000818,100.025,49.972,25.001,-0.05,0.05,0.028,OK,NONE,AUTO-VIS-01
2023-10-26 22:12:35,P-Usine_B-000819,P-Usine_B-000819,99.99,50.009,24.999,-0.05,0.05,0.01,OK,NONE,AUTO-VIS-01
2023-10-26 22:19:43,P-Usine_B-000820,P-Usine_B-000820,99.942,50.008,24.969,-0.05,0.05,0.058,OK,NONE,AUTO-VIS-01
2023-10-26 22:17:59,P-Usine_B-000821,P-Usine_B-000821,100.001,50.009,24.966,-0.05,0.05,0.034,OK,NONE,AUTO-VIS-01
2023-10-26 22:17:52,P-Usine_B-000822,P-Usine_B-000822,100.03,49.996,24.988,-0.05,0.05,0.03,OK,NONE,AUTO-VIS-01
2023-10-26 22:16:03,P-Usine_B-000823,P-Usine_B-000823,99.983,49.982,24.98,-0.05,0.05,0.02,OK,NONE,AUTO-VIS-01
2023-10-26 22:19:38,P-Usine_B-000824,P-Usine_B-000824,99.981,50.015,25.002,-0.05,0.05,0.019,OK,NONE,AUTO-VIS-01
2023-10-26 22:25:58,P-Usine_B-000825,P-Usine_B-000825,100.026,49.974,24.995,-0.05,0.05,0.026,OK,NONE,AUTO-VIS-01
2023-10-26 22:24:39,P-Usine_B-000826,P-Usine_B-000826,100.021,50.037,24.998,-0.05,0.05,0.037,OK,NONE,AUTO-VIS-01
2023-10-26 22:20:43,P-Usine_B-000827,P-Usine_B-000827,100.005,49.976,25.02,-0.05,0.05,0.024,OK,NONE,AUTO-VIS-01
2023-10-26 22:24:49,P-Usine_B-000828,P-Usine_B-000828,100.009,49.994,24.985,-0.05,0.05,0.015,OK,NONE,AUTO-VIS-01
2023-10-26 22:24:37,P-Usine_B-000829,P-Usine_B-000829,100.02,49.995,24.993,-0.05,0.05,0.02,OK,NONE,AUTO-VIS-01
2023-10-26 22:27:08,P-Usine_B-000830,P-Usine_B-000830,100.038,50.0,25.009,-0.05,0.05,0.038,OK,NONE,AUTO-VIS-01
2023-10-26 22:29:19,P-Usine_B-000831,P-Usine_B-000831,100.017,50.03,25.001,-0.05,0.05,0.03,OK,NONE,AUTO-VIS-01
2023-10-26 22:29:53,P-Usine_B-000832,P-Usine_B-000832,100.014,49.955,25.003,-0.05,0.05,0.045,OK,NONE,AUTO-VIS-01
2023-10-26 22:28:04,P-Usine_B-000833,P-Usine_B-000833,100.013,50.005,24.977,-0.05,0.05,0.023,OK,NONE,AUTO-VIS-01
2023-10-26 22:27:11,P-Usine_B-000834,P-Usine_B-000834,100.005,49.992,24.982,-0.05,0.05,0.018,OK,NONE,AUTO-VIS-01
2023-10-26 22:33:26,,P-Usine_B-000835,99.985,49.976,25.023,-0.05,0.05,0.024,OK,NONE,AUTO-VIS-01
2023-10-26 22:32:23,P-Usine_B-000836,P-Usine_B-000836,99.994,49.975,25.014,-0.05,0.05,0.025,OK,NONE,AUTO-VIS-01
2023-10-26 22:34:03,P-Usine_B-000837,P-Usine_B-000837,99.995,50.01,25.023,-0.05,0.05,0.023,OK,NONE,AUTO-VIS-01
2023-10-26 22:39:06,P-Usine_B-000838,P-Usine_B-000838,99.997,49.976,25.016,-0.05,0.05,0.024,OK,NONE,AUTO-VIS-01
2023-10-26 22:39:43,P-Usine_B-000839,P-Usine_B-000839,100.011,50.002,25.013,-0.05,0.05,0.013,OK,NONE,AUTO-VIS-01
2023-10-26 22:34:30,P-Usine_B-000840,P-Usine_B-000840,99.993,50.023,25.017,-0.05,0.05,0.023,OK,NONE,AUTO-VIS-01
2023-10-26 22:42:29,P-Usine_B-000841,P-Usine_B-000841,100.016,49.966,24.976,-0.05,0.05,0.034,OK,NONE,AUTO-VIS-01
2023-10-26 22:42:18,P-Usine_B-000842,P-Usine_B-000842,100.02,49.965,24.99,-0.05,0.05,0.035,OK,NONE,AUTO-VIS-01
2023-10-26 22:37:35,P-Usine_B-000843,P-Usine_B-000843,99.976,50.012,24.996,-0.05,0.05,0.024,OK,NONE,AUTO-VIS-01
2023-10-26 22:45:47,P-Usine_B-000844,P-Usine_B-000844,100.003,50.033,24.988,-0.05,0.05,0.033,OK,NONE,AUTO-VIS-01
2023-10-26 22:43:55,P-Usine_B-000845,P-Usine_B-000845,99.986,50.002,25.043,-0.05,0.05,0.043,OK,NONE,AUTO-VIS-01
2023-10-26 22:40:49,P-Usine_B-000846,P-Usine_B-000846,99.963,49.995,24.989,-0.05,0.05,0.037,OK,NONE,AUTO-VIS-01
2023-10-26 22:47:35,P-Usine_B-000847,P-Usine_B-000847,99.985,50.022,25.022,-0.05,0.05,0.022,OK,NONE,AUTO-VIS-01
2023-10-26 22:42:58,P-Usine_B-000848,P-Usine_B-000848,100.0,50.006,24.976,-0.05,0.05,0.024,OK,NONE,AUTO-VIS-01
2023-10-26 22:43:33,P-Usine_B-000849,P-Usine_B-000849,100.016,50.021,24.999,-0.05,0.05,0.021,OK,NONE,AUTO-VIS-01
2023-10-26 22:43:57,P-Usine_B-000850,P-Usine_B-000850,100.001,50.009,25.021,-0.05,0.05,0.021,OK,NONE,AUTO-VIS-01
2023-10-26 22:49:35,P-Usine_B-000851,P-Usine_B-000851,99.972,49.995,25.02,-0.05,0.05,0.028,OK,NONE,AUTO-VIS-01
2023-10-26 22:49:35,P-Usine_B-000851,P-Usine_B-000851,99.972,49.995,25.02,-0.05,0.05,0.028,OK,NONE,AUTO-VIS-01
2023-10-26 22:49:42,P-Usine_B-000852,P-Usine_B-000852,99.975,50.007,24.958,-0.05,0.05,0.042,OK,NONE,AUTO-VIS-01
2023-10-26 22:49:12,P-Usine_B-000853,P-Usine_B-000853,99.985,50.002,25.006,-0.05,0.05,0.015,OK,NONE,AUTO-VIS-01
2023-10-26 22:56:29,P-Usine_B-000854,P-Usine_B-000854,100.041,49.969,25.007,-0.05,0.05,0.041,OK,NONE,AUTO-VIS-01
2023-10-26 22:56:38,P-Usine_B-000855,P-Usine_B-000855,100.023,49.999,24.99,-0.05,0.05,0.023,OK,NONE,AUTO-VIS-01
2023-10-26 22:54:10,P-Usine_B-000856,P-Usine_B-000856,99.964,49.975,25.045,-0.05,0.05,0.045,OK,NONE,AUTO-VIS-01
2023-10-26 22:52:48,P-Usine_B-000857,P-Usine_B-000857,99.961,50.027,24.981,-0.05,0.05,0.039,OK,NONE,AUTO-VIS-01
2023-10-26 22:55:11,P-Usine_B-000858,P-Usine_B-000858,99.98,49.946,25.026,-0.05,0.05,0.054,OK,NONE,AUTO-VIS-01
2023-10-26 22:59:56,P-Usine_B-000859,P-Usine_B-000859,100.013,50.01,24.998,-0.05,0.05,0.013,OK,NONE,AUTO-VIS-01
2023-10-26 22:55:03,P-Usine_B-000860,P-Usine_B-000860,99.976,999.9,25.012,-0.05,0.05,0.024,OK,NONE,AUTO-VIS-01
2023-10-26 23:01:38,P-Usine_B-000861,P-Usine_B-000861,100.018,50.005,25.019,-0.05,0.05,0.019,OK,NONE,AUTO-VIS-01
2023-10-26 22:55:34,P-Usine_B-000862,P-Usine_B-000862,99.994,49.995,25.002,-0.05,0.05,0.006,OK,NONE,AUTO-VIS-01
2023-10-26 23:05:26,P-Usine_B-000863,P-Usine_B-000863,100.038,50.009,24.975,-0.05,0.05,0.038,OK,NONE,AUTO-VIS-01
2023-10-26 23:06:08,P-Usine_B-000864,P-Usine_B-000864,100.012,49.982,24.994,-0.05,0.05,0.018,OK,NONE,AUTO-VIS-01
2023-10-26 22:58:08,P-Usine_B-000865,P-Usine_B-000865,100.001,50.022,24.986,-0.05,0.05,0.022,OK,NONE,AUTO-VIS-01
2023-10-26 23:06:42,P-Usine_B-000866,P-Usine_B-000866,100.023,49.981,24.992,-0.05,0.05,0.023,OK,NONE,AUTO-VIS-01
2023-10-26 23:04:23,P-Usine_B-000867,P-Usine_B-000867,99.996,50.021,24.99,-0.05,0.05,0.021,OK,NONE,AUTO-VIS-01
2023-10-26 23:05:11,P-Usine_B-000868,P-Usine_B-000868,100.004,50.014,25.034,-0.05,0.05,0.034,OK,NONE,AUTO-VIS-01
2023-10-26 23:05:21,P-Usine_B-000869,P-Usine_B-000869,99.997,49.995,25.016,-0.05,0.05,0.016,OK,NONE,AUTO-VIS-01
2023-10-26 23:12:34,P-Usine_B-000870,P-Usine_B-000870,100.01,50.0,24.97,-0.05,0.05,0.03,OK,NONE,AUTO-VIS-01
2023-10-26 23:11:29,P-Usine_B-000871,P-Usine_B-000871,100.022,49.986,24.987,-0.05,0.05,0.022,OK,NONE,AUTO-VIS-01
2023-10-26 23:12:47,P-Usine_B-000872,P-Usine_B-000872,100.038,50.01,25.018,-0.05,0.05,0.038,OK,NONE,AUTO-VIS-01
2023-10-26 23:15:22,P-Usine_B-000873,P-Usine_B-000873,99.979,50.003,25.005,-0.05,0.05,0.021,OK,NONE,AUTO-VIS-01
2023-10-26 23:14:20,P-Usine_B-000874,P-Usine_B-000874,99.963,49.999,24.994,-0.05,0.05,0.037,OK,NONE,AUTO-VIS-01
2023-10-26 23:09:29,P-Usine_B-000875,P-Usine_B-000875,100.011,49.998,24.998,-0.05,0.05,0.011,OK,NONE,AUTO-VIS-01
2023-10-26 23:10:35,P-Usine_B-000876,P-Usine_B-000876,99.995,49.986,25.008,-0.05,0.05,0.014,OK,NONE,AUTO-VIS-01
2023-10-26 23:18:40,P-Usine_B-000877,P-Usine_B-000877,99.952,50.004,24.996,-0.05,0.05,0.048,OK,NONE,AUTO-VIS-01
2023-10-26 23:18:02,P-Usine_B-000878,P-Usine_B-000878,100.025,49.974,24.995,-0.05,0.05,0.026,OK,NONE,AUTO-VIS-01
2023-10-26 23:14:28,P-Usine_B-000879,P-Usine_B-000879,100.01,49.967,25.002,-0.05,0.05,0.033,OK,NONE,AUTO-VIS-01
2023-10-26 23:16:46,P-Usine_B-000880,P-Usine_B-000880,99.996,49.98,24.994,-0.05,0.05,0.02,OK,NONE,AUTO-VIS-01
2023-10-26 23:23:43,P-Usine_B-000881,P-Usine_B-000881,100.012,50.02,25.024,-0.05,0.05,0.024,OK,NONE,AUTO-VIS-01
2023-10-26 23:16:10,P-Usine_B-000882,P-Usine_B-000882,99.977,50.002,24.971,-0.05,0.05,0.029,OK,NONE,AUTO-VIS-01
2023-10-26 23:20:27,P-Usine_B-000883,P-Usine_B-000883,100.018,49.973,24.987,-0.05,0.05,0.027,OK,NONE,AUTO-VIS-01
2023-10-26 23:21:09,P-Usine_B-000884,P-Usine_B-000884,100.021,50.015,24.994,-0.05,0.05,0.021,OK,NONE,AUTO-VIS-01
2023-10-26 23:17:38,P-Usine_B-000885,P-Usine_B-000885,99.994,50.005,25.011,-0.05,0.05,0.011,OK,NONE,AUTO-VIS-01
2023-10-26 23:22:23,P-Usine_B-000886,P-Usine_B-000886,99.988,50.041,24.985,-0.05,0.05,0.041,OK,NONE,AUTO-VIS-01
2023-10-26 23:21:05,P-Usine_B-000887,P-Usine_B-000887,99.969,49.993,24.989,-0.05,0.05,0.031,OK,NONE,AUTO-VIS-01
2023-10-26 23:28:17,P-Usine_B-000888,P-Usine_B-000888,99.988,49.992,24.991,-0.05,0.05,0.012,OK,NONE,AUTO-VIS-01
2023-10-26 23:31:08,P-Usine_B-000889,P-Usine_B-000889,100.016,50.009,24.965,-0.05,0.05,0.035,OK,NONE,AUTO-VIS-01
2023-10-26 23:31:26,P-Usine_B-000890,P-Usine_B-000890,100.01,49.995,25.001,-0.05,0.05,0.01,OK,NONE,AUTO-VIS-01
2023-10-26 23:25:20,P-Usine_B-000891,P-Usine_B-000891,100.029,49.998,24.99,-0.05,0.05,0.029,OK,NONE,AUTO-VIS-01
2023-10-26 23:34:23,P-Usine_B-000892,P-Usine_B-000892,100.012,49.985,25.015,-0.05,0.05,0.015,OK,NONE,AUTO-VIS-01
2023-10-26 23:29:52,P-Usine_B-000893,P-Usine_B-000893,99.984,50.011,24.994,-0.05,0.05,0.016,OK,NONE,AUTO-VIS-01
2023-10-26 23:33:47,P-Usine_B-000894,P-Usine_B-000894,100.016,49.972,24.993,-0.05,0.05,0.028,OK,NONE,AUTO-VIS-01
2023-10-26 23:35:27,P-Usine_B-000895,P-Usine_B-000895,100.057,49.982,25.011,-0.05,0.05,0.057,OK,NONE,AUTO-VIS-01
2023-10-26 23:29:50,P-Usine_B-000896,P-Usine_B-000896,99.97,49.962,24.989,-0.05,0.05,0.038,OK,NONE,AUTO-VIS-01
2023-10-26 23:35:15,P-Usine_B-000897,P-Usine_B-000897,99.986,50.018,24.983,-0.05,0.05,0.018,OK,NONE,AUTO-VIS-01
2023-10-26 23:34:03,P-Usine_B-000898,P-Usine_B-000898,100.048,50.028,25.014,-0.05,0.05,0.048,OK,NONE,AUTO-VIS-01
2023-10-26 23:40:01,P-Usine_B-000899,P-Usine_B-000899,100.022,49.982,24.989,-0.05,0.05,0.022,OK,NONE,AUTO-VIS-01
2023-10-26 23:38:28,P-Usine_B-000900,P-Usine_B-000900,99.988,50.029,25.03,-0.05,0.05,0.03,OK,NONE,AUTO-VIS-01
2023-10-26 23:41:51,P-Usine_B-000901,P-Usine_B-000901,100.018,50.02,25.015,-0.05,0.05,0.02,OK,NONE,AUTO-VIS-01
2023-10-26 23:36:06,P-Usine_B-000902,P-Usine_B-000902,100.011,50.001,24.98,-0.05,0.05,0.02,OK,NONE,AUTO-VIS-01
2023-10-26 23:40:19,P-Usine_B-000903,P-Usine_B-000903,99.989,50.015,24.988,-0.05,0.05,0.015,OK,NONE,AUTO-VIS-01
2023-10-26 23:46:02,P-Usine_B-000904,P-Usine_B-000904,99.977,50.011,25.002,-0.05,0.05,0.023,OK,NONE,AUTO-VIS-01
2023-10-26 23:39:32,P-Usine_B-000905,P-Usine_B-000905,100.002,49.977,25.013,-0.05,0.05,0.023,OK,NONE,AUTO-VIS-01
2023-10-26 23:43:59,P-Usine_B-000906,P-Usine_B-000906,100.022,49.997,24.999,-0.05,0.05,0.022,OK,NONE,AUTO-VIS-01
2023-10-26 23:49:01,P-Usine_B-000907,P-Usine_B-000907,99.992,49.962,25.04,-0.05,0.05,0.04,OK,NONE,AUTO-VIS-01
2023-10-26 23:50:14,P-Usine_B-000908,P-Usine_B-000908,99.996,50.002,24.991,-0.05,0.05,0.009,OK,NONE,AUTO-VIS-01
2023-10-26 23:46:30,P-Usine_B-000909,P-Usine_B-000909,99.984,50.006,24.981,-0.05,0.05,0.019,OK,NONE,AUTO-VIS-01
2023-10-26 23:43:14,P-Usine_B-000910,P-Usine_B-000910,99.99,49.988,25.003,-0.05,0.05,0.012,OK,NONE,AUTO-VIS-01
2023-10-26 23:47:00,P-Usine_B-000911,P-Usine_B-000911,100.012,49.977,24.98,-0.05,0.05,0.023,OK,NONE,AUTO-VIS-01
2023-10-26 23:50:54,P-Usine_B-000912,P-Usine_B-000912,99.98,49.981,25.005,-0.05,0.05,0.02,OK,NONE,AUTO-VIS-01
2023-10-26 23:50:35,P-Usine_B-000913,P-Usine_B-000913,100.02,50.018,25.0,-0.05,0.05,0.02,OK,NONE,AUTO-VIS-01
2023-10-26 23:48:10,P-Usine_B-000914,P-Usine_B-000914,100.007,49.985,25.001,-0.05,0.05,0.015,OK,NONE,AUTO-VIS-01
2023-10-26 23:50:36,P-Usine_B-000915,P-Usine_B-000915,99.989,50.024,25.009,-0.05,0.05,0.024,OK,NONE,AUTO-VIS-01
2023-10-26 23:48:35,P-Usine_B-000916,P-Usine_B-000916,100.04,50.015,24.984,-0.05,0.05,0.04,OK,NONE,AUTO-VIS-01
2023-10-26 23:53:40,P-Usine_B-000917,P-Usine_B-000917,99.992,49.991,25.011,-0.05,0.05,0.011,OK,,AUTO-VIS-01
2023-10-26 23:59:11,P-Usine_B-000918,P-Usine_B-000918,100.015,50.04,25.016,-0.05,0.05,999.9,OK,NONE,AUTO-VIS-01
2023-10-26 23:56:04,P-Usine_B-000919,P-Usine_B-000919,99.999,49.997,24.988,-0.05,0.05,0.012,OK,NONE,AUTO-VIS-01
2023-10-27 00:00:24,P-Usine_B-000920,P-Usine_B-000920,99.983,49.962,24.99,-0.05,0.05,0.038,OK,NONE,AUTO-VIS-01
2023-10-26 23:54:14,P-Usine_B-000921,P-Usine_B-000921,99.988,50.002,25.012,-0.05,0.05,0.012,OK,NONE,AUTO-VIS-01
2023-10-26 23:54:36,P-Usine_B-000922,P-Usine_B-000922,100.028,50.016,25.003,-0.05,0.05,0.028,OK,NONE,AUTO-VIS-01
2023-10-27 00:03:17,P-Usine_B-000923,P-Usine_B-000923,99.991,49.995,24.96,-0.05,0.05,0.04,OK,NONE,AUTO-VIS-01
2023-10-27 00:05:32,P-Usine_B-000924,P-Usine_B-000924,99.987,50.001,24.998,-0.05,0.05,0.013,OK,NONE,AUTO-VIS-01
2023-10-27 00:06:53,P-Usine_B-000925,P-Usine_B-000925,100.093,49.956,25.009,-0.05,0.05,0.093,NOK,DIMENSION,AUTO-VIS-01
2023-10-27 00:06:20,P-Usine_B-000926,P-Usine_B-000926,99.986,50.017,25.017,-0.05,0.05,0.017,OK,NONE,AUTO-VIS-01
2023-10-27 00:03:49,P-Usine_B-000927,P-Usine_B-000927,100.254,49.976,24.986,-0.05,0.05,0.254,NOK,DIMENSION,AUTO-VIS-01
2023-10-27 00:05:45,P-Usine_B-000928,P-Usine_B-000928,100.267,50.045,24.997,-0.05,0.05,0.267,NOK,DIMENSION,AUTO-VIS-01
2023-10-27 00:03:48,P-Usine_B-000929,P-Usine_B-000929,100.192,49.969,25.018,-0.05,0.05,0.192,NOK,DIMENSION,AUTO-VIS-01
2023-10-27 00:04:02,P-Usine_B-000930,P-Usine_B-000930,100.262,49.996,24.985,-0.05,0.05,0.262,999.9,DIMENSION,AUTO-VIS-01
2023-10-27 00:06:08,P-Usine_B-000931,P-Usine_B-000931,100.199,50.028,24.979,-0.05,0.05,0.199,NOK,DIMENSION,
2023-10-27 00:13:56,P-Usine_B-000932,P-Usine_B-000932,100.238,50.011,25.016,-0.05,0.05,0.238,NOK,DIMENSION,AUTO-VIS-01
2023-10-27 00:09:35,P-Usine_B-000933,P-Usine_B-000933,100.124,50.001,24.996,-0.05,0.05,0.124,NOK,DIMENSION,AUTO-VIS-01
2023-10-27 00:11:43,P-Usine_B-000934,P-Usine_B-000934,100.301,50.008,24.997,-0.05,0.05,0.301,NOK,DIMENSION,AUTO-VIS-01
2023-10-27 00:08:22,P-Usine_B-000935,P-Usine_B-000935,100.2,50.01,25.028,-0.05,0.05,0.2,NOK,DIMENSION,AUTO-VIS-01
2023-10-27 00:10:54,P-Usine_B-000936,P-Usine_B-000936,100.255,50.028,24.992,-0.05,0.05,0.255,NOK,DIMENSION,AUTO-VIS-01
2023-10-27 00:17:49,P-Usine_B-000937,P-Usine_B-000937,100.305,50.003,25.019,-0.05,0.05,0.305,NOK,DIMENSION,AUTO-VIS-01
2023-10-27 00:12:19,P-Usine_B-000938,P-Usine_B-000938,100.284,49.998,25.03,-0.05,0.05,0.284,NOK,DIMENSION,AUTO-VIS-01
2023-10-27 00:13:55,P-Usine_B-000939,P-Usine_B-000939,100.217,49.989,25.026,-0.05,0.05,0.217,NOK,DIMENSION,AUTO-VIS-01
2023-10-27 00:16:04,P-Usine_B-000940,P-Usine_B-000940,100.259,50.038,25.019,-0.05,0.05,0.259,NOK,DIMENSION,AUTO-VIS-01
2023-10-27 00:22:27,P-Usine_B-000941,P-Usine_B-000941,100.231,49.992,24.987,-0.05,0.05,0.231,NOK,DIMENSION,AUTO-VIS-01
2023-10-27 00:24:30,P-Usine_B-000942,P-Usine_B-000942,100.104,50.002,24.992,-0.05,0.05,0.104,NOK,DIMENSION,AUTO-VIS-01
2023-10-27 00:18:23,P-Usine_B-000943,P-Usine_B-000943,100.185,49.983,24.985,-0.05,0.05,0.185,NOK,DIMENSION,AUTO-VIS-01
2023-10-27 00:23:58,P-Usine_B-000944,P-Usine_B-000944,100.261,49.989,24.977,-0.05,0.05,0.261,NOK,DIMENSION,AUTO-VIS-01
2023-10-27 00:22:16,P-Usine_B-000945,P-Usine_B-000945,100.283,50.012,25.001,-0.05,0.05,0.283,NOK,DIMENSION,AUTO-VIS-01
2023-10-27 00:21:50,P-Usine_B-000946,P-Usine_B-000946,100.281,50.013,999.9,-0.05,0.05,0.281,NOK,DIMENSION,AUTO-VIS-01
2023-10-27 00:25:29,P-Usine_B-000947,P-Usine_B-000947,100.176,50.001,25.01,-0.05,0.05,0.176,NOK,DIMENSION,AUTO-VIS-01
2023-10-27 00:24:17,P-Usine_B-000948,P-Usine_B-000948,100.139,49.998,25.037,-0.05,0.05,0.139,NOK,DIMENSION,AUTO-VIS-01
2023-10-27 00:26:51,P-Usine_B-000949,P-Usine_B-000949,100.241,49.988,24.997,-0.05,0.05,0.241,NOK,DIMENSION,AUTO-VIS-01
2023-10-27 00:28:46,P-Usine_B-000950,P-Usine_B-000950,100.218,50.023,25.021,-0.05,0.05,0.218,NOK,DIMENSION,AUTO-VIS-01
2023-10-27 00:30:23,P-Usine_B-000951,P-Usine_B-000951,100.158,49.996,25.004,-0.05,0.05,0.158,NOK,DIMENSION,AUTO-VIS-01
2023-10-27 00:33:14,P-Usine_B-000952,P-Usine_B-000952,100.15,49.99,24.987,-0.05,0.05,0.15,NOK,DIMENSION,AUTO-VIS-01
2023-10-27 00:29:13,P-Usine_B-000953,P-Usine_B-000953,100.286,49.991,25.003,-0.05,0.05,0.286,NOK,DIMENSION,AUTO-VIS-01
2023-10-27 00:36:32,P-Usine_B-000954,P-Usine_B-000954,100.281,49.968,25.024,-0.05,0.05,0.281,NOK,DIMENSION,AUTO-VIS-01
2023-10-27 00:34:51,P-Usine_B-000955,P-Usine_B-000955,,49.998,24.981,-0.05,0.05,0.285,NOK,DIMENSION,AUTO-VIS-01
2023-10-27 00:32:14,P-Usine_B-000956,P-Usine_B-000956,100.286,49.998,24.984,-0.05,0.05,0.286,NOK,DIMENSION,AUTO-VIS-01
2023-10-27 00:39:32,P-Usine_B-000957,P-Usine_B-000957,100.146,50.029,25.015,-0.05,0.05,0.146,NOK,DIMENSION,AUTO-VIS-01
2023-10-27 00:36:43,P-Usine_B-000958,P-Usine_B-000958,100.24,50.021,,-0.05,0.05,0.24,NOK,DIMENSION,AUTO-VIS-01
2023-10-27 00:34:21,P-Usine_B-000959,P-Usine_B-000959,100.208,49.998,24.99,-0.05,0.05,0.208,NOK,DIMENSION,AUTO-VIS-01
2023-10-27 00:40:49,P-Usine_B-000960,P-Usine_B-000960,100.262,50.021,24.984,-0.05,0.05,0.262,NOK,DIMENSION,AUTO-VIS-01
2023-10-27 00:37:26,P-Usine_B-000961,P-Usine_B-000961,100.198,50.014,25.017,-0.05,0.05,0.198,NOK,DIMENSION,AUTO-VIS-01
2023-10-27 00:38:27,P-Usine_B-000962,P-Usine_B-000962,100.19,49.982,24.993,-0.05,0.05,0.19,NOK,DIMENSION,AUTO-VIS-01
2023-10-27 00:39:14,P-Usine_B-000963,P-Usine_B-000963,100.217,50.0,25.009,-0.05,0.05,0.217,NOK,DIMENSION,AUTO-VIS-01
2023-10-27 00:42:54,P-Usine_B-000964,P-Usine_B-000964,100.285,50.009,25.015,-0.05,0.05,0.285,NOK,DIMENSION,AUTO-VIS-01
2023-10-27 00:45:28,P-Usine_B-000965,P-Usine_B-000965,100.315,50.001,24.984,-0.05,0.05,0.315,NOK,DIMENSION,AUTO-VIS-01
2023-10-27 00:42:31,P-Usine_B-000966,P-Usine_B-000966,100.261,49.982,25.03,-0.05,0.05,0.261,NOK,DIMENSION,AUTO-VIS-01
2023-10-27 00:48:43,P-Usine_B-000967,P-Usine_B-000967,100.27,50.005,24.969,-0.05,0.05,0.27,NOK,DIMENSION,AUTO-VIS-01
2023-10-27 00:42:18,P-Usine_B-000968,P-Usine_B-000968,100.208,49.974,25.002,-0.05,0.05,0.208,NOK,DIMENSION,AUTO-VIS-01
2023-10-27 00:46:11,P-Usine_B-000969,P-Usine_B-000969,100.208,50.019,25.014,-0.05,0.05,0.208,NOK,DIMENSION,AUTO-VIS-01
2023-10-27 00:45:43,P-Usine_B-000970,P-Usine_B-000970,100.246,50.011,24.971,-0.05,0.05,0.246,NOK,DIMENSION,AUTO-VIS-01
2023-10-27 00:48:17,P-Usine_B-000971,P-Usine_B-000971,100.229,49.993,25.014,-0.05,0.05,0.229,NOK,DIMENSION,AUTO-VIS-01
2023-10-27 00:52:16,P-Usine_B-000972,P-Usine_B-000972,100.267,50.012,25.002,-0.05,0.05,0.267,NOK,DIMENSION,AUTO-VIS-01
2023-10-27 00:45:58,P-Usine_B-000973,P-Usine_B-000973,100.205,50.017,25.027,-0.05,0.05,0.205,NOK,DIMENSION,AUTO-VIS-01
2023-10-27 00:55:35,P-Usine_B-000974,P-Usine_B-000974,100.234,50.02,25.015,-0.05,0.05,0.234,NOK,DIMENSION,AUTO-VIS-01
2023-10-27 00:57:12,P-Usine_B-000975,P-Usine_B-000975,100.232,49.961,25.007,-0.05,0.05,0.232,NOK,DIMENSION,AUTO-VIS-01
2023-10-27 00:57:12,P-Usine_B-000975,P-Usine_B-000975,100.232,49.961,25.007,-0.05,0.05,0.232,NOK,DIMENSION,AUTO-VIS-01
2023-10-27 00:51:06,P-Usine_B-000976,P-Usine_B-000976,100.148,49.965,24.995,-0.05,0.05,0.148,NOK,DIMENSION,AUTO-VIS-01
2023-10-27 00:53:42,P-Usine_B-000977,P-Usine_B-000977,100.164,50.001,25.033,-0.05,0.05,0.164,NOK,DIMENSION,AUTO-VIS-01
2023-10-27 00:52:18,P-Usine_B-000978,P-Usine_B-000978,100.184,49.989,25.003,-0.05,0.05,0.184,NOK,DIMENSION,AUTO-VIS-01
2023-10-27 01:00:58,P-Usine_B-000979,P-Usine_B-000979,100.199,50.01,24.988,-0.05,0.05,0.199,NOK,DIMENSION,AUTO-VIS-01
2023-10-27 00:53:37,P-Usine_B-000980,P-Usine_B-000980,100.15,49.993,24.965,-0.05,0.05,0.15,NOK,DIMENSION,AUTO-VIS-01
2023-10-27 00:59:11,P-Usine_B-000981,P-Usine_B-000981,100.171,50.019,999.9,-0.05,0.05,0.171,NOK,DIMENSION,AUTO-VIS-01
2023-10-27 01:02:59,P-Usine_B-000982,P-Usine_B-000982,100.229,50.036,24.986,-0.05,0.05,0.229,NOK,DIMENSION,AUTO-VIS-01
2023-10-27 01:03:35,P-Usine_B-000983,P-Usine_B-000983,100.166,50.016,24.977,-0.05,0.05,0.166,NOK,DIMENSION,AUTO-VIS-01
2023-10-27 00:58:18,P-Usine_B-000984,P-Usine_B-000984,100.2,49.998,25.008,-0.05,0.05,0.2,NOK,DIMENSION,AUTO-VIS-01
2023-10-27 00:59:06,P-Usine_B-000985,P-Usine_B-000985,100.302,49.989,24.971,-0.05,0.05,0.302,NOK,DIMENSION,AUTO-VIS-01
2023-10-27 00:58:53,P-Usine_B-000986,P-Usine_B-000986,100.193,49.99,25.0,-0.05,0.05,0.193,NOK,DIMENSION,AUTO-VIS-01
2023-10-27 01:00:55,P-Usine_B-000987,P-Usine_B-000987,100.316,49.957,25.003,-0.05,0.05,0.316,NOK,DIMENSION,AUTO-VIS-01
2023-10-27 01:07:08,P-Usine_B-000988,P-Usine_B-000988,100.292,50.002,25.007,-0.05,0.05,0.292,NOK,DIMENSION,AUTO-VIS-01
2023-10-27 01:07:36,P-Usine_B-000989,P-Usine_B-000989,100.106,49.972,25.022,-0.05,0.05,0.106,NOK,DIMENSION,AUTO-VIS-01
2023-10-27 01:08:33,P-Usine_B-000990,P-Usine_B-000990,100.173,50.003,25.015,-0.05,0.05,0.173,NOK,DIMENSION,AUTO-VIS-01
2023-10-27 01:05:10,P-Usine_B-000991,P-Usine_B-000991,100.315,50.026,25.012,-0.05,0.05,0.315,NOK,DIMENSION,AUTO-VIS-01
2023-10-27 01:11:22,P-Usine_B-000992,P-Usine_B-000992,100.124,50.02,25.003,-0.05,0.05,0.124,NOK,DIMENSION,AUTO-VIS-01
2023-10-27 01:14:38,P-Usine_B-000993,P-Usine_B-000993,100.166,49.994,24.999,-0.05,0.05,0.166,NOK,DIMENSION,AUTO-VIS-01
2023-10-27 01:14:38,P-Usine_B-000993,P-Usine_B-000993,100.166,49.994,24.999,-0.05,0.05,0.166,NOK,DIMENSION,AUTO-VIS-01
2023-10-27 01:16:12,P-Usine_B-000994,P-Usine_B-000994,100.163,49.993,24.998,-0.05,0.05,0.163,NOK,DIMENSION,AUTO-VIS-01
2023-10-27 01:09:01,P-Usine_B-000995,P-Usine_B-000995,100.237,50.01,24.993,-0.05,0.05,0.237,NOK,DIMENSION,AUTO-VIS-01
2023-10-27 01:11:05,P-Usine_B-000996,P-Usine_B-000996,100.199,50.01,25.012,-0.05,0.05,0.199,NOK,DIMENSION,AUTO-VIS-01
2023-10-27 01:12:02,P-Usine_B-000997,P-Usine_B-000997,100.238,49.973,25.01,-0.05,0.05,0.238,NOK,DIMENSION,AUTO-VIS-01
2023-10-27 01:19:41,P-Usine_B-000998,P-Usine_B-000998,100.288,50.023,24.992,-0.05,0.05,0.288,NOK,DIMENSION,AUTO-VIS-01
2023-10-27 01:16:21,P-Usine_B-000999,P-Usine_B-000999,100.296,50.03,25.008,-0.05,0.05,0.296,NOK,DIMENSION,AUTO-VIS-01
2023-10-27 01:15:31,P-Usine_B-001000,P-Usine_B-001000,100.195,49.962,25.009,-0.05,0.05,0.195,NOK,DIMENSION,AUTO-VIS-01
