timestamp,part_id,id_lot_matiere,fournisseur,type_materiau,longueur_brute_theo,longueur_brute_reelle,vitesse_coupe,temp_coupe,etat_machine,duree_cycle,taux_chute
2023-10-26 08:02:32,P-Usine_A-000001,LOT-104,MetalX,Acier Inox 316L,1500.0,1500.55,104.0,228.7,RUN,44.4,4.78
2023-10-26 08:06:16,P-Usine_A-000002,LOT-100,MetalX,Acier Inox 316L,1500.0,1499.53,96.3,213.7,RUN,48.3,3.01
2023-10-26 07:58:18,P-Usine_A-000003,LOT-105,AcierPro,Acier Inox 316L,1500.0,1500.6,96.5,243.0,RUN,49.7,3.99
2023-10-26 08:03:50,P-Usine_A-000004,LOT-104,AcierPro,Acier Inox 316L,1500.0,1500.59,99.5,226.3,RUN,49.7,2.37
2023-10-26 08:09:46,P-Usine_A-000005,LOT-102,MetalX,Acier Inox 316L,1500.0,,104.8,237.8,RUN,42.3,3.68
2023-10-26 08:11:14,P-Usine_A-000006,LOT-102,AluBest,Acier Inox 316L,1500.0,1499.58,101.1,221.0,RUN,47.1,4.14
2023-10-26 08:11:19,P-Usine_A-000007,LOT-104,AcierPro,Acier Inox 316L,1500.0,1499.63,100.2,231.6,RUN,43.6,3.96
2023-10-26 08:05:15,P-Usine_A-000008,LOT-104,AcierPro,Acier Inox 316L,1500.0,1499.22,95.9,226.7,RUN,,3.56
2023-10-26 08:13:08,P-Usine_A-000009,LOT-101,AluBest,Acier Inox 316L,1500.0,1500.17,101.3,232.1,RUN,46.0,4.09
2023-10-26 08:11:38,P-Usine_A-000010,LOT-102,AluBest,Acier Inox 316L,1500.0,1500.73,104.7,216.1,RUN,44.9,2.72
2023-10-26 08:07:31,P-Usine_A-000011,LOT-100,MetalX,Acier Inox 316L,1500.0,1500.17,96.5,244.6,RUN,48.5,3.81
2023-10-26 08:12:26,P-Usine_A-000012,LOT-104,AcierPro,Acier Inox 316L,1500.0,1499.53,100.3,241.0,RUN,41.5,4.62
2023-10-26 08:08:47,P-Usine_A-000013,LOT-103,AluBest,Acier Inox 316L,1500.0,1500.62,100.6,203.2,RUN,48.5,3.58
2023-10-26 08:18:59,P-Usine_A-000014,LOT-101,AluBest,Acier Inox 316L,1500.0,1499.89,98.7,239.2,STOP,45.7,4.97
2023-10-26 08:11:26,P-Usine_A-000015,LOT-103,MetalX,Acier Inox 316L,1500.0,1499.68,100.5,241.4,RUN,46.1,2.47
2023-10-26 08:21:02,P-Usine_A-000016,LOT-102,AcierPro,Acier Inox 316L,1500.0,1500.55,101.4,238.0,RUN,45.1,4.97
2023-10-26 08:15:05,P-Usine_A-000017,LOT-102,MetalX,Acier Inox 316L,1500.0,1499.96,95.3,210.9,RUN,43.9,2.93
2023-10-26 08:15:21,P-Usine_A-000018,LOT-102,AluBest,Acier Inox 316L,1500.0,1499.34,100.8,234.4,RUN,43.9,2.41
2023-10-26 08:14:50,P-Usine_A-000019,LOT-104,MetalX,Acier Inox 316L,1500.0,1499.19,103.7,223.4,STOP,45.8,2.89
2023-10-26 08:24:04,P-Usine_A-000020,LOT-104,AluBest,Acier Inox 316L,1500.0,1499.74,101.3,249.2,RUN,46.2,2.07
2023-10-26 08:23:36,P-Usine_A-000021,LOT-101,AluBest,Acier Inox 316L,1500.0,1499.79,101.4,236.3,RUN,42.0,3.96
2023-10-26 08:26:15,P-Usine_A-000022,LOT-104,MetalX,Acier Inox 316L,1500.0,1499.98,104.3,246.5,RUN,43.6,3.1
2023-10-26 08:21:38,P-Usine_A-000023,LOT-105,MetalX,Acier Inox 316L,1500.0,1500.1,95.1,237.9,RUN,41.4,2.82
2023-10-26 08:26:54,P-Usine_A-000024,LOT-104,MetalX,Acier Inox 316L,1500.0,1499.48,104.0,223.0,RUN,45.1,2.29
2023-10-26 08:22:53,P-Usine_A-000025,LOT-100,MetalX,Acier Inox 316L,1500.0,1499.54,103.6,221.2,RUN,41.3,4.19
2023-10-26 08:22:30,P-Usine_A-000026,LOT-104,AluBest,Acier Inox 316L,1500.0,1501.26,98.8,206.4,RUN,48.2,3.23
2023-10-26 08:31:46,P-Usine_A-000027,LOT-102,MetalX,Acier Inox 316L,1500.0,1499.96,99.5,226.6,RUN,45.0,3.68
2023-10-26 08:27:12,P-Usine_A-000028,LOT-105,AluBest,Acier Inox 316L,1500.0,1499.95,100.6,247.4,RUN,45.6,2.93
2023-10-26 08:27:42,P-Usine_A-000029,LOT-101,AluBest,Acier Inox 316L,1500.0,1499.74,102.5,209.5,RUN,48.2,3.46
2023-10-26 08:31:40,P-Usine_A-000030,LOT-104,AluBest,Acier Inox 316L,1500.0,1499.56,102.4,239.6,RUN,42.3,4.52
2023-10-26 08:26:47,P-Usine_A-000031,LOT-103,AcierPro,Acier Inox 316L,1500.0,1499.66,98.1,226.0,RUN,44.4,2.71
2023-10-26 08:32:58,P-Usine_A-000032,LOT-100,AcierPro,Acier Inox 316L,1500.0,1499.58,99.2,207.1,RUN,42.8,4.93
2023-10-26 08:29:09,P-Usine_A-000033,LOT-103,AluBest,Acier Inox 316L,1500.0,1499.65,98.5,223.6,RUN,43.1,4.86
2023-10-26 08:31:43,P-Usine_A-000034,LOT-101,AcierPro,Acier Inox 316L,1500.0,1500.23,99.0,249.7,RUN,41.5,3.17
2023-10-26 08:38:30,P-Usine_A-000035,LOT-102,MetalX,Acier Inox 316L,1500.0,1500.14,95.5,202.6,RUN,46.3,4.92
2023-10-26 08:39:49,P-Usine_A-000036,LOT-101,AcierPro,Acier Inox 316L,1500.0,1499.86,103.3,241.0,RUN,49.5,3.74
2023-10-26 08:35:21,P-Usine_A-000037,LOT-105,AluBest,Acier Inox 316L,1500.0,1499.8,95.8,243.5,RUN,41.0,3.09
2023-10-26 08:36:20,P-Usine_A-000038,LOT-100,AluBest,Acier Inox 316L,1500.0,1500.14,99.5,211.0,RUN,41.6,3.67
2023-10-26 08:41:16,P-Usine_A-000039,LOT-105,AcierPro,Acier Inox 316L,1500.0,1499.67,103.9,215.9,STOP,42.3,3.06
2023-10-26 08:40:22,P-Usine_A-000040,LOT-103,MetalX,Acier Inox 316L,1500.0,1499.85,101.3,249.2,RUN,41.5,2.13
2023-10-26 08:39:12,P-Usine_A-000041,LOT-102,AluBest,Acier Inox 316L,1500.0,1500.3,102.0,241.2,RUN,48.8,3.14
2023-10-26 08:36:55,P-Usine_A-000042,LOT-105,MetalX,Acier Inox 316L,1500.0,1500.02,103.3,228.2,RUN,40.9,4.05
2023-10-26 08:43:21,P-Usine_A-000043,LOT-102,AluBest,Acier Inox 316L,1500.0,1499.74,103.6,249.4,RUN,48.7,3.42
2023-10-26 08:42:55,P-Usine_A-000044,LOT-105,MetalX,Acier Inox 316L,1500.0,1499.26,104.2,219.0,RUN,45.2,2.79
2023-10-26 08:42:58,P-Usine_A-000045,LOT-101,AcierPro,Acier Inox 316L,1500.0,1500.14,95.8,247.8,RUN,45.3,2.03
2023-10-26 08:48:38,P-Usine_A-000046,LOT-103,AcierPro,Acier Inox 316L,1500.0,1500.02,95.4,236.8,RUN,40.3,3.4
2023-10-26 08:44:51,P-Usine_A-000047,LOT-100,AcierPro,Acier Inox 316L,1500.0,1499.79,99.6,247.4,RUN,47.9,2.15
2023-10-26 08:49:33,P-Usine_A-000048,LOT-102,AcierPro,Acier Inox 316L,1500.0,1500.2,103.6,242.3,RUN,46.9,4.41
2023-10-26 08:47:24,P-Usine_A-000049,LOT-101,MetalX,Acier Inox 316L,1500.0,1499.67,98.7,203.5,RUN,43.0,3.62
2023-10-26 08:49:27,P-Usine_A-000050,LOT-103,MetalX,Acier Inox 316L,1500.0,1500.05,97.0,218.6,RUN,42.1,2.14
2023-10-26 08:51:09,P-Usine_A-000051,LOT-103,AluBest,Acier Inox 316L,1500.0,1499.67,96.7,249.1,RUN,50.0,3.36
2023-10-26 08:49:48,P-Usine_A-000052,LOT-104,AcierPro,Acier Inox 316L,1500.0,1499.72,103.5,229.3,RUN,48.7,3.35
2023-10-26 08:50:38,P-Usine_A-000053,LOT-102,AluBest,Acier Inox 316L,1500.0,1499.12,100.9,208.9,RUN,46.1,3.69
2023-10-26 08:51:06,P-Usine_A-000054,LOT-105,AcierPro,Acier Inox 316L,1500.0,1500.12,103.0,206.4,RUN,42.7,4.74
2023-10-26 08:59:24,P-Usine_A-000055,LOT-104,AluBest,Acier Inox 316L,1500.0,1500.13,95.5,217.3,RUN,46.4,2.99
2023-10-26 08:55:03,P-Usine_A-000056,LOT-103,MetalX,Acier Inox 316L,1500.0,1499.8,103.4,234.7,RUN,48.3,2.25
2023-10-26 08:54:31,P-Usine_A-000057,LOT-101,AluBest,Acier Inox 316L,1500.0,1500.0,99.7,235.0,RUN,43.7,2.65
2023-10-26 08:59:28,P-Usine_A-000058,LOT-103,AluBest,Acier Inox 316L,1500.0,1499.66,98.6,249.4,RUN,46.1,4.15
2023-10-26 09:03:35,P-Usine_A-000059,LOT-104,AcierPro,Acier Inox 316L,1500.0,1499.64,98.3,241.4,STOP,49.7,2.89
2023-10-26 09:02:40,P-Usine_A-000060,LOT-100,MetalX,Acier Inox 316L,1500.0,1500.0,98.6,214.8,RUN,44.3,2.42
2023-10-26 09:04:18,P-Usine_A-000061,LOT-101,MetalX,Acier Inox 316L,1500.0,1500.88,105.0,206.7,RUN,49.5,4.39
2023-10-26 08:59:58,P-Usine_A-000062,LOT-100,MetalX,Acier Inox 316L,1500.0,1500.92,100.3,225.5,RUN,45.4,3.57
2023-10-26 08:59:44,P-Usine_A-000063,LOT-105,AcierPro,Acier Inox 316L,1500.0,1499.31,97.3,211.0,RUN,49.9,2.75
2023-10-26 08:59:23,P-Usine_A-000064,LOT-100,AluBest,Acier Inox 316L,1500.0,1499.68,103.0,240.4,RUN,41.7,2.18
2023-10-26 09:00:17,P-Usine_A-000065,LOT-102,MetalX,Acier Inox 316L,1500.0,1499.51,103.6,210.2,RUN,48.2,4.91
2023-10-26 09:01:55,P-Usine_A-000066,LOT-103,AcierPro,Acier Inox 316L,1500.0,1500.35,97.6,217.8,RUN,49.1,4.5
2023-10-26 09:10:47,P-Usine_A-000067,LOT-100,MetalX,Acier Inox 316L,1500.0,1499.59,99.9,227.9,RUN,48.5,3.42
2023-10-26 09:04:50,P-Usine_A-000068,LOT-103,AcierPro,Acier Inox 316L,1500.0,1499.36,97.6,208.0,RUN,45.7,3.06
2023-10-26 09:09:31,P-Usine_A-000069,LOT-105,AcierPro,Acier Inox 316L,1500.0,,101.5,209.5,RUN,47.7,2.4
2023-10-26 09:07:54,P-Usine_A-000070,LOT-104,MetalX,Acier Inox 316L,1500.0,1499.67,102.5,235.4,RUN,49.6,3.47
2023-10-26 09:10:12,P-Usine_A-000071,LOT-105,MetalX,Acier Inox 316L,1500.0,1498.87,100.6,204.5,RUN,47.4,2.31
,P-Usine_A-000072,LOT-101,AluBest,Acier Inox 316L,1500.0,1500.06,95.6,207.8,RUN,44.2,4.79
2023-10-26 09:11:44,P-Usine_A-000073,LOT-101,AcierPro,Acier Inox 316L,1500.0,1500.18,97.9,233.0,RUN,43.2,4.88
2023-10-26 09:16:11,P-Usine_A-000074,LOT-101,AluBest,Acier Inox 316L,1500.0,1499.45,104.5,247.0,RUN,48.5,3.15
2023-10-26 09:10:31,P-Usine_A-000075,LOT-104,AcierPro,Acier Inox 316L,1500.0,1499.85,103.5,248.5,RUN,43.7,2.75
2023-10-26 09:18:32,P-Usine_A-000076,LOT-105,MetalX,Acier Inox 316L,1500.0,1499.25,101.9,236.4,RUN,49.9,4.82
2023-10-26 09:18:32,P-Usine_A-000076,LOT-105,MetalX,Acier Inox 316L,1500.0,1499.25,101.9,236.4,RUN,49.9,4.82
2023-10-26 09:13:19,P-Usine_A-000077,LOT-103,AluBest,Acier Inox 316L,1500.0,1499.74,97.7,234.4,RUN,43.4,2.83
2023-10-26 09:15:35,P-Usine_A-000078,LOT-105,MetalX,Acier Inox 316L,1500.0,1499.86,95.8,222.2,RUN,48.4,4.99
2023-10-26 09:20:34,P-Usine_A-000079,LOT-101,MetalX,Acier Inox 316L,1500.0,1499.75,96.7,203.9,RUN,43.6,3.03
2023-10-26 09:22:32,P-Usine_A-000080,LOT-101,AluBest,Acier Inox 316L,1500.0,1499.89,97.6,219.5,RUN,48.1,3.22
2023-10-26 09:23:32,P-Usine_A-000081,LOT-101,AcierPro,Acier Inox 316L,1500.0,1499.82,96.0,244.4,RUN,44.2,3.68
2023-10-26 09:24:52,P-Usine_A-000082,LOT-102,AcierPro,Acier Inox 316L,1500.0,1500.55,101.0,245.3,RUN,47.2,3.38
2023-10-26 09:27:27,P-Usine_A-000083,LOT-105,AluBest,Acier Inox 316L,1500.0,1499.54,99.3,205.5,RUN,49.5,2.05
2023-10-26 09:19:11,P-Usine_A-000084,LOT-101,AcierPro,Acier Inox 316L,1500.0,1499.91,101.8,250.0,RUN,45.1,3.11
2023-10-26 09:20:18,P-Usine_A-000085,LOT-101,AcierPro,Acier Inox 316L,1500.0,1500.39,95.4,248.0,RUN,43.2,3.23
2023-10-26 09:28:26,P-Usine_A-000086,LOT-103,AcierPro,Acier Inox 316L,1500.0,1500.2,101.1,243.6,RUN,42.5,3.71
2023-10-26 09:22:39,P-Usine_A-000087,LOT-104,AcierPro,Acier Inox 316L,1500.0,1500.02,95.3,211.0,RUN,44.0,2.82
2023-10-26 09:29:50,P-Usine_A-000088,LOT-104,AcierPro,Acier Inox 316L,1500.0,1499.81,103.2,213.5,RUN,48.4,4.27
2023-10-26 09:28:16,P-Usine_A-000089,LOT-103,AcierPro,Acier Inox 316L,1500.0,1500.6,999.9,221.6,RUN,42.2,3.08
2023-10-26 09:25:53,P-Usine_A-000090,LOT-101,AluBest,Acier Inox 316L,1500.0,1500.88,98.1,232.2,RUN,47.0,4.75
2023-10-26 09:28:45,P-Usine_A-000091,LOT-100,AluBest,Acier Inox 316L,1500.0,1499.91,104.5,214.2,RUN,45.0,2.52
2023-10-26 09:32:45,P-Usine_A-000092,LOT-102,AluBest,Acier Inox 316L,1500.0,1499.49,101.1,207.1,RUN,41.2,2.32
2023-10-26 09:36:10,P-Usine_A-000093,LOT-103,MetalX,Acier Inox 316L,1500.0,1499.92,104.4,229.1,RUN,40.7,3.48
2023-10-26 09:32:55,P-Usine_A-000094,LOT-103,AcierPro,Acier Inox 316L,1500.0,1499.65,98.1,234.9,RUN,42.1,4.39
2023-10-26 09:39:02,P-Usine_A-000095,LOT-101,MetalX,Acier Inox 316L,999.9,1500.5,100.9,207.4,RUN,44.1,3.82
2023-10-26 09:32:35,P-Usine_A-000096,LOT-102,AcierPro,Acier Inox 316L,1500.0,1499.45,101.8,201.4,RUN,45.3,2.02
2023-10-26 09:34:47,P-Usine_A-000097,LOT-103,AcierPro,Acier Inox 316L,1500.0,1499.76,98.5,233.0,RUN,43.3,4.27
2023-10-26 09:39:39,P-Usine_A-000098,LOT-103,AcierPro,Acier Inox 316L,1500.0,1500.06,104.5,201.1,RUN,40.8,3.26
2023-10-26 09:42:14,P-Usine_A-000099,LOT-101,AcierPro,Acier Inox 316L,1500.0,1499.83,102.2,242.0,RUN,40.4,2.43
2023-10-26 09:36:17,P-Usine_A-000100,LOT-102,MetalX,Acier Inox 316L,1500.0,1499.38,104.5,223.8,RUN,43.7,2.42
2023-10-26 09:40:34,P-Usine_A-000101,LOT-104,MetalX,Acier Inox 316L,1500.0,1499.98,95.6,249.2,RUN,47.5,3.5
2023-10-26 09:38:06,P-Usine_A-000102,LOT-103,AcierPro,Acier Inox 316L,1500.0,1499.91,95.3,201.6,RUN,49.0,2.73
2023-10-26 09:40:53,P-Usine_A-000103,LOT-100,AluBest,Acier Inox 316L,1500.0,1499.73,99.8,213.3,RUN,44.8,2.69
2023-10-26 09:44:33,P-Usine_A-000104,LOT-105,AcierPro,Acier Inox 316L,1500.0,1500.19,102.3,213.2,STOP,40.5,4.24
2023-10-26 09:46:00,P-Usine_A-000105,LOT-105,MetalX,Acier Inox 316L,1500.0,1499.53,101.3,212.2,RUN,49.1,2.11
2023-10-26 09:42:18,P-Usine_A-000106,LOT-104,AcierPro,Acier Inox 316L,1500.0,1499.81,95.5,226.6,RUN,48.4,3.1
2023-10-26 09:49:54,P-Usine_A-000107,LOT-104,AcierPro,Acier Inox 316L,1500.0,1500.36,99.9,205.8,RUN,45.2,2.84
2023-10-26 09:50:41,P-Usine_A-000108,LOT-101,AluBest,Acier Inox 316L,1500.0,1500.32,99.1,234.6,RUN,40.0,2.76
2023-10-26 09:51:29,P-Usine_A-000109,LOT-102,AcierPro,Acier Inox 316L,1500.0,1500.3,98.2,236.7,RUN,45.8,3.79
2023-10-26 09:49:12,P-Usine_A-000110,LOT-103,AcierPro,Acier Inox 316L,1500.0,1499.4,102.5,234.6,RUN,42.6,4.71
2023-10-26 09:56:05,P-Usine_A-000111,LOT-105,MetalX,Acier Inox 316L,1500.0,1499.63,101.4,207.8,RUN,44.3,4.93
2023-10-26 09:54:28,P-Usine_A-000112,LOT-100,AcierPro,Acier Inox 316L,1500.0,1499.95,100.3,230.4,RUN,45.8,3.59
2023-10-26 09:54:40,P-Usine_A-000113,LOT-100,AluBest,Acier Inox 316L,1500.0,1500.12,100.1,213.7,RUN,45.7,2.19
2023-10-26 09:59:29,P-Usine_A-000114,LOT-103,AluBest,Acier Inox 316L,1500.0,1500.58,96.6,218.8,RUN,45.3,4.25
2023-10-26 09:58:46,P-Usine_A-000115,LOT-100,AcierPro,Acier Inox 316L,1500.0,1500.44,96.4,209.5,RUN,40.7,3.43
2023-10-26 09:53:13,P-Usine_A-000116,LOT-102,MetalX,Acier Inox 316L,1500.0,1501.17,96.3,210.1,RUN,47.1,4.82
2023-10-26 09:56:28,P-Usine_A-000117,LOT-105,AluBest,Acier Inox 316L,1500.0,1500.09,95.6,243.9,RUN,40.7,3.86
2023-10-26 10:00:04,P-Usine_A-000118,LOT-100,AcierPro,Acier Inox 316L,1500.0,1500.08,104.9,232.1,RUN,49.2,2.69
2023-10-26 09:56:48,P-Usine_A-000119,LOT-102,MetalX,Acier Inox 316L,1500.0,1500.41,96.1,230.4,RUN,48.4,3.65
2023-10-26 09:56:39,P-Usine_A-000120,LOT-100,AcierPro,Acier Inox 316L,1500.0,1500.75,101.0,245.4,STOP,40.8,4.64
2023-10-26 10:00:57,P-Usine_A-000121,LOT-101,AcierPro,Acier Inox 316L,1500.0,1499.56,97.2,240.2,RUN,48.4,4.16
2023-10-26 10:03:50,P-Usine_A-000122,LOT-105,AcierPro,Acier Inox 316L,1500.0,1499.27,102.9,201.8,RUN,40.4,4.4
2023-10-26 10:03:51,P-Usine_A-000123,LOT-101,MetalX,Acier Inox 316L,1500.0,1500.05,98.5,204.0,RUN,49.9,3.71
2023-10-26 10:03:52,P-Usine_A-000124,LOT-101,AluBest,Acier Inox 316L,999.9,1500.73,102.3,248.6,RUN,44.3,4.02
2023-10-26 10:00:33,P-Usine_A-000125,LOT-105,AluBest,Acier Inox 316L,1500.0,1499.77,100.4,221.3,RUN,44.2,3.03
2023-10-26 10:08:41,P-Usine_A-000126,LOT-103,MetalX,Acier Inox 316L,1500.0,1499.72,96.6,231.7,RUN,40.4,3.73
2023-10-26 10:02:39,P-Usine_A-000127,LOT-103,MetalX,Acier Inox 316L,1500.0,1500.0,103.0,213.9,RUN,48.4,3.83
2023-10-26 10:09:57,P-Usine_A-000128,LOT-105,AcierPro,Acier Inox 316L,1500.0,1500.16,104.9,207.5,RUN,41.8,2.81
2023-10-26 10:12:27,P-Usine_A-000129,LOT-103,AluBest,Acier Inox 316L,1500.0,1500.29,97.3,226.5,RUN,48.4,4.44
2023-10-26 10:07:17,P-Usine_A-000130,LOT-105,AcierPro,Acier Inox 316L,1500.0,1499.91,102.4,238.6,RUN,47.2,3.56
2023-10-26 10:11:44,P-Usine_A-000131,LOT-104,AluBest,Acier Inox 316L,1500.0,1500.19,103.0,206.9,RUN,49.6,3.76
2023-10-26 10:17:10,,LOT-100,AluBest,Acier Inox 316L,1500.0,1500.61,95.5,229.1,RUN,40.6,2.13
2023-10-26 10:15:37,P-Usine_A-000133,LOT-104,AluBest,Acier Inox 316L,1500.0,1499.07,100.0,243.7,STOP,42.6,4.6
2023-10-26 10:15:01,P-Usine_A-000134,LOT-104,AcierPro,Acier Inox 316L,1500.0,1500.32,101.5,208.6,RUN,48.9,3.76
2023-10-26 10:11:19,P-Usine_A-000135,LOT-105,AcierPro,Acier Inox 316L,1500.0,1500.42,104.1,227.6,RUN,47.1,3.78
2023-10-26 10:20:01,P-Usine_A-000136,LOT-104,AcierPro,Acier Inox 316L,1500.0,1499.64,101.2,239.7,RUN,44.4,3.46
2023-10-26 10:21:55,P-Usine_A-000137,LOT-100,AcierPro,Acier Inox 316L,1500.0,1500.06,95.8,200.2,RUN,40.9,4.51
2023-10-26 10:22:26,P-Usine_A-000138,LOT-102,AcierPro,Acier Inox 316L,1500.0,1499.2,102.8,211.0,RUN,46.7,2.28
2023-10-26 10:21:45,P-Usine_A-000139,LOT-104,AluBest,Acier Inox 316L,1500.0,1500.08,98.8,211.5,RUN,47.0,3.1
2023-10-26 10:15:28,P-Usine_A-000140,LOT-104,AluBest,Acier Inox 316L,1500.0,1499.88,99.7,217.1,RUN,45.0,2.9
2023-10-26 10:25:07,P-Usine_A-000141,LOT-102,AluBest,Acier Inox 316L,1500.0,1500.07,97.0,204.7,RUN,49.4,2.38
2023-10-26 10:21:36,P-Usine_A-000142,LOT-101,AcierPro,Acier Inox 316L,1500.0,1500.12,96.4,207.5,RUN,44.8,4.49
2023-10-26 10:18:55,P-Usine_A-000143,LOT-104,AcierPro,Acier Inox 316L,1500.0,1499.41,100.6,220.1,RUN,49.4,4.69
2023-10-26 10:29:27,P-Usine_A-000144,LOT-101,MetalX,Acier Inox 316L,1500.0,1499.51,101.4,202.8,RUN,50.0,4.67
2023-10-26 10:24:44,P-Usine_A-000145,LOT-105,AluBest,Acier Inox 316L,1500.0,1499.3,96.4,204.0,RUN,49.9,2.28
2023-10-26 10:27:43,P-Usine_A-000146,LOT-102,AcierPro,Acier Inox 316L,1500.0,1500.67,100.4,220.7,RUN,43.0,3.38
2023-10-26 10:27:43,P-Usine_A-000146,LOT-102,AcierPro,Acier Inox 316L,1500.0,1500.67,100.4,220.7,RUN,43.0,3.38
2023-10-26 10:22:46,P-Usine_A-000147,LOT-101,AcierPro,Acier Inox 316L,1500.0,1499.81,98.5,223.4,RUN,46.0,2.2
2023-10-26 10:29:23,P-Usine_A-000148,LOT-102,MetalX,Acier Inox 316L,1500.0,1499.03,98.8,212.8,RUN,43.3,2.71
2023-10-26 10:29:42,P-Usine_A-000149,LOT-105,MetalX,Acier Inox 316L,1500.0,1499.72,95.2,238.8,RUN,44.2,4.49
2023-10-26 10:30:29,P-Usine_A-000150,LOT-104,AluBest,Acier Inox 316L,1500.0,1500.0,100.6,232.2,RUN,49.5,4.74
2023-10-26 10:27:40,P-Usine_A-000151,LOT-104,MetalX,Acier Inox 316L,1500.0,1498.48,105.0,228.5,RUN,47.5,3.06
2023-10-26 10:32:51,P-Usine_A-000152,LOT-104,AluBest,Acier Inox 316L,1500.0,1499.67,101.3,240.4,RUN,45.3,3.48
2023-10-26 10:29:29,P-Usine_A-000153,LOT-103,AluBest,Acier Inox 316L,1500.0,1499.99,96.6,239.7,RUN,48.3,4.26
2023-10-26 10:37:32,P-Usine_A-000154,LOT-102,AcierPro,Acier Inox 316L,1500.0,1500.42,104.8,224.7,RUN,44.2,3.14
2023-10-26 10:36:50,P-Usine_A-000155,LOT-101,AluBest,Acier Inox 316L,1500.0,1500.51,103.1,240.3,RUN,,4.58
2023-10-26 10:38:47,P-Usine_A-000156,LOT-102,AcierPro,Acier Inox 316L,1500.0,1500.67,101.1,225.3,RUN,40.6,4.71
2023-10-26 10:34:24,P-Usine_A-000157,LOT-101,AcierPro,Acier Inox 316L,1500.0,1499.39,102.2,207.1,STOP,46.9,3.24
2023-10-26 10:42:41,P-Usine_A-000158,LOT-100,AcierPro,Acier Inox 316L,1500.0,1500.19,99.5,239.5,RUN,44.5,2.42
2023-10-26 10:37:42,P-Usine_A-000159,LOT-101,AluBest,Acier Inox 316L,1500.0,1500.61,102.9,248.9,RUN,47.7,2.5
2023-10-26 10:39:38,P-Usine_A-000160,LOT-104,AcierPro,Acier Inox 316L,1500.0,1499.69,98.4,225.4,RUN,40.4,2.38
2023-10-26 10:44:01,P-Usine_A-000161,LOT-103,AcierPro,Acier Inox 316L,1500.0,1499.95,103.2,204.4,RUN,41.4,2.48
2023-10-26 10:41:23,P-Usine_A-000162,LOT-103,AluBest,Acier Inox 316L,1500.0,1499.86,98.4,225.2,RUN,45.9,2.94
2023-10-26 10:39:45,P-Usine_A-000163,LOT-104,AcierPro,Acier Inox 316L,1500.0,1499.67,102.0,244.6,RUN,47.5,2.4
2023-10-26 10:43:48,P-Usine_A-000164,LOT-100,AcierPro,Acier Inox 316L,1500.0,1499.71,101.8,241.8,RUN,45.7,2.88
2023-10-26 10:44:26,P-Usine_A-000165,LOT-103,AluBest,Acier Inox 316L,1500.0,1499.33,96.4,222.6,RUN,42.9,2.49
2023-10-26 10:49:53,P-Usine_A-000166,LOT-100,AcierPro,Acier Inox 316L,1500.0,1500.62,104.4,215.8,RUN,44.6,3.9
2023-10-26 10:48:38,P-Usine_A-000167,LOT-104,AluBest,Acier Inox 316L,1500.0,1499.68,104.9,228.0,RUN,41.7,4.45
2023-10-26 10:49:40,P-Usine_A-000168,LOT-103,AluBest,Acier Inox 316L,1500.0,1499.8,96.8,209.2,RUN,42.0,4.71
2023-10-26 10:53:26,P-Usine_A-000169,LOT-102,AcierPro,Acier Inox 316L,1500.0,1499.47,103.4,211.3,RUN,41.5,2.04
2023-10-26 10:50:29,P-Usine_A-000170,LOT-104,AluBest,Acier Inox 316L,1500.0,1499.94,98.8,215.7,RUN,48.2,3.86
2023-10-26 10:50:37,P-Usine_A-000171,LOT-105,AcierPro,Acier Inox 316L,1500.0,1500.43,95.3,232.9,RUN,42.1,4.91
2023-10-26 10:52:23,P-Usine_A-000172,LOT-102,AluBest,Acier Inox 316L,1500.0,1500.19,104.6,202.0,RUN,48.0,4.88
2023-10-26 10:52:13,P-Usine_A-000173,LOT-100,AluBest,Acier Inox 316L,1500.0,1500.68,95.3,218.7,RUN,40.8,4.14
2023-10-26 10:53:19,P-Usine_A-000174,LOT-103,AcierPro,Acier Inox 316L,1500.0,1499.34,96.8,204.5,RUN,46.1,4.93
2023-10-26 10:57:46,P-Usine_A-000175,LOT-104,MetalX,Acier Inox 316L,1500.0,1500.45,102.8,242.9,RUN,44.3,4.76
2023-10-26 11:00:11,P-Usine_A-000176,LOT-105,MetalX,Acier Inox 316L,1500.0,1500.19,99.2,248.2,RUN,45.5,2.24
2023-10-26 11:00:02,P-Usine_A-000177,LOT-105,MetalX,Acier Inox 316L,1500.0,1500.21,97.6,202.7,RUN,44.2,4.18
2023-10-26 10:57:46,P-Usine_A-000178,LOT-101,MetalX,Acier Inox 316L,1500.0,1499.99,100.6,244.4,RUN,42.1,3.94
2023-10-26 10:58:00,P-Usine_A-000179,LOT-100,MetalX,Acier Inox 316L,1500.0,1499.49,97.3,208.1,RUN,48.1,3.12
2023-10-26 10:57:43,P-Usine_A-000180,LOT-100,AcierPro,Acier Inox 316L,1500.0,1499.09,99.5,206.0,RUN,45.5,4.98
2023-10-26 11:04:21,P-Usine_A-000181,LOT-101,AluBest,Acier Inox 316L,1500.0,1499.32,98.1,226.4,RUN,40.1,2.89
2023-10-26 11:02:23,P-Usine_A-000182,LOT-102,AcierPro,Acier Inox 316L,1500.0,,98.7,219.0,RUN,47.5,4.72
2023-10-26 10:57:49,P-Usine_A-000183,LOT-102,AcierPro,Acier Inox 316L,1500.0,1499.81,102.8,211.4,RUN,44.7,999.9
2023-10-26 10:58:57,P-Usine_A-000184,LOT-101,999.9,Acier Inox 316L,1500.0,1500.59,98.8,242.7,RUN,43.1,4.95
2023-10-26 11:00:13,P-Usine_A-000185,LOT-104,AcierPro,Acier Inox 316L,1500.0,1499.28,96.4,247.4,RUN,41.5,4.37
2023-10-26 11:02:28,P-Usine_A-000186,LOT-101,MetalX,Acier Inox 316L,1500.0,1499.7,95.5,232.1,RUN,44.0,3.84
2023-10-26 11:06:59,P-Usine_A-000187,LOT-101,AluBest,Acier Inox 316L,1500.0,1499.18,99.5,201.9,RUN,48.4,4.94
2023-10-26 11:07:41,P-Usine_A-000188,LOT-104,MetalX,Acier Inox 316L,1500.0,1499.99,99.6,228.2,RUN,43.1,2.86
2023-10-26 11:05:39,P-Usine_A-000189,LOT-105,AcierPro,Acier Inox 316L,1500.0,1500.02,95.5,238.3,RUN,46.6,4.65
2023-10-26 11:05:39,P-Usine_A-000189,LOT-105,AcierPro,Acier Inox 316L,1500.0,1500.02,95.5,238.3,RUN,46.6,4.65
2023-10-26 11:04:42,P-Usine_A-000190,LOT-100,MetalX,Acier Inox 316L,1500.0,1500.03,96.1,225.0,RUN,49.0,2.59
2023-10-26 11:10:53,P-Usine_A-000191,LOT-101,AluBest,Acier Inox 316L,1500.0,1500.08,99.6,203.3,RUN,41.7,2.51
2023-10-26 11:13:54,P-Usine_A-000192,LOT-100,AcierPro,Acier Inox 316L,1500.0,1500.74,103.0,209.0,RUN,48.8,3.2
2023-10-26 11:07:52,P-Usine_A-000193,LOT-101,AcierPro,Acier Inox 316L,1500.0,1499.73,103.7,223.9,RUN,40.1,4.74
2023-10-26 11:10:16,P-Usine_A-000194,LOT-103,MetalX,Acier Inox 316L,1500.0,1499.87,100.4,249.6,RUN,41.9,2.26
2023-10-26 11:10:05,P-Usine_A-000195,LOT-103,MetalX,Acier Inox 316L,1500.0,1499.84,96.0,216.4,RUN,47.6,4.25
2023-10-26 11:19:54,P-Usine_A-000196,LOT-101,MetalX,Acier Inox 316L,1500.0,1500.43,103.8,235.5,RUN,42.9,3.18
2023-10-26 11:19:53,P-Usine_A-000197,LOT-105,MetalX,Acier Inox 316L,1500.0,1498.81,101.0,219.0,RUN,40.8,4.3
2023-10-26 11:15:00,P-Usine_A-000198,LOT-105,MetalX,Acier Inox 316L,1500.0,1500.13,98.6,224.5,RUN,41.6,3.0
2023-10-26 11:21:27,P-Usine_A-000199,LOT-105,AcierPro,Acier Inox 316L,1500.0,1499.3,97.7,242.1,RUN,42.0,4.19
2023-10-26 11:20:59,P-Usine_A-000200,LOT-102,AluBest,Acier Inox 316L,1500.0,1499.86,104.2,235.1,RUN,44.7,4.46
2023-10-26 11:16:24,P-Usine_A-000201,LOT-100,AcierPro,Acier Inox 316L,1500.0,1500.07,104.1,232.2,RUN,47.9,2.03
2023-10-26 11:25:57,P-Usine_A-000202,LOT-100,AluBest,Acier Inox 316L,1500.0,1499.87,102.2,231.3,RUN,45.6,2.34
2023-10-26 11:18:03,P-Usine_A-000203,LOT-101,AluBest,Acier Inox 316L,1500.0,1500.31,99.2,202.9,RUN,49.7,2.36
2023-10-26 11:25:48,P-Usine_A-000204,LOT-105,AluBest,Acier Inox 316L,1500.0,1500.73,102.3,232.8,RUN,40.5,2.15
2023-10-26 11:23:28,P-Usine_A-000205,LOT-101,AcierPro,Acier Inox 316L,1500.0,1500.59,96.0,201.7,RUN,47.6,4.57
2023-10-26 11:22:02,P-Usine_A-000206,LOT-105,MetalX,Acier Inox 316L,1500.0,1499.54,95.0,203.9,RUN,42.9,3.09
2023-10-26 11:30:23,P-Usine_A-000207,LOT-102,AcierPro,Acier Inox 316L,1500.0,1500.12,101.6,241.6,RUN,44.1,2.55
2023-10-26 11:30:38,P-Usine_A-000208,LOT-103,MetalX,Acier Inox 316L,1500.0,1500.5,103.6,240.5,RUN,47.5,4.38
2023-10-26 11:32:52,P-Usine_A-000209,LOT-102,MetalX,Acier Inox 316L,1500.0,1500.74,100.4,209.3,RUN,45.9,2.19
2023-10-26 11:27:00,P-Usine_A-000210,LOT-102,AluBest,Acier Inox 316L,1500.0,1499.75,98.4,236.6,RUN,42.3,2.81
2023-10-26 11:30:22,P-Usine_A-000211,LOT-104,AcierPro,Acier Inox 316L,1500.0,1499.62,99.8,222.7,RUN,46.3,2.89
2023-10-26 11:34:40,P-Usine_A-000212,LOT-105,AcierPro,Acier Inox 316L,1500.0,1499.27,95.0,225.9,RUN,42.6,3.93
2023-10-26 11:30:20,P-Usine_A-000213,LOT-100,MetalX,Acier Inox 316L,1500.0,1500.88,103.6,223.0,RUN,40.5,4.29
2023-10-26 11:36:36,P-Usine_A-000214,LOT-103,MetalX,Acier Inox 316L,1500.0,1498.71,102.3,236.4,RUN,44.2,4.69
2023-10-26 11:39:02,P-Usine_A-000215,LOT-104,AluBest,Acier Inox 316L,1500.0,1499.79,97.9,222.9,RUN,45.3,2.98
2023-10-26 11:33:49,P-Usine_A-000216,LOT-100,AluBest,Acier Inox 316L,1500.0,1499.26,97.2,215.6,RUN,49.1,4.55
2023-10-26 11:40:42,P-Usine_A-000217,LOT-101,AcierPro,Acier Inox 316L,1500.0,1499.24,95.3,234.6,RUN,42.1,2.59
2023-10-26 11:41:57,P-Usine_A-000218,LOT-104,AluBest,Acier Inox 316L,1500.0,1500.32,100.8,226.1,RUN,42.9,
2023-10-26 11:34:44,P-Usine_A-000219,LOT-102,AluBest,Acier Inox 316L,1500.0,1499.35,104.9,219.8,RUN,41.3,3.5
2023-10-26 11:44:00,P-Usine_A-000220,LOT-100,AluBest,Acier Inox 316L,1500.0,1500.34,101.6,235.4,RUN,42.0,4.11
2023-10-26 11:45:35,P-Usine_A-000221,LOT-104,MetalX,Acier Inox 316L,1500.0,1499.89,96.9,222.1,RUN,41.0,4.45
2023-10-26 11:46:31,P-Usine_A-000222,LOT-104,MetalX,Acier Inox 316L,1500.0,1499.66,95.7,239.9,RUN,49.9,2.63
2023-10-26 11:44:16,P-Usine_A-000223,LOT-101,MetalX,999.9,1500.0,1499.76,101.8,206.1,RUN,45.0,2.26
2023-10-26 11:42:44,P-Usine_A-000224,LOT-101,AcierPro,Acier Inox 316L,1500.0,1500.44,98.7,229.3,RUN,40.3,2.95
2023-10-26 11:46:13,P-Usine_A-000225,LOT-104,AcierPro,Acier Inox 316L,1500.0,1499.77,97.9,213.4,RUN,40.7,3.37
2023-10-26 11:43:35,P-Usine_A-000226,LOT-102,AcierPro,Acier Inox 316L,1500.0,1499.23,95.1,244.6,RUN,40.1,2.93
2023-10-26 11:47:21,P-Usine_A-000227,LOT-103,AcierPro,Acier Inox 316L,1500.0,1499.07,97.1,214.6,RUN,49.3,2.61
2023-10-26 11:45:06,P-Usine_A-000228,LOT-103,AluBest,Acier Inox 316L,1500.0,1499.79,97.2,228.8,RUN,46.2,4.05
2023-10-26 11:50:37,P-Usine_A-000229,LOT-104,AcierPro,Acier Inox 316L,1500.0,1500.22,97.6,232.8,RUN,45.2,4.13
2023-10-26 11:53:15,P-Usine_A-000230,LOT-100,MetalX,Acier Inox 316L,1500.0,1499.43,97.8,206.5,RUN,41.7,4.13
2023-10-26 11:47:39,P-Usine_A-000231,LOT-101,AcierPro,Acier Inox 316L,1500.0,1500.37,95.3,247.8,RUN,46.2,3.02
2023-10-26 11:48:38,P-Usine_A-000232,LOT-100,MetalX,999.9,1500.0,1500.06,100.6,246.2,RUN,43.2,4.15
2023-10-26 11:53:04,P-Usine_A-000233,LOT-102,MetalX,Acier Inox 316L,1500.0,1499.84,100.3,225.2,RUN,41.3,2.87
2023-10-26 11:53:04,P-Usine_A-000234,LOT-102,AcierPro,Acier Inox 316L,1500.0,1499.55,97.6,245.6,RUN,43.6,4.64
2023-10-26 11:51:38,P-Usine_A-000235,LOT-101,AcierPro,Acier Inox 316L,1500.0,1500.46,96.2,230.6,RUN,999.9,3.28
2023-10-26 11:55:26,P-Usine_A-000236,LOT-102,MetalX,Acier Inox 316L,1500.0,1500.47,96.7,215.6,RUN,41.4,4.36
2023-10-26 11:55:45,P-Usine_A-000237,LOT-100,MetalX,Acier Inox 316L,1500.0,1499.91,97.0,206.4,RUN,46.9,4.85
2023-10-26 12:01:20,P-Usine_A-000238,LOT-104,AluBest,Acier Inox 316L,1500.0,1499.06,95.8,208.6,RUN,42.6,3.09
2023-10-26 11:59:50,P-Usine_A-000239,LOT-100,AluBest,Acier Inox 316L,1500.0,1500.46,103.2,209.3,RUN,42.6,4.22
2023-10-26 12:02:15,P-Usine_A-000240,LOT-105,AcierPro,Acier Inox 316L,1500.0,1499.93,104.3,202.3,RUN,45.3,4.68
2023-10-26 11:57:02,P-Usine_A-000241,LOT-103,MetalX,Acier Inox 316L,1500.0,1499.69,96.8,238.7,RUN,45.0,2.92
2023-10-26 11:58:17,P-Usine_A-000242,LOT-105,AcierPro,Acier Inox 316L,1500.0,1501.03,97.2,203.4,RUN,42.1,2.72
2023-10-26 11:59:02,P-Usine_A-000243,LOT-100,MetalX,Acier Inox 316L,1500.0,1498.91,101.9,221.5,RUN,42.5,4.71
2023-10-26 12:02:07,P-Usine_A-000244,LOT-102,MetalX,Acier Inox 316L,1500.0,1499.77,102.0,238.6,RUN,47.9,4.26
2023-10-26 12:01:44,P-Usine_A-000245,LOT-101,AluBest,Acier Inox 316L,1500.0,1499.59,103.1,243.1,RUN,48.7,4.28
2023-10-26 12:01:38,P-Usine_A-000246,LOT-103,MetalX,Acier Inox 316L,1500.0,1500.48,101.6,232.1,RUN,49.1,3.19
2023-10-26 12:06:04,P-Usine_A-000247,LOT-103,AcierPro,Acier Inox 316L,1500.0,1499.87,97.9,205.5,RUN,41.5,3.4
2023-10-26 12:08:21,P-Usine_A-000248,LOT-103,MetalX,Acier Inox 316L,1500.0,1500.29,104.2,217.2,STOP,44.7,3.96
2023-10-26 12:10:52,P-Usine_A-000249,LOT-103,AluBest,Acier Inox 316L,1500.0,1501.14,101.1,217.1,RUN,41.0,3.61
2023-10-26 12:09:25,P-Usine_A-000250,LOT-103,AcierPro,Acier Inox 316L,1500.0,1500.19,98.1,217.2,RUN,47.2,2.64
2023-10-26 12:14:35,P-Usine_A-000251,LOT-100,AcierPro,Acier Inox 316L,1500.0,1499.5,104.6,241.6,RUN,48.2,4.4
2023-10-26 12:08:27,P-Usine_A-000252,LOT-102,AluBest,Acier Inox 316L,1500.0,1500.24,103.9,237.0,RUN,46.3,4.35
2023-10-26 12:17:07,P-Usine_A-000253,LOT-104,AcierPro,Acier Inox 316L,1500.0,1500.68,101.8,210.5,STOP,44.2,3.77
2023-10-26 12:17:22,P-Usine_A-000254,LOT-104,AluBest,Acier Inox 316L,1500.0,1500.09,104.0,233.1,RUN,45.4,2.76
2023-10-26 12:11:08,P-Usine_A-000255,LOT-104,AluBest,Acier Inox 316L,1500.0,1499.47,98.6,225.9,RUN,44.7,3.43
2023-10-26 12:14:26,P-Usine_A-000256,LOT-103,MetalX,Acier Inox 316L,1500.0,1500.14,99.9,217.6,RUN,46.2,3.27
2023-10-26 12:14:30,P-Usine_A-000257,LOT-101,AluBest,Acier Inox 316L,1500.0,1500.58,98.7,235.4,RUN,49.2,4.57
2023-10-26 12:12:49,P-Usine_A-000258,LOT-105,MetalX,Acier Inox 316L,1500.0,1499.81,102.7,216.4,RUN,49.2,2.71
2023-10-26 12:13:27,P-Usine_A-000259,LOT-100,AcierPro,Acier Inox 316L,1500.0,1499.59,97.2,246.4,RUN,46.1,4.02
2023-10-26 12:24:02,P-Usine_A-000260,LOT-101,AluBest,Acier Inox 316L,1500.0,1500.69,103.8,217.9,RUN,46.5,2.12
2023-10-26 12:19:39,P-Usine_A-000261,LOT-103,AcierPro,Acier Inox 316L,1500.0,1500.1,103.3,248.2,RUN,47.6,3.74
2023-10-26 12:23:20,P-Usine_A-000262,LOT-103,AluBest,Acier Inox 316L,1500.0,1499.88,95.3,232.4,RUN,40.3,2.7
2023-10-26 12:23:20,P-Usine_A-000262,LOT-103,AluBest,Acier Inox 316L,1500.0,1499.88,95.3,232.4,RUN,40.3,2.7
2023-10-26 12:18:22,P-Usine_A-000263,LOT-101,MetalX,Acier Inox 316L,1500.0,1499.94,99.0,223.3,RUN,40.5,4.87
2023-10-26 12:24:17,P-Usine_A-000264,LOT-101,AluBest,Acier Inox 316L,1500.0,1500.55,101.5,232.6,RUN,47.8,2.17
2023-10-26 12:24:44,P-Usine_A-000265,LOT-103,AcierPro,Acier Inox 316L,1500.0,1500.5,95.4,229.4,RUN,46.1,2.23
2023-10-26 12:25:03,P-Usine_A-000266,LOT-100,AcierPro,Acier Inox 316L,1500.0,1500.21,99.7,248.2,RUN,48.2,3.32
2023-10-26 12:27:54,P-Usine_A-000267,LOT-102,MetalX,Acier Inox 316L,1500.0,1500.09,95.8,220.8,RUN,41.5,2.91
2023-10-26 12:30:56,P-Usine_A-000268,LOT-103,MetalX,Acier Inox 316L,1500.0,1499.92,104.0,226.4,RUN,48.0,4.6
2023-10-26 12:32:57,P-Usine_A-000269,LOT-100,AluBest,Acier Inox 316L,1500.0,1499.35,95.9,232.9,RUN,40.9,4.9
2023-10-26 12:24:13,P-Usine_A-000270,LOT-101,MetalX,Acier Inox 316L,1500.0,1499.59,99.2,208.4,RUN,49.6,4.25
2023-10-26 12:29:52,P-Usine_A-000271,LOT-104,MetalX,Acier Inox 316L,1500.0,1500.5,98.7,247.3,RUN,42.1,2.86
2023-10-26 12:34:42,P-Usine_A-000272,LOT-104,AcierPro,Acier Inox 316L,1500.0,1499.49,100.9,221.5,RUN,40.3,4.53
2023-10-26 12:28:46,P-Usine_A-000273,LOT-103,MetalX,Acier Inox 316L,1500.0,1499.75,100.5,218.2,RUN,42.8,2.69
2023-10-26 12:37:51,P-Usine_A-000274,LOT-105,AluBest,Acier Inox 316L,1500.0,1499.89,104.9,248.8,RUN,43.7,4.29
2023-10-26 12:38:50,P-Usine_A-000275,LOT-102,AcierPro,Acier Inox 316L,1500.0,1499.64,104.4,206.9,RUN,47.9,4.76
2023-10-26 12:31:23,P-Usine_A-000276,LOT-101,MetalX,Acier Inox 316L,1500.0,1499.33,100.4,246.7,RUN,44.8,4.0
2023-10-26 12:32:21,P-Usine_A-000277,LOT-101,AluBest,Acier Inox 316L,,1500.27,104.2,213.6,RUN,48.5,2.02
2023-10-26 12:39:06,P-Usine_A-000278,LOT-102,AcierPro,Acier Inox 316L,1500.0,1499.78,98.4,241.5,RUN,42.2,4.07
2023-10-26 12:42:09,P-Usine_A-000279,LOT-101,AluBest,Acier Inox 316L,1500.0,1500.09,104.7,211.1,RUN,47.2,3.91
2023-10-26 12:43:32,P-Usine_A-000280,LOT-104,MetalX,Acier Inox 316L,1500.0,1499.81,103.3,203.7,RUN,48.7,2.13
2023-10-26 12:35:57,P-Usine_A-000281,LOT-102,AluBest,Acier Inox 316L,1500.0,1500.12,102.6,221.2,RUN,44.2,4.75
2023-10-26 12:39:17,P-Usine_A-000282,LOT-105,AluBest,Acier Inox 316L,1500.0,1499.98,95.1,212.6,RUN,40.8,3.79
2023-10-26 12:40:01,P-Usine_A-000283,LOT-103,AcierPro,Acier Inox 316L,1500.0,1499.62,97.3,201.8,RUN,49.1,3.29
2023-10-26 12:43:56,P-Usine_A-000284,LOT-102,AcierPro,Acier Inox 316L,1500.0,1500.03,95.9,232.7,RUN,41.4,3.62
2023-10-26 12:47:11,P-Usine_A-000285,LOT-103,AluBest,Acier Inox 316L,1500.0,1498.87,98.1,223.8,RUN,47.0,3.56
2023-10-26 12:48:15,P-Usine_A-000286,LOT-101,AluBest,Acier Inox 316L,1500.0,1499.96,95.8,247.0,RUN,42.6,2.67
2023-10-26 12:50:56,P-Usine_A-000287,LOT-104,AluBest,Acier Inox 316L,1500.0,1499.48,95.3,244.7,RUN,48.6,2.72
2023-10-26 12:50:09,P-Usine_A-000288,LOT-101,AcierPro,Acier Inox 316L,1500.0,1500.37,102.3,203.8,RUN,41.2,4.09
2023-10-26 12:52:10,P-Usine_A-000289,LOT-100,MetalX,Acier Inox 316L,1500.0,1500.86,101.4,225.5,RUN,45.9,2.05
2023-10-26 12:50:49,P-Usine_A-000290,LOT-104,AcierPro,Acier Inox 316L,1500.0,1499.86,101.7,225.0,RUN,45.3,3.22
2023-10-26 12:46:54,P-Usine_A-000291,LOT-104,MetalX,Acier Inox 316L,1500.0,1499.54,100.8,223.0,RUN,42.1,3.19
2023-10-26 12:56:01,P-Usine_A-000292,LOT-101,AcierPro,Acier Inox 316L,1500.0,1500.15,102.0,244.2,RUN,43.5,3.21
2023-10-26 12:48:23,P-Usine_A-000293,LOT-104,AcierPro,Acier Inox 316L,1500.0,1499.44,95.9,227.7,RUN,44.3,4.48
2023-10-26 12:56:38,P-Usine_A-000294,LOT-102,MetalX,Acier Inox 316L,1500.0,1499.69,95.6,219.9,RUN,40.0,4.49
2023-10-26 12:57:48,P-Usine_A-000295,LOT-102,AluBest,Acier Inox 316L,1500.0,1499.95,98.5,228.4,RUN,49.8,3.55
2023-10-26 12:53:52,P-Usine_A-000296,LOT-103,AluBest,Acier Inox 316L,1500.0,1500.46,104.8,219.7,RUN,42.2,3.69
2023-10-26 12:53:00,P-Usine_A-000297,LOT-102,AcierPro,Acier Inox 316L,1500.0,1499.61,98.5,221.1,RUN,47.8,4.62
2023-10-26 13:01:29,P-Usine_A-000298,LOT-102,MetalX,Acier Inox 316L,1500.0,1499.37,97.0,231.2,STOP,47.0,4.46
2023-10-26 13:00:49,P-Usine_A-000299,LOT-102,AcierPro,Acier Inox 316L,1500.0,1499.98,98.8,217.8,RUN,45.9,4.2
2023-10-26 12:57:56,P-Usine_A-000300,LOT-103,MetalX,Acier Inox 316L,1500.0,1500.69,102.3,233.7,STOP,40.4,4.38
2023-10-26 13:01:01,P-Usine_A-000301,LOT-101,AluBest,Acier Inox 316L,1500.0,1499.59,103.7,204.3,RUN,40.5,2.63
,P-Usine_A-000302,LOT-104,AcierPro,Acier Inox 316L,1500.0,1499.62,98.0,242.6,RUN,47.1,4.1
2023-10-26 13:04:45,P-Usine_A-000303,LOT-104,AluBest,Acier Inox 316L,1500.0,1500.5,104.5,219.1,RUN,49.4,2.91
2023-10-26 12:58:34,P-Usine_A-000304,LOT-104,AluBest,Acier Inox 316L,1500.0,1500.11,98.8,220.7,RUN,48.8,2.57
2023-10-26 13:05:08,P-Usine_A-000305,LOT-105,999.9,Acier Inox 316L,1500.0,1499.76,102.0,202.6,RUN,49.1,2.81
2023-10-26 13:03:54,P-Usine_A-000306,LOT-104,AluBest,Acier Inox 316L,1500.0,1499.66,100.1,229.7,RUN,41.7,2.67
2023-10-26 13:02:59,P-Usine_A-000307,LOT-103,AluBest,Acier Inox 316L,1500.0,1499.76,99.8,207.1,RUN,49.4,3.44
2023-10-26 13:11:57,P-Usine_A-000308,LOT-104,AcierPro,Acier Inox 316L,1500.0,1500.24,97.2,224.0,RUN,41.4,2.57
2023-10-26 13:12:57,P-Usine_A-000309,LOT-100,MetalX,Acier Inox 316L,1500.0,1500.36,99.1,218.8,RUN,45.0,3.26
2023-10-26 13:11:38,P-Usine_A-000310,LOT-102,AcierPro,Acier Inox 316L,1500.0,1500.31,101.5,999.9,RUN,45.4,4.81
2023-10-26 13:13:34,P-Usine_A-000311,LOT-105,AcierPro,Acier Inox 316L,1500.0,1499.65,103.2,216.0,RUN,42.3,2.42
2023-10-26 13:09:10,P-Usine_A-000312,LOT-100,AluBest,Acier Inox 316L,1500.0,1499.95,103.5,248.5,RUN,41.6,4.1
2023-10-26 13:09:52,P-Usine_A-000313,LOT-104,AcierPro,Acier Inox 316L,1500.0,1500.25,96.4,212.9,RUN,48.7,2.77
2023-10-26 13:09:17,P-Usine_A-000314,LOT-102,AluBest,Acier Inox 316L,1500.0,1500.49,100.8,213.8,RUN,48.2,3.94
2023-10-26 13:18:22,P-Usine_A-000315,LOT-100,,Acier Inox 316L,1500.0,1500.77,101.2,229.1,RUN,46.6,2.55
2023-10-26 13:18:13,P-Usine_A-000316,LOT-100,MetalX,Acier Inox 316L,1500.0,1500.13,104.8,245.9,RUN,40.9,4.51
2023-10-26 13:17:07,P-Usine_A-000317,LOT-101,AcierPro,Acier Inox 316L,1500.0,1499.63,103.0,229.2,RUN,46.6,4.56
2023-10-26 13:14:49,P-Usine_A-000318,LOT-101,AcierPro,Acier Inox 316L,1500.0,1500.09,100.7,211.7,RUN,45.8,3.61
2023-10-26 13:14:49,P-Usine_A-000318,LOT-101,AcierPro,Acier Inox 316L,1500.0,1500.09,100.7,211.7,RUN,45.8,3.61
2023-10-26 13:14:30,P-Usine_A-000319,LOT-105,MetalX,Acier Inox 316L,1500.0,1500.05,98.7,243.1,RUN,46.7,4.5
2023-10-26 13:15:58,P-Usine_A-000320,LOT-102,MetalX,Acier Inox 316L,1500.0,1499.36,95.5,220.1,RUN,49.2,4.47
2023-10-26 13:17:09,P-Usine_A-000321,LOT-101,MetalX,Acier Inox 316L,1500.0,1500.38,100.6,247.3,RUN,45.0,2.39
2023-10-26 13:17:43,P-Usine_A-000322,LOT-100,AcierPro,Acier Inox 316L,1500.0,1500.53,103.4,227.7,RUN,43.8,3.09
2023-10-26 13:18:55,P-Usine_A-000323,LOT-103,AluBest,Acier Inox 316L,1500.0,1499.58,104.8,238.5,RUN,45.3,2.99
2023-10-26 13:20:55,P-Usine_A-000324,LOT-101,AcierPro,Acier Inox 316L,1500.0,1499.7,100.7,223.0,RUN,42.1,4.44
2023-10-26 13:29:29,P-Usine_A-000325,LOT-103,AluBest,Acier Inox 316L,1500.0,1500.8,98.1,238.5,RUN,49.2,4.32
2023-10-26 13:26:00,P-Usine_A-000326,LOT-105,AluBest,Acier Inox 316L,1500.0,1499.96,101.4,224.6,RUN,43.0,3.56
2023-10-26 13:32:04,P-Usine_A-000327,LOT-103,AluBest,Acier Inox 316L,1500.0,1501.57,96.4,239.6,RUN,45.6,4.15
2023-10-26 13:32:04,P-Usine_A-000327,LOT-103,AluBest,Acier Inox 316L,1500.0,1501.57,96.4,239.6,RUN,45.6,4.15
2023-10-26 13:31:33,P-Usine_A-000328,LOT-105,AcierPro,Acier Inox 316L,1500.0,1499.77,100.3,206.8,RUN,49.1,4.81
2023-10-26 13:25:10,P-Usine_A-000329,LOT-101,MetalX,Acier Inox 316L,1500.0,1499.05,103.7,215.9,RUN,47.2,2.54
2023-10-26 13:26:43,P-Usine_A-000330,LOT-101,AcierPro,Acier Inox 316L,1500.0,1499.53,95.1,201.4,RUN,47.1,2.34
2023-10-26 13:31:47,P-Usine_A-000331,LOT-102,MetalX,Acier Inox 316L,1500.0,1499.63,101.3,200.9,RUN,40.8,3.08
2023-10-26 13:31:48,P-Usine_A-000332,LOT-101,MetalX,Acier Inox 316L,1500.0,1500.08,97.8,245.0,RUN,46.6,3.58
2023-10-26 13:33:47,P-Usine_A-000333,LOT-104,MetalX,Acier Inox 316L,1500.0,1500.79,101.6,235.4,RUN,41.2,4.4
2023-10-26 13:35:29,P-Usine_A-000334,LOT-103,MetalX,Acier Inox 316L,1500.0,1500.21,100.3,204.0,RUN,48.4,2.84
2023-10-26 13:37:25,P-Usine_A-000335,LOT-103,AluBest,Acier Inox 316L,1500.0,1500.05,95.9,224.8,RUN,42.7,3.45
2023-10-26 13:36:36,P-Usine_A-000336,LOT-102,AluBest,Acier Inox 316L,1500.0,1499.98,100.0,225.4,RUN,42.4,2.5
2023-10-26 13:36:24,P-Usine_A-000337,LOT-105,AcierPro,Acier Inox 316L,1500.0,1499.27,99.9,205.4,RUN,47.2,4.1
2023-10-26 13:35:29,P-Usine_A-000338,LOT-103,AluBest,Acier Inox 316L,1500.0,1498.69,104.0,221.8,RUN,49.5,3.98
2023-10-26 13:36:38,P-Usine_A-000339,LOT-102,AluBest,Acier Inox 316L,1500.0,1500.66,97.1,207.7,RUN,42.2,999.9
2023-10-26 13:40:49,P-Usine_A-000340,LOT-103,AluBest,Acier Inox 316L,1500.0,1499.36,96.6,230.3,RUN,46.2,3.32
2023-10-26 13:42:40,P-Usine_A-000341,LOT-101,MetalX,Acier Inox 316L,1500.0,1499.94,101.3,222.3,RUN,45.5,4.56
2023-10-26 13:42:07,P-Usine_A-000342,LOT-105,MetalX,Acier Inox 316L,1500.0,1499.34,105.0,239.4,RUN,47.0,2.96
2023-10-26 13:46:09,P-Usine_A-000343,LOT-103,MetalX,Acier Inox 316L,1500.0,1500.41,96.5,204.8,RUN,47.5,3.27
2023-10-26 13:43:17,P-Usine_A-000344,LOT-103,AcierPro,Acier Inox 316L,1500.0,1499.69,102.5,243.5,RUN,49.2,3.52
2023-10-26 13:49:36,P-Usine_A-000345,LOT-103,MetalX,Acier Inox 316L,1500.0,1499.82,100.3,228.2,RUN,41.5,2.44
2023-10-26 13:50:37,P-Usine_A-000346,LOT-101,MetalX,Acier Inox 316L,1500.0,1500.2,100.0,241.9,RUN,48.3,3.81
2023-10-26 13:51:23,P-Usine_A-000347,LOT-102,AcierPro,Acier Inox 316L,1500.0,1499.46,102.7,220.0,STOP,44.1,2.06
2023-10-26 13:48:16,P-Usine_A-000348,LOT-101,AluBest,Acier Inox 316L,1500.0,1499.78,102.1,220.5,RUN,48.3,2.6
2023-10-26 13:50:12,P-Usine_A-000349,LOT-105,AluBest,Acier Inox 316L,1500.0,1500.43,100.1,223.8,RUN,46.3,2.73
2023-10-26 13:53:06,P-Usine_A-000350,LOT-102,MetalX,Acier Inox 316L,1500.0,1499.52,97.2,225.2,RUN,49.6,3.1
2023-10-26 13:50:49,P-Usine_A-000351,LOT-102,AcierPro,Acier Inox 316L,1500.0,1499.57,101.2,216.5,RUN,41.7,3.2
2023-10-26 13:52:19,P-Usine_A-000352,LOT-100,MetalX,Acier Inox 316L,1500.0,1499.39,104.2,223.4,RUN,48.9,4.47
2023-10-26 13:50:13,P-Usine_A-000353,LOT-102,MetalX,Acier Inox 316L,1500.0,1500.49,102.5,234.6,RUN,48.8,3.09
2023-10-26 13:54:12,P-Usine_A-000354,LOT-103,AluBest,Acier Inox 316L,1500.0,1500.12,103.0,221.7,RUN,47.6,4.52
2023-10-26 13:51:10,P-Usine_A-000355,LOT-103,AluBest,Acier Inox 316L,1500.0,1501.1,100.1,247.2,RUN,46.5,2.46
2023-10-26 13:51:04,P-Usine_A-000356,LOT-104,MetalX,Acier Inox 316L,1500.0,1500.02,97.5,247.3,RUN,44.0,2.39
2023-10-26 14:00:28,P-Usine_A-000357,LOT-100,MetalX,Acier Inox 316L,1500.0,1500.22,97.1,229.8,RUN,40.8,4.78
2023-10-26 13:59:59,P-Usine_A-000358,LOT-104,MetalX,Acier Inox 316L,1500.0,1499.94,98.6,224.5,RUN,42.8,3.76
2023-10-26 14:01:36,P-Usine_A-000359,LOT-102,AluBest,Acier Inox 316L,1500.0,1500.23,99.2,210.2,RUN,48.1,4.22
2023-10-26 13:56:22,P-Usine_A-000360,LOT-104,AcierPro,Acier Inox 316L,1500.0,1500.78,100.2,211.6,RUN,48.0,2.07
2023-10-26 14:03:09,P-Usine_A-000361,LOT-104,AcierPro,Acier Inox 316L,1500.0,1499.37,103.8,243.7,RUN,41.3,2.55
2023-10-26 14:00:56,P-Usine_A-000362,LOT-101,AcierPro,Acier Inox 316L,1500.0,1499.72,99.4,248.2,RUN,43.6,4.24
2023-10-26 13:59:51,P-Usine_A-000363,LOT-101,MetalX,Acier Inox 316L,1500.0,1499.79,99.6,200.1,RUN,45.2,3.6
2023-10-26 14:04:25,P-Usine_A-000364,LOT-103,AcierPro,Acier Inox 316L,1500.0,1499.6,97.4,201.0,RUN,45.2,2.1
2023-10-26 14:09:20,P-Usine_A-000365,LOT-100,AcierPro,Acier Inox 316L,1500.0,1500.11,102.9,216.7,RUN,41.0,2.91
2023-10-26 14:04:49,P-Usine_A-000366,LOT-104,MetalX,Acier Inox 316L,1500.0,1499.83,104.8,222.7,RUN,49.4,2.42
2023-10-26 14:06:13,P-Usine_A-000367,LOT-104,AluBest,Acier Inox 316L,1500.0,1500.24,100.5,227.7,RUN,46.9,2.33
2023-10-26 14:06:13,P-Usine_A-000367,LOT-104,AluBest,Acier Inox 316L,1500.0,1500.24,100.5,227.7,RUN,46.9,2.33
2023-10-26 14:05:15,P-Usine_A-000368,LOT-100,AluBest,Acier Inox 316L,1500.0,1500.64,98.1,207.1,RUN,48.3,3.43
2023-10-26 14:10:58,P-Usine_A-000369,LOT-100,MetalX,Acier Inox 316L,1500.0,1501.22,99.6,226.4,RUN,49.5,3.05
2023-10-26 14:12:33,P-Usine_A-000370,LOT-101,AluBest,Acier Inox 316L,1500.0,1499.37,96.5,218.5,STOP,45.7,2.87
2023-10-26 14:06:37,P-Usine_A-000371,LOT-104,AcierPro,Acier Inox 316L,1500.0,1500.17,95.6,241.7,RUN,49.5,3.49
2023-10-26 14:09:14,P-Usine_A-000372,LOT-100,MetalX,Acier Inox 316L,1500.0,1500.46,96.3,209.9,RUN,41.4,3.38
2023-10-26 14:12:34,P-Usine_A-000373,LOT-102,MetalX,Acier Inox 316L,1500.0,1501.36,99.3,220.5,RUN,47.0,4.78
2023-10-26 14:11:22,P-Usine_A-000374,LOT-100,MetalX,Acier Inox 316L,1500.0,1500.51,98.0,224.7,RUN,42.2,4.4
2023-10-26 14:18:45,P-Usine_A-000375,LOT-105,999.9,Acier Inox 316L,1500.0,1500.54,95.3,238.7,RUN,44.4,2.68
2023-10-26 14:14:05,P-Usine_A-000376,LOT-105,AcierPro,Acier Inox 316L,1500.0,1500.57,96.4,248.3,RUN,43.5,4.03
2023-10-26 14:21:00,P-Usine_A-000377,LOT-103,AcierPro,Acier Inox 316L,1500.0,1500.48,100.2,202.0,RUN,49.3,3.1
2023-10-26 14:20:07,P-Usine_A-000378,LOT-103,AluBest,Acier Inox 316L,1500.0,1500.16,103.2,234.4,RUN,43.1,2.67
2023-10-26 14:18:14,P-Usine_A-000379,LOT-100,MetalX,Acier Inox 316L,1500.0,1500.88,104.1,250.0,RUN,45.9,3.01
2023-10-26 14:22:09,P-Usine_A-000380,LOT-102,AcierPro,Acier Inox 316L,1500.0,1501.17,104.7,,RUN,49.5,3.63
2023-10-26 14:24:27,P-Usine_A-000381,LOT-105,AluBest,Acier Inox 316L,1500.0,1500.18,95.5,209.7,RUN,47.5,3.63
2023-10-26 14:18:23,P-Usine_A-000382,LOT-101,MetalX,Acier Inox 316L,1500.0,1500.24,97.7,241.8,RUN,40.6,2.82
2023-10-26 14:24:08,P-Usine_A-000383,LOT-105,AluBest,Acier Inox 316L,1500.0,1499.96,100.6,209.6,RUN,47.5,3.28
2023-10-26 14:18:15,P-Usine_A-000384,LOT-105,AcierPro,Acier Inox 316L,1500.0,1499.85,97.7,247.6,RUN,44.3,4.89
2023-10-26 14:27:53,P-Usine_A-000385,LOT-101,MetalX,Acier Inox 316L,1500.0,1500.44,98.6,200.5,RUN,49.5,3.01
2023-10-26 14:29:02,P-Usine_A-000386,LOT-103,AcierPro,Acier Inox 316L,1500.0,1499.4,99.6,241.9,RUN,42.0,4.19
2023-10-26 14:21:58,P-Usine_A-000387,LOT-103,AluBest,Acier Inox 316L,1500.0,1500.53,102.8,208.6,STOP,44.1,2.33
2023-10-26 14:21:58,P-Usine_A-000387,LOT-103,AluBest,Acier Inox 316L,1500.0,1500.53,102.8,208.6,STOP,44.1,2.33
2023-10-26 14:32:27,P-Usine_A-000388,LOT-105,MetalX,Acier Inox 316L,1500.0,1499.95,95.5,231.8,RUN,49.6,3.08
2023-10-26 14:27:26,P-Usine_A-000389,LOT-102,MetalX,Acier Inox 316L,1500.0,1499.18,96.2,228.1,RUN,41.1,3.83
2023-10-26 14:26:46,P-Usine_A-000390,LOT-102,MetalX,Acier Inox 316L,1500.0,1499.53,101.8,239.9,RUN,44.6,3.21
2023-10-26 14:30:20,P-Usine_A-000391,LOT-105,MetalX,Acier Inox 316L,1500.0,1500.05,104.8,249.2,RUN,42.6,3.09
2023-10-26 14:29:40,P-Usine_A-000392,LOT-100,MetalX,Acier Inox 316L,1500.0,1500.28,100.8,216.4,RUN,41.2,4.11
2023-10-26 14:37:05,P-Usine_A-000393,LOT-104,MetalX,Acier Inox 316L,1500.0,1499.86,99.9,243.2,RUN,49.9,3.91
2023-10-26 14:30:46,P-Usine_A-000394,LOT-103,AluBest,Acier Inox 316L,1500.0,1500.59,96.2,212.8,RUN,49.0,3.85
2023-10-26 14:30:20,P-Usine_A-000395,LOT-101,MetalX,Acier Inox 316L,1500.0,1499.86,98.5,220.6,RUN,47.8,2.57
2023-10-26 14:34:47,P-Usine_A-000396,LOT-104,MetalX,Acier Inox 316L,1500.0,1500.38,98.9,246.6,RUN,48.1,4.65
2023-10-26 14:32:48,P-Usine_A-000397,LOT-101,AluBest,Acier Inox 316L,1500.0,1500.71,102.4,221.7,RUN,41.6,4.4
2023-10-26 14:42:09,P-Usine_A-000398,LOT-105,MetalX,Acier Inox 316L,1500.0,1499.94,102.8,204.2,RUN,47.2,4.97
2023-10-26 14:42:34,P-Usine_A-000399,LOT-103,AluBest,Acier Inox 316L,1500.0,1501.0,97.6,242.4,RUN,44.2,2.95
2023-10-26 14:43:11,P-Usine_A-000400,LOT-104,AluBest,Acier Inox 316L,1500.0,1498.92,98.5,213.6,RUN,44.3,4.02
2023-10-26 14:37:20,P-Usine_A-000401,LOT-103,MetalX,Acier Inox 316L,1500.0,1500.86,101.0,227.6,RUN,44.1,2.51
2023-10-26 14:42:57,P-Usine_A-000402,LOT-104,AluBest,Acier Inox 316L,1500.0,1500.07,102.8,206.6,RUN,49.5,2.3
2023-10-26 14:43:26,P-Usine_A-000403,LOT-101,MetalX,Acier Inox 316L,1500.0,1500.96,103.5,249.0,RUN,43.0,4.98
2023-10-26 14:39:27,P-Usine_A-000404,LOT-104,MetalX,Acier Inox 316L,1500.0,1499.81,95.5,216.3,RUN,49.9,3.53
2023-10-26 14:41:33,P-Usine_A-000405,LOT-100,AcierPro,Acier Inox 316L,1500.0,1500.72,97.3,237.1,RUN,46.0,4.79
2023-10-26 14:42:48,P-Usine_A-000406,LOT-100,AcierPro,Acier Inox 316L,1500.0,1499.71,96.1,213.0,RUN,46.6,4.08
2023-10-26 14:41:53,P-Usine_A-000407,LOT-105,MetalX,Acier Inox 316L,1500.0,1499.48,100.9,239.4,RUN,40.2,2.48
2023-10-26 14:50:49,P-Usine_A-000408,LOT-104,AluBest,Acier Inox 316L,1500.0,1499.55,97.7,201.7,RUN,40.7,3.76
2023-10-26 14:44:29,P-Usine_A-000409,LOT-101,MetalX,Acier Inox 316L,1500.0,1500.25,97.0,216.2,999.9,40.1,2.11
2023-10-26 14:45:58,P-Usine_A-000410,LOT-105,AcierPro,Acier Inox 316L,1500.0,1500.2,96.2,209.9,RUN,42.8,2.94
2023-10-26 14:51:58,P-Usine_A-000411,LOT-105,AluBest,Acier Inox 316L,1500.0,1499.49,103.9,246.4,RUN,48.0,4.66
2023-10-26 14:54:35,P-Usine_A-000412,LOT-101,AluBest,Acier Inox 316L,1500.0,1499.88,101.4,220.9,RUN,48.1,4.35
2023-10-26 14:48:30,P-Usine_A-000413,LOT-105,AcierPro,Acier Inox 316L,1500.0,1500.07,98.7,217.9,,49.7,3.99
2023-10-26 14:55:06,P-Usine_A-000414,LOT-100,AcierPro,Acier Inox 316L,1500.0,1499.2,95.2,238.2,RUN,40.4,3.35
2023-10-26 14:50:29,P-Usine_A-000415,LOT-105,AcierPro,Acier Inox 316L,1500.0,1499.66,97.8,247.6,RUN,42.5,3.18
2023-10-26 14:52:18,P-Usine_A-000416,LOT-102,AcierPro,Acier Inox 316L,1500.0,1499.82,96.8,224.7,RUN,40.8,2.09
2023-10-26 14:58:51,P-Usine_A-000417,LOT-103,MetalX,Acier Inox 316L,1500.0,1499.76,97.7,232.2,RUN,47.0,2.63
2023-10-26 14:52:53,P-Usine_A-000418,LOT-101,MetalX,Acier Inox 316L,1500.0,1500.15,104.3,226.8,RUN,45.1,
2023-10-26 14:55:52,P-Usine_A-000419,LOT-105,AluBest,Acier Inox 316L,1500.0,1500.85,97.0,210.1,RUN,47.8,2.37
2023-10-26 14:55:52,P-Usine_A-000419,LOT-105,AluBest,Acier Inox 316L,1500.0,1500.85,97.0,210.1,RUN,47.8,2.37
2023-10-26 15:01:36,P-Usine_A-000420,LOT-105,MetalX,Acier Inox 316L,1500.0,1499.85,99.8,233.1,RUN,46.3,2.97
2023-10-26 14:59:28,P-Usine_A-000421,LOT-100,AluBest,Acier Inox 316L,1500.0,1500.06,97.7,200.4,RUN,46.8,2.57
2023-10-26 14:59:08,P-Usine_A-000422,LOT-103,AcierPro,Acier Inox 316L,1500.0,1500.08,104.5,222.7,RUN,50.0,2.79
2023-10-26 14:58:33,P-Usine_A-000423,LOT-100,AcierPro,Acier Inox 316L,1500.0,1500.41,101.8,248.4,RUN,43.6,3.12
2023-10-26 15:04:37,P-Usine_A-000424,LOT-103,AcierPro,Acier Inox 316L,1500.0,1500.24,103.5,204.1,RUN,43.0,3.49
2023-10-26 15:04:37,P-Usine_A-000424,LOT-103,AcierPro,Acier Inox 316L,1500.0,1500.24,103.5,204.1,RUN,43.0,3.49
2023-10-26 14:59:51,P-Usine_A-000425,LOT-100,AluBest,Acier Inox 316L,1500.0,1500.23,103.8,219.7,RUN,45.5,4.18
2023-10-26 15:02:11,P-Usine_A-000426,LOT-104,AcierPro,Acier Inox 316L,1500.0,1499.58,102.2,201.8,RUN,46.2,3.38
2023-10-26 15:10:03,P-Usine_A-000427,LOT-101,AluBest,Acier Inox 316L,1500.0,1500.49,99.2,246.6,RUN,40.5,4.61
2023-10-26 15:05:40,P-Usine_A-000428,LOT-104,AluBest,Acier Inox 316L,1500.0,1500.57,95.5,235.0,RUN,48.2,3.33
2023-10-26 15:09:43,P-Usine_A-000429,LOT-103,AcierPro,Acier Inox 316L,1500.0,1499.94,96.6,201.8,RUN,45.7,2.31
2023-10-26 15:10:18,P-Usine_A-000430,LOT-100,AcierPro,Acier Inox 316L,1500.0,1500.37,104.4,215.8,RUN,48.3,2.05
2023-10-26 15:05:30,P-Usine_A-000431,LOT-104,MetalX,Acier Inox 316L,1500.0,1500.72,102.1,224.6,RUN,40.9,3.6
2023-10-26 15:13:09,P-Usine_A-000432,LOT-104,AcierPro,Acier Inox 316L,1500.0,1499.87,95.9,217.5,RUN,44.6,2.09
2023-10-26 15:14:18,P-Usine_A-000433,LOT-100,MetalX,Acier Inox 316L,1500.0,1499.94,100.9,201.9,RUN,48.2,3.34
2023-10-26 15:10:47,P-Usine_A-000434,LOT-104,MetalX,Acier Inox 316L,1500.0,1500.08,101.5,219.0,RUN,41.6,2.34
2023-10-26 15:17:51,P-Usine_A-000435,LOT-102,AcierPro,Acier Inox 316L,1500.0,1500.15,99.6,209.7,RUN,47.8,2.86
2023-10-26 15:09:32,P-Usine_A-000436,LOT-100,AluBest,Acier Inox 316L,1500.0,1499.79,100.0,245.3,RUN,44.0,3.56
2023-10-26 15:19:10,P-Usine_A-000437,LOT-101,MetalX,Acier Inox 316L,1500.0,1500.42,100.1,246.2,RUN,41.7,3.68
2023-10-26 15:16:16,P-Usine_A-000438,LOT-101,MetalX,Acier Inox 316L,1500.0,1500.72,99.0,207.6,RUN,46.3,3.76
2023-10-26 15:14:29,P-Usine_A-000439,LOT-101,MetalX,Acier Inox 316L,1500.0,1499.48,95.8,,RUN,41.5,2.94
2023-10-26 15:21:14,P-Usine_A-000440,LOT-103,AcierPro,Acier Inox 316L,1500.0,1499.88,102.0,232.1,RUN,46.4,4.7
2023-10-26 15:21:15,P-Usine_A-000441,LOT-105,AcierPro,Acier Inox 316L,1500.0,1499.72,103.3,233.7,RUN,43.7,2.78
2023-10-26 15:17:09,P-Usine_A-000442,LOT-103,AcierPro,Acier Inox 316L,1500.0,1500.34,98.9,241.8,RUN,49.3,4.55
2023-10-26 15:20:14,P-Usine_A-000443,LOT-101,AluBest,Acier Inox 316L,1500.0,1499.41,99.3,230.9,RUN,43.1,3.12
2023-10-26 15:23:43,P-Usine_A-000444,LOT-101,AcierPro,Acier Inox 316L,1500.0,1499.99,101.2,218.7,RUN,48.7,2.51
2023-10-26 15:19:24,P-Usine_A-000445,LOT-100,MetalX,Acier Inox 316L,1500.0,1499.72,97.8,241.9,RUN,41.5,2.29
2023-10-26 15:20:58,P-Usine_A-000446,LOT-101,AluBest,Acier Inox 316L,1500.0,1499.65,103.2,228.7,RUN,43.3,2.41
2023-10-26 15:30:34,P-Usine_A-000447,LOT-105,AluBest,Acier Inox 316L,1500.0,1501.38,95.8,206.1,RUN,48.9,4.22
2023-10-26 15:30:34,P-Usine_A-000447,LOT-105,AluBest,Acier Inox 316L,1500.0,1501.38,95.8,206.1,RUN,48.9,4.22
2023-10-26 15:25:36,P-Usine_A-000448,LOT-103,AluBest,Acier Inox 316L,1500.0,1499.88,96.1,212.8,RUN,47.4,2.89
2023-10-26 15:25:36,P-Usine_A-000448,LOT-103,AluBest,Acier Inox 316L,1500.0,1499.88,96.1,212.8,RUN,47.4,2.89
2023-10-26 15:30:29,P-Usine_A-000449,LOT-104,AluBest,Acier Inox 316L,1500.0,1500.22,100.1,240.1,RUN,43.9,2.61
2023-10-26 15:30:40,P-Usine_A-000450,LOT-100,AcierPro,Acier Inox 316L,1500.0,1499.83,100.0,211.5,STOP,47.4,3.54
2023-10-26 15:26:32,P-Usine_A-000451,LOT-100,AluBest,Acier Inox 316L,1500.0,1499.81,98.2,213.0,RUN,42.8,4.94
2023-10-26 15:31:49,P-Usine_A-000452,LOT-104,MetalX,Acier Inox 316L,1500.0,1500.13,98.5,243.3,RUN,47.8,2.11
2023-10-26 15:34:53,P-Usine_A-000453,LOT-101,MetalX,Acier Inox 316L,1500.0,1499.5,98.5,246.8,RUN,44.9,3.27
2023-10-26 15:32:05,P-Usine_A-000454,LOT-101,AluBest,Acier Inox 316L,1500.0,1500.2,101.5,235.0,RUN,45.8,2.61
2023-10-26 15:33:56,P-Usine_A-000455,LOT-101,MetalX,Acier Inox 316L,1500.0,1499.35,95.2,217.0,RUN,44.5,2.7
2023-10-26 15:31:37,P-Usine_A-000456,LOT-103,AcierPro,Acier Inox 316L,1500.0,1499.73,100.1,245.2,RUN,45.4,3.39
2023-10-26 15:33:55,P-Usine_A-000457,LOT-102,AluBest,Acier Inox 316L,1500.0,1499.97,101.9,201.6,RUN,47.7,4.55
2023-10-26 15:36:42,P-Usine_A-000458,LOT-105,MetalX,Acier Inox 316L,1500.0,1499.81,100.4,229.2,RUN,42.9,3.38
2023-10-26 15:36:53,,LOT-104,MetalX,Acier Inox 316L,1500.0,1499.41,96.4,208.7,RUN,40.6,3.47
2023-10-26 15:38:20,P-Usine_A-000460,,MetalX,Acier Inox 316L,1500.0,1499.85,95.1,227.3,RUN,48.7,3.74
2023-10-26 15:44:21,P-Usine_A-000461,LOT-102,AcierPro,Acier Inox 316L,1500.0,1499.74,98.8,247.7,RUN,48.0,3.07
2023-10-26 15:44:09,P-Usine_A-000462,LOT-100,MetalX,Acier Inox 316L,1500.0,1499.71,101.3,243.7,RUN,44.7,2.55
2023-10-26 15:39:43,P-Usine_A-000463,LOT-104,AcierPro,Acier Inox 316L,1500.0,1500.58,95.2,225.8,RUN,40.3,3.45
2023-10-26 15:46:17,P-Usine_A-000464,LOT-100,AcierPro,Acier Inox 316L,1500.0,1499.09,103.3,248.5,RUN,42.8,4.51
2023-10-26 15:46:37,P-Usine_A-000465,LOT-104,AluBest,Acier Inox 316L,1500.0,1499.14,100.7,238.0,RUN,42.7,3.01
2023-10-26 15:45:15,P-Usine_A-000466,LOT-104,AcierPro,Acier Inox 316L,1500.0,1500.23,104.7,211.5,RUN,40.3,4.14
2023-10-26 15:48:15,P-Usine_A-000467,LOT-103,AluBest,Acier Inox 316L,1500.0,1499.94,95.9,246.4,RUN,45.5,4.27
2023-10-26 15:44:00,P-Usine_A-000468,LOT-100,AluBest,Acier Inox 316L,1500.0,1500.17,101.8,241.8,RUN,40.3,2.67
2023-10-26 15:52:34,P-Usine_A-000469,LOT-105,AluBest,Acier Inox 316L,1500.0,1499.07,101.3,228.8,RUN,49.6,3.34
2023-10-26 15:47:18,P-Usine_A-000470,LOT-104,AcierPro,Acier Inox 316L,1500.0,1500.84,98.1,220.9,RUN,42.0,2.5
2023-10-26 15:46:20,P-Usine_A-000471,LOT-104,AluBest,Acier Inox 316L,1500.0,1499.88,103.6,232.9,RUN,46.5,4.23
2023-10-26 15:49:11,P-Usine_A-000472,LOT-102,AcierPro,Acier Inox 316L,1500.0,1499.92,100.5,204.2,RUN,49.6,4.04
2023-10-26 15:55:57,P-Usine_A-000473,,AcierPro,Acier Inox 316L,1500.0,1500.04,96.6,232.6,RUN,42.5,4.15
2023-10-26 15:53:39,P-Usine_A-000474,LOT-101,AcierPro,Acier Inox 316L,1500.0,,104.6,219.7,RUN,42.6,2.17
2023-10-26 15:55:07,P-Usine_A-000475,LOT-103,AluBest,Acier Inox 316L,1500.0,1500.09,102.3,245.9,RUN,47.7,2.34
2023-10-26 15:59:30,P-Usine_A-000476,LOT-101,AcierPro,Acier Inox 316L,1500.0,1500.15,103.3,213.4,RUN,40.5,4.59
2023-10-26 16:00:23,P-Usine_A-000477,LOT-102,AluBest,Acier Inox 316L,1500.0,1500.95,103.2,233.2,RUN,48.3,3.35
2023-10-26 15:53:28,P-Usine_A-000478,LOT-102,AluBest,Acier Inox 316L,1500.0,1500.16,103.1,202.1,RUN,49.8,4.71
2023-10-26 15:55:56,P-Usine_A-000479,LOT-105,MetalX,Acier Inox 316L,1500.0,1501.0,99.6,216.7,RUN,44.9,3.11
2023-10-26 15:55:02,P-Usine_A-000480,LOT-102,AcierPro,Acier Inox 316L,1500.0,1499.76,102.7,208.8,RUN,43.2,4.98
2023-10-26 15:58:26,P-Usine_A-000481,LOT-102,AluBest,Acier Inox 316L,1500.0,1499.07,103.6,218.2,RUN,45.4,4.67
2023-10-26 15:59:17,P-Usine_A-000482,LOT-105,MetalX,Acier Inox 316L,1500.0,1499.7,99.5,214.5,RUN,49.2,2.01
2023-10-26 15:57:52,P-Usine_A-000483,LOT-101,MetalX,Acier Inox 316L,1500.0,1499.12,101.0,229.4,RUN,44.3,2.79
2023-10-26 16:04:22,P-Usine_A-000484,LOT-101,AcierPro,Acier Inox 316L,1500.0,1500.18,95.2,207.7,RUN,49.3,4.05
2023-10-26 16:08:27,P-Usine_A-000485,LOT-104,AcierPro,Acier Inox 316L,1500.0,1500.03,102.2,208.8,RUN,46.8,4.42
2023-10-26 16:02:33,P-Usine_A-000486,LOT-105,MetalX,Acier Inox 316L,999.9,1500.74,98.1,213.0,RUN,48.7,4.19
2023-10-26 16:06:27,P-Usine_A-000487,LOT-102,AluBest,Acier Inox 316L,1500.0,1500.74,102.1,242.8,RUN,42.7,2.66
2023-10-26 16:04:27,P-Usine_A-000488,LOT-101,MetalX,Acier Inox 316L,1500.0,1500.45,103.5,201.3,RUN,47.8,2.63
2023-10-26 16:09:44,P-Usine_A-000489,LOT-103,AcierPro,Acier Inox 316L,1500.0,1500.13,104.4,210.2,RUN,42.9,4.74
2023-10-26 16:08:48,P-Usine_A-000490,LOT-104,MetalX,Acier Inox 316L,1500.0,1499.33,99.7,244.3,RUN,41.5,3.11
2023-10-26 16:13:47,P-Usine_A-000491,LOT-103,MetalX,Acier Inox 316L,1500.0,1499.31,96.8,214.4,RUN,44.6,4.2
2023-10-26 16:16:32,P-Usine_A-000492,LOT-104,AluBest,Acier Inox 316L,1500.0,1499.81,96.4,242.5,RUN,45.7,4.2
2023-10-26 16:11:22,P-Usine_A-000493,LOT-103,MetalX,Acier Inox 316L,1500.0,1499.87,100.9,246.1,RUN,47.6,3.12
2023-10-26 16:09:21,P-Usine_A-000494,LOT-101,AluBest,Acier Inox 316L,1500.0,1499.05,97.8,240.7,RUN,49.1,2.03
2023-10-26 16:11:58,P-Usine_A-000495,LOT-104,AcierPro,Acier Inox 316L,999.9,1499.46,97.3,239.0,RUN,41.8,4.06
2023-10-26 16:15:42,P-Usine_A-000496,LOT-100,MetalX,Acier Inox 316L,1500.0,1500.39,102.2,238.7,STOP,47.0,4.4
2023-10-26 16:15:55,P-Usine_A-000497,LOT-103,MetalX,Acier Inox 316L,1500.0,1500.91,99.6,212.5,RUN,45.5,4.32
2023-10-26 16:17:53,P-Usine_A-000498,LOT-104,MetalX,Acier Inox 316L,1500.0,1499.74,96.2,213.8,STOP,42.9,2.27
2023-10-26 16:22:18,P-Usine_A-000499,LOT-104,AcierPro,Acier Inox 316L,1500.0,1499.62,97.9,214.9,RUN,43.9,2.85
2023-10-26 16:20:10,P-Usine_A-000500,LOT-103,MetalX,Acier Inox 316L,1500.0,1500.2,99.3,227.9,RUN,42.8,3.62
2023-10-26 16:15:28,P-Usine_A-000501,LOT-105,AcierPro,Acier Inox 316L,1500.0,1499.59,97.3,244.3,RUN,42.0,3.97
2023-10-26 16:24:39,P-Usine_A-000502,LOT-101,AluBest,Acier Inox 316L,1500.0,1500.59,101.4,205.7,RUN,49.0,2.19
2023-10-26 16:19:50,P-Usine_A-000503,LOT-103,AluBest,Acier Inox 316L,1500.0,1500.22,96.0,206.7,RUN,49.3,2.5
2023-10-26 16:24:55,P-Usine_A-000504,LOT-105,AcierPro,Acier Inox 316L,1500.0,1499.93,97.2,,RUN,41.5,4.4
2023-10-26 16:26:31,P-Usine_A-000505,LOT-102,MetalX,Acier Inox 316L,1500.0,1499.72,95.5,241.3,RUN,41.6,3.77
2023-10-26 16:30:24,P-Usine_A-000506,LOT-100,AluBest,Acier Inox 316L,1500.0,1500.22,101.1,233.1,RUN,44.4,3.7
2023-10-26 16:29:34,P-Usine_A-000507,LOT-102,AluBest,Acier Inox 316L,1500.0,1499.88,104.6,201.4,RUN,44.0,2.91
2023-10-26 16:31:17,P-Usine_A-000508,LOT-101,AluBest,Acier Inox 316L,1500.0,1499.6,95.9,244.9,RUN,41.6,4.46
2023-10-26 16:27:49,P-Usine_A-000509,LOT-103,AcierPro,Acier Inox 316L,1500.0,1499.39,99.2,226.6,RUN,46.5,4.95
2023-10-26 16:29:15,P-Usine_A-000510,LOT-104,MetalX,Acier Inox 316L,1500.0,1500.12,101.5,211.5,RUN,47.3,2.02
2023-10-26 16:33:43,P-Usine_A-000511,LOT-105,AcierPro,Acier Inox 316L,1500.0,1499.46,104.3,233.1,RUN,46.9,4.98
2023-10-26 16:31:38,P-Usine_A-000512,LOT-102,MetalX,Acier Inox 316L,1500.0,1501.19,103.4,220.5,RUN,47.2,3.88
2023-10-26 16:33:01,P-Usine_A-000513,LOT-102,MetalX,Acier Inox 316L,1500.0,1500.26,96.8,241.4,RUN,49.5,2.03
2023-10-26 16:37:58,P-Usine_A-000514,LOT-102,AluBest,Acier Inox 316L,1500.0,1499.1,99.0,212.7,RUN,49.1,2.27
2023-10-26 16:32:54,P-Usine_A-000515,LOT-105,MetalX,Acier Inox 316L,1500.0,1499.85,97.5,249.6,RUN,46.6,3.72
2023-10-26 16:39:38,P-Usine_A-000516,LOT-105,AcierPro,Acier Inox 316L,1500.0,1499.9,99.2,201.5,RUN,43.3,4.04
2023-10-26 16:41:46,P-Usine_A-000517,LOT-104,AcierPro,Acier Inox 316L,1500.0,1498.98,96.6,225.5,RUN,999.9,4.53
2023-10-26 16:34:02,P-Usine_A-000518,LOT-105,MetalX,Acier Inox 316L,1500.0,1499.82,101.6,208.3,RUN,47.2,2.05
2023-10-26 16:36:58,P-Usine_A-000519,LOT-100,MetalX,Acier Inox 316L,1500.0,1499.74,95.3,222.4,RUN,41.7,3.95
2023-10-26 16:40:37,P-Usine_A-000520,LOT-105,MetalX,Acier Inox 316L,1500.0,1499.39,103.7,200.7,RUN,41.8,2.99
2023-10-26 16:35:53,P-Usine_A-000521,LOT-102,AcierPro,Acier Inox 316L,1500.0,1500.68,96.2,218.1,RUN,40.2,3.61
2023-10-26 16:42:26,P-Usine_A-000522,LOT-103,999.9,Acier Inox 316L,1500.0,1501.08,96.8,232.6,RUN,43.1,4.68
2023-10-26 16:43:08,P-Usine_A-000523,LOT-103,MetalX,Acier Inox 316L,1500.0,1499.78,100.7,218.5,RUN,43.0,4.44
2023-10-26 16:40:42,P-Usine_A-000524,LOT-105,MetalX,Acier Inox 316L,1500.0,1499.94,100.0,236.7,RUN,43.8,3.94
2023-10-26 16:44:03,P-Usine_A-000525,LOT-105,AluBest,Acier Inox 316L,1500.0,1499.52,100.3,231.5,RUN,40.3,2.48
2023-10-26 16:45:49,P-Usine_A-000526,LOT-102,AcierPro,Acier Inox 316L,1500.0,1499.95,95.2,244.9,RUN,45.2,3.31
2023-10-26 16:43:33,P-Usine_A-000527,LOT-102,AcierPro,Acier Inox 316L,1500.0,1500.75,102.8,210.6,RUN,48.7,4.21
2023-10-26 16:43:11,P-Usine_A-000528,LOT-100,AcierPro,Acier Inox 316L,1500.0,1499.41,103.0,219.3,RUN,40.4,3.34
2023-10-26 16:46:24,P-Usine_A-000529,LOT-102,AluBest,Acier Inox 316L,1500.0,1499.84,103.5,212.1,RUN,41.7,4.37
2023-10-26 16:53:27,P-Usine_A-000530,LOT-103,AluBest,Acier Inox 316L,1500.0,1500.78,104.5,217.4,RUN,41.6,2.77
2023-10-26 16:51:52,P-Usine_A-000531,LOT-101,AcierPro,Acier Inox 316L,1500.0,1499.69,97.2,229.0,RUN,47.6,4.0
2023-10-26 16:51:00,P-Usine_A-000532,LOT-105,AluBest,Acier Inox 316L,1500.0,1499.48,96.1,232.3,RUN,48.6,2.08
2023-10-26 16:51:24,P-Usine_A-000533,LOT-105,AcierPro,Acier Inox 316L,1500.0,1499.88,99.5,220.4,RUN,47.6,3.28
2023-10-26 16:50:57,P-Usine_A-000534,LOT-103,AcierPro,Acier Inox 316L,1500.0,1499.04,97.1,236.9,RUN,42.9,4.13
2023-10-26 16:50:38,P-Usine_A-000535,LOT-104,AluBest,Acier Inox 316L,1500.0,1500.33,103.8,213.8,RUN,46.6,4.07
2023-10-26 16:56:19,P-Usine_A-000536,LOT-101,AluBest,Acier Inox 316L,1500.0,1500.31,103.2,247.9,RUN,48.8,3.56
2023-10-26 16:53:12,P-Usine_A-000537,LOT-102,MetalX,Acier Inox 316L,1500.0,1499.55,102.1,208.6,RUN,47.2,4.94
2023-10-26 16:53:00,P-Usine_A-000538,LOT-101,AluBest,Acier Inox 316L,1500.0,1500.4,99.5,249.1,RUN,44.2,2.19
2023-10-26 17:00:20,P-Usine_A-000539,LOT-105,MetalX,Acier Inox 316L,1500.0,1500.18,102.4,220.1,RUN,40.8,3.24
2023-10-26 16:59:48,P-Usine_A-000540,LOT-102,MetalX,Acier Inox 316L,1500.0,1499.16,102.8,243.4,RUN,40.1,4.59
2023-10-26 16:59:18,P-Usine_A-000541,LOT-100,AcierPro,Acier Inox 316L,1500.0,1499.36,100.8,201.9,RUN,41.5,3.87
2023-10-26 17:04:35,P-Usine_A-000542,LOT-103,AcierPro,Acier Inox 316L,1500.0,1499.72,999.9,214.9,RUN,49.5,3.1
2023-10-26 17:05:04,P-Usine_A-000543,LOT-103,AluBest,Acier Inox 316L,1500.0,1500.41,101.0,223.1,RUN,43.2,4.26
2023-10-26 17:01:02,P-Usine_A-000544,LOT-103,AcierPro,Acier Inox 316L,1500.0,1500.35,97.0,201.7,RUN,40.1,2.33
2023-10-26 17:02:07,P-Usine_A-000545,LOT-103,AcierPro,Acier Inox 316L,1500.0,1499.15,100.7,238.4,RUN,48.9,4.58
2023-10-26 17:09:37,P-Usine_A-000546,LOT-105,AluBest,Acier Inox 316L,1500.0,1500.14,98.0,219.7,RUN,47.0,3.65
2023-10-26 17:01:23,P-Usine_A-000547,LOT-100,,Acier Inox 316L,1500.0,1499.91,97.3,245.2,RUN,49.1,2.37
2023-10-26 17:02:24,P-Usine_A-000548,LOT-101,MetalX,Acier Inox 316L,1500.0,1499.68,98.6,225.6,RUN,47.9,4.62
2023-10-26 17:12:43,P-Usine_A-000549,LOT-100,MetalX,Acier Inox 316L,1500.0,1500.97,101.0,235.4,RUN,40.8,4.02
2023-10-26 17:07:56,P-Usine_A-000550,LOT-103,AcierPro,Acier Inox 316L,1500.0,1499.68,98.0,248.9,RUN,44.8,4.85
2023-10-26 17:10:10,P-Usine_A-000551,LOT-102,MetalX,Acier Inox 316L,1500.0,1500.32,98.8,207.7,RUN,42.6,3.62
2023-10-26 17:08:36,P-Usine_A-000552,LOT-101,MetalX,Acier Inox 316L,1500.0,1500.31,95.8,211.4,RUN,48.0,3.27
2023-10-26 17:09:34,P-Usine_A-000553,LOT-103,AcierPro,Acier Inox 316L,1500.0,1498.81,96.6,227.5,RUN,42.5,3.75
2023-10-26 17:14:32,P-Usine_A-000554,LOT-101,MetalX,Acier Inox 316L,1500.0,1500.89,96.6,241.2,RUN,48.6,2.57
2023-10-26 17:14:32,P-Usine_A-000554,LOT-101,MetalX,Acier Inox 316L,1500.0,1500.89,96.6,241.2,RUN,48.6,2.57
2023-10-26 17:16:27,P-Usine_A-000555,LOT-101,MetalX,Acier Inox 316L,1500.0,1500.32,96.0,212.2,RUN,46.1,4.73
2023-10-26 17:15:51,P-Usine_A-000556,LOT-100,MetalX,Acier Inox 316L,1500.0,1500.06,104.6,234.2,RUN,45.7,3.21
2023-10-26 17:11:57,P-Usine_A-000557,LOT-100,AluBest,Acier Inox 316L,1500.0,1499.94,97.9,218.0,RUN,49.5,4.29
2023-10-26 17:18:34,P-Usine_A-000558,LOT-101,MetalX,Acier Inox 316L,1500.0,1499.87,104.5,,RUN,46.4,3.91
2023-10-26 17:21:05,P-Usine_A-000559,LOT-101,AcierPro,Acier Inox 316L,1500.0,1500.06,102.4,227.2,RUN,47.1,3.97
2023-10-26 17:20:10,P-Usine_A-000560,LOT-103,AluBest,Acier Inox 316L,1500.0,1499.65,95.2,208.3,RUN,41.2,4.29
2023-10-26 17:24:40,P-Usine_A-000561,LOT-100,MetalX,Acier Inox 316L,1500.0,1500.71,102.2,229.1,RUN,43.7,2.4
2023-10-26 17:17:39,P-Usine_A-000562,LOT-100,MetalX,Acier Inox 316L,1500.0,1500.21,96.4,213.0,RUN,47.4,3.28
2023-10-26 17:27:21,P-Usine_A-000563,LOT-100,MetalX,Acier Inox 316L,1500.0,1500.07,99.6,227.7,RUN,45.2,4.67
2023-10-26 17:28:13,P-Usine_A-000564,LOT-101,MetalX,Acier Inox 316L,1500.0,1500.43,104.2,201.0,RUN,41.3,3.94
2023-10-26 17:27:50,P-Usine_A-000565,LOT-103,AluBest,Acier Inox 316L,1500.0,1499.45,101.0,210.4,RUN,49.8,3.98
2023-10-26 17:29:55,P-Usine_A-000566,LOT-102,AcierPro,Acier Inox 316L,1500.0,1500.9,102.1,200.4,RUN,49.4,4.62
2023-10-26 17:27:05,P-Usine_A-000567,LOT-100,AluBest,Acier Inox 316L,1500.0,1499.81,97.1,230.8,RUN,41.1,2.05
2023-10-26 17:29:02,P-Usine_A-000568,LOT-101,AcierPro,Acier Inox 316L,1500.0,1499.48,100.2,216.4,RUN,45.5,3.16
2023-10-26 17:24:11,P-Usine_A-000569,LOT-102,MetalX,Acier Inox 316L,1500.0,1500.1,95.1,227.9,RUN,41.0,3.3
2023-10-26 17:25:27,P-Usine_A-000570,LOT-102,MetalX,Acier Inox 316L,1500.0,1500.05,102.1,203.9,RUN,45.3,4.06
2023-10-26 17:34:31,P-Usine_A-000571,LOT-100,MetalX,Acier Inox 316L,1500.0,1499.35,97.1,236.5,RUN,42.9,4.18
2023-10-26 17:27:30,P-Usine_A-000572,LOT-105,AluBest,Acier Inox 316L,1500.0,1500.48,95.7,219.6,RUN,40.1,3.55
2023-10-26 17:33:59,P-Usine_A-000573,LOT-103,AcierPro,Acier Inox 316L,1500.0,1500.46,101.2,207.6,RUN,42.8,2.71
2023-10-26 17:38:04,,LOT-103,MetalX,Acier Inox 316L,1500.0,1499.26,95.9,216.1,RUN,49.9,3.49
2023-10-26 17:32:22,P-Usine_A-000575,LOT-103,AluBest,Acier Inox 316L,1500.0,1500.12,104.5,204.0,RUN,48.0,3.32
2023-10-26 17:33:45,P-Usine_A-000576,LOT-104,AcierPro,Acier Inox 316L,1500.0,1500.71,97.1,235.0,RUN,42.5,2.82
2023-10-26 17:40:24,P-Usine_A-000577,LOT-105,AluBest,Acier Inox 316L,1500.0,1500.52,98.7,230.0,RUN,40.3,4.34
2023-10-26 17:34:29,P-Usine_A-000578,LOT-105,MetalX,Acier Inox 316L,1500.0,1499.37,99.6,232.2,RUN,43.7,3.47
2023-10-26 17:38:21,P-Usine_A-000579,LOT-101,MetalX,Acier Inox 316L,1500.0,1500.34,101.0,212.4,RUN,46.0,4.69
2023-10-26 17:41:57,P-Usine_A-000580,LOT-105,MetalX,Acier Inox 316L,1500.0,1499.49,98.2,219.2,RUN,49.8,2.31
2023-10-26 17:41:57,P-Usine_A-000580,LOT-105,MetalX,Acier Inox 316L,1500.0,1499.49,98.2,219.2,RUN,49.8,2.31
2023-10-26 17:44:57,P-Usine_A-000581,LOT-104,MetalX,Acier Inox 316L,1500.0,1499.44,104.8,226.7,RUN,47.4,4.27
2023-10-26 17:37:02,P-Usine_A-000582,LOT-104,AcierPro,Acier Inox 316L,,1499.78,101.1,223.4,RUN,41.5,4.71
2023-10-26 17:47:06,P-Usine_A-000583,LOT-101,AcierPro,Acier Inox 316L,1500.0,1500.25,103.7,233.0,RUN,45.0,3.27
2023-10-26 17:41:35,P-Usine_A-000584,LOT-101,AluBest,Acier Inox 316L,1500.0,1500.39,101.8,224.7,RUN,41.7,3.28
2023-10-26 17:49:29,P-Usine_A-000585,LOT-100,AcierPro,Acier Inox 316L,1500.0,1500.33,104.3,217.1,RUN,48.1,4.95
2023-10-26 17:44:56,P-Usine_A-000586,LOT-105,MetalX,Acier Inox 316L,1500.0,1500.69,97.7,210.6,RUN,49.7,3.57
2023-10-26 17:46:07,P-Usine_A-000587,LOT-100,AluBest,Acier Inox 316L,1500.0,1500.11,99.2,213.1,RUN,45.3,4.39
2023-10-26 17:51:50,P-Usine_A-000588,LOT-103,MetalX,Acier Inox 316L,1500.0,1500.44,104.9,224.2,RUN,45.4,3.28
2023-10-26 17:51:11,P-Usine_A-000589,LOT-102,AcierPro,Acier Inox 316L,1500.0,1499.36,99.3,226.5,RUN,45.0,2.29
2023-10-26 17:49:22,P-Usine_A-000590,LOT-101,AcierPro,Acier Inox 316L,1500.0,1500.41,100.1,245.3,RUN,44.6,4.25
2023-10-26 17:51:39,P-Usine_A-000591,LOT-103,AcierPro,Acier Inox 316L,1500.0,1500.06,104.7,234.1,RUN,48.2,4.12
2023-10-26 17:52:17,P-Usine_A-000592,LOT-102,AcierPro,Acier Inox 316L,1500.0,1499.76,96.9,221.4,RUN,40.4,4.95
2023-10-26 17:50:43,P-Usine_A-000593,LOT-104,AluBest,Acier Inox 316L,1500.0,1499.82,102.0,222.4,RUN,49.9,2.69
2023-10-26 17:49:40,P-Usine_A-000594,LOT-100,AcierPro,Acier Inox 316L,1500.0,1500.34,96.7,223.4,RUN,43.4,4.89
2023-10-26 17:52:21,P-Usine_A-000595,LOT-105,AcierPro,Acier Inox 316L,1500.0,1500.11,96.3,244.9,RUN,44.3,4.77
2023-10-26 17:53:31,P-Usine_A-000596,LOT-100,AcierPro,Acier Inox 316L,1500.0,1500.55,104.0,245.8,RUN,42.9,4.33
2023-10-26 18:01:17,P-Usine_A-000597,LOT-102,MetalX,Acier Inox 316L,1500.0,1499.95,98.4,217.0,RUN,42.6,3.8
2023-10-26 17:53:58,P-Usine_A-000598,LOT-105,AluBest,Acier Inox 316L,1500.0,1500.76,98.2,225.8,RUN,43.0,2.43
2023-10-26 17:56:02,P-Usine_A-000599,LOT-105,AluBest,Acier Inox 316L,1500.0,1499.67,103.0,217.1,RUN,44.0,2.66
2023-10-26 17:56:02,P-Usine_A-000600,LOT-102,AcierPro,Acier Inox 316L,1500.0,1499.42,98.1,234.7,RUN,44.4,4.27
2023-10-26 18:00:36,P-Usine_A-000601,LOT-101,AluBest,Acier Inox 316L,1500.0,1501.04,102.0,208.7,RUN,46.1,3.95
2023-10-26 18:03:08,P-Usine_A-000602,LOT-103,MetalX,Acier Inox 316L,1500.0,1500.01,98.6,235.4,RUN,41.4,3.42
2023-10-26 17:58:24,P-Usine_A-000603,LOT-101,AluBest,Acier Inox 316L,1500.0,1500.51,101.2,236.9,RUN,42.4,4.48
2023-10-26 18:05:13,P-Usine_A-000604,LOT-104,MetalX,Acier Inox 316L,1500.0,1499.55,102.4,248.9,RUN,45.0,2.55
2023-10-26 18:00:58,P-Usine_A-000605,LOT-100,AluBest,Acier Inox 316L,1500.0,1499.12,102.5,220.5,RUN,40.1,4.88
2023-10-26 18:08:30,P-Usine_A-000606,LOT-103,AcierPro,Acier Inox 316L,1500.0,1500.64,103.0,222.1,RUN,43.8,3.98
2023-10-26 18:02:35,P-Usine_A-000607,LOT-103,AcierPro,Acier Inox 316L,1500.0,1500.09,100.6,208.0,RUN,44.6,3.9
2023-10-26 18:09:57,P-Usine_A-000608,LOT-105,AcierPro,Acier Inox 316L,1500.0,1500.76,104.8,220.8,RUN,41.7,2.16
2023-10-26 18:04:04,P-Usine_A-000609,LOT-103,AluBest,Acier Inox 316L,1500.0,1499.71,100.2,200.3,RUN,43.0,2.74
2023-10-26 18:09:56,P-Usine_A-000610,LOT-105,AluBest,Acier Inox 316L,1500.0,1500.5,101.3,233.4,RUN,42.2,3.72
2023-10-26 18:08:58,P-Usine_A-000611,LOT-100,AcierPro,Acier Inox 316L,1500.0,1500.09,102.3,237.2,RUN,43.7,2.32
2023-10-26 18:11:27,P-Usine_A-000612,LOT-105,AcierPro,Acier Inox 316L,1500.0,1499.98,100.5,219.8,RUN,47.3,3.42
2023-10-26 18:13:50,P-Usine_A-000613,LOT-104,AcierPro,Acier Inox 316L,1500.0,1498.94,97.3,231.9,RUN,40.6,3.1
2023-10-26 18:13:52,P-Usine_A-000614,LOT-104,AcierPro,Acier Inox 316L,1500.0,1499.66,104.4,243.7,RUN,40.8,2.17
2023-10-26 18:19:29,P-Usine_A-000615,LOT-100,AluBest,Acier Inox 316L,1500.0,1500.32,103.8,213.0,RUN,40.5,2.18
2023-10-26 18:14:04,P-Usine_A-000616,LOT-103,AcierPro,Acier Inox 316L,1500.0,1500.43,98.8,233.1,RUN,42.0,4.62
2023-10-26 18:21:00,P-Usine_A-000617,LOT-104,AluBest,Acier Inox 316L,1500.0,1499.24,98.0,230.8,RUN,42.9,2.48
2023-10-26 18:19:09,P-Usine_A-000618,LOT-105,AluBest,Acier Inox 316L,1500.0,1500.19,104.6,220.6,RUN,46.5,3.52
2023-10-26 18:22:30,P-Usine_A-000619,LOT-103,AcierPro,Acier Inox 316L,1500.0,1500.43,104.7,235.8,RUN,43.8,2.44
2023-10-26 18:21:00,P-Usine_A-000620,LOT-105,AluBest,Acier Inox 316L,1500.0,1499.96,103.9,207.2,RUN,43.3,2.99
2023-10-26 18:17:22,P-Usine_A-000621,LOT-100,MetalX,Acier Inox 316L,1500.0,1500.03,98.9,221.7,RUN,41.9,3.71
2023-10-26 18:19:18,P-Usine_A-000622,LOT-103,MetalX,Acier Inox 316L,1500.0,1500.65,103.3,242.0,RUN,44.2,4.26
2023-10-26 18:25:23,P-Usine_A-000623,LOT-101,AcierPro,Acier Inox 316L,1500.0,1500.46,102.6,228.3,RUN,48.6,4.28
2023-10-26 18:20:47,P-Usine_A-000624,LOT-102,MetalX,Acier Inox 316L,1500.0,1500.56,103.8,209.4,RUN,42.2,3.64
2023-10-26 18:21:14,P-Usine_A-000625,LOT-102,AluBest,Acier Inox 316L,1500.0,1501.08,98.2,240.2,RUN,43.4,3.68
2023-10-26 18:23:08,P-Usine_A-000626,LOT-104,MetalX,Acier Inox 316L,1500.0,1498.87,99.0,220.9,RUN,45.0,4.83
2023-10-26 18:23:54,P-Usine_A-000627,LOT-104,AcierPro,Acier Inox 316L,1500.0,1499.35,100.2,210.6,RUN,42.0,4.11
2023-10-26 18:25:49,P-Usine_A-000628,LOT-100,AcierPro,Acier Inox 316L,1500.0,1500.1,101.3,242.5,RUN,42.4,3.38
2023-10-26 18:26:51,P-Usine_A-000629,LOT-100,AcierPro,Acier Inox 316L,1500.0,1500.8,104.4,232.7,RUN,40.3,3.48
2023-10-26 18:30:57,P-Usine_A-000630,LOT-102,MetalX,Acier Inox 316L,1500.0,1500.38,104.9,242.3,RUN,43.1,2.71
2023-10-26 18:32:45,P-Usine_A-000631,LOT-102,AluBest,Acier Inox 316L,1500.0,1500.21,98.7,224.3,RUN,41.3,3.47
2023-10-26 18:29:59,P-Usine_A-000632,LOT-103,AcierPro,Acier Inox 316L,1500.0,1499.8,104.8,212.7,RUN,46.1,2.53
2023-10-26 18:37:33,P-Usine_A-000633,LOT-100,AcierPro,Acier Inox 316L,1500.0,1499.72,101.9,206.0,RUN,48.6,3.76
2023-10-26 18:35:03,P-Usine_A-000634,LOT-104,AluBest,Acier Inox 316L,1500.0,1499.37,100.3,207.4,RUN,47.0,2.41
2023-10-26 18:38:20,P-Usine_A-000635,LOT-105,AluBest,Acier Inox 316L,1500.0,1499.95,103.5,220.9,RUN,43.3,3.75
2023-10-26 18:33:56,P-Usine_A-000636,LOT-100,MetalX,Acier Inox 316L,1500.0,1499.93,102.1,243.9,RUN,46.8,2.07
2023-10-26 18:35:48,P-Usine_A-000637,LOT-102,AcierPro,Acier Inox 316L,1500.0,1500.59,95.0,214.0,RUN,48.8,2.04
2023-10-26 18:38:02,P-Usine_A-000638,LOT-101,MetalX,Acier Inox 316L,1500.0,1500.2,101.1,225.6,RUN,48.4,2.23
2023-10-26 18:35:52,P-Usine_A-000639,LOT-104,AcierPro,Acier Inox 316L,1500.0,1500.74,99.5,208.7,RUN,43.3,4.11
2023-10-26 18:38:30,P-Usine_A-000640,LOT-101,AcierPro,Acier Inox 316L,1500.0,1500.53,100.9,203.3,RUN,40.6,3.71
2023-10-26 18:38:51,P-Usine_A-000641,LOT-105,MetalX,Acier Inox 316L,1500.0,1499.85,101.4,240.0,RUN,47.5,2.91
2023-10-26 18:38:46,P-Usine_A-000642,LOT-102,AluBest,Acier Inox 316L,1500.0,1500.41,103.5,213.0,RUN,47.6,3.64
2023-10-26 18:43:54,P-Usine_A-000643,LOT-100,AcierPro,Acier Inox 316L,1500.0,1499.73,101.0,247.9,RUN,46.0,3.64
2023-10-26 18:41:16,P-Usine_A-000644,LOT-100,AluBest,Acier Inox 316L,1500.0,1499.36,96.9,200.7,RUN,44.9,4.88
2023-10-26 18:44:05,P-Usine_A-000645,LOT-103,AcierPro,Acier Inox 316L,1500.0,1500.51,95.3,217.2,RUN,46.2,3.53
2023-10-26 18:50:48,P-Usine_A-000646,LOT-100,MetalX,Acier Inox 316L,1500.0,1500.0,98.2,222.1,RUN,43.3,4.18
2023-10-26 18:47:05,P-Usine_A-000647,LOT-100,AcierPro,Acier Inox 316L,1500.0,1499.96,95.8,241.2,RUN,48.8,4.4
2023-10-26 18:49:06,P-Usine_A-000648,LOT-102,MetalX,Acier Inox 316L,1500.0,1500.52,95.6,243.4,RUN,50.0,2.67
2023-10-26 18:46:22,P-Usine_A-000649,LOT-101,AluBest,Acier Inox 316L,1500.0,1500.76,99.4,241.6,RUN,41.6,4.81
2023-10-26 18:51:48,P-Usine_A-000650,LOT-100,AluBest,Acier Inox 316L,1500.0,1499.22,100.0,200.7,RUN,47.1,2.65
2023-10-26 18:49:59,P-Usine_A-000651,LOT-104,MetalX,Acier Inox 316L,1500.0,1500.8,96.1,240.4,RUN,48.5,3.53
2023-10-26 18:49:05,P-Usine_A-000652,LOT-105,MetalX,Acier Inox 316L,1500.0,1499.99,97.5,215.9,RUN,42.3,
2023-10-26 18:53:21,P-Usine_A-000653,LOT-104,AluBest,Acier Inox 316L,1500.0,1500.43,104.9,236.4,RUN,40.6,2.31
2023-10-26 18:58:21,P-Usine_A-000654,LOT-102,AluBest,Acier Inox 316L,1500.0,1499.69,99.8,218.6,RUN,42.2,2.6
2023-10-26 18:53:57,P-Usine_A-000655,LOT-101,AcierPro,Acier Inox 316L,1500.0,,102.9,232.0,RUN,48.1,2.9
2023-10-26 18:54:48,P-Usine_A-000656,LOT-104,MetalX,Acier Inox 316L,1500.0,1499.42,104.8,212.7,RUN,47.6,4.87
2023-10-26 19:02:06,P-Usine_A-000657,LOT-103,AluBest,Acier Inox 316L,1500.0,1499.68,99.6,215.6,RUN,42.7,3.68
2023-10-26 19:01:35,P-Usine_A-000658,LOT-104,AluBest,Acier Inox 316L,1500.0,1499.83,96.9,214.4,RUN,44.2,2.19
2023-10-26 19:04:22,P-Usine_A-000659,LOT-102,MetalX,Acier Inox 316L,1500.0,1498.86,100.6,248.7,RUN,40.8,2.34
2023-10-26 19:03:43,P-Usine_A-000660,LOT-101,MetalX,Acier Inox 316L,1500.0,1500.04,102.5,240.9,RUN,45.2,2.84
2023-10-26 19:01:20,P-Usine_A-000661,LOT-101,AcierPro,Acier Inox 316L,1500.0,1499.88,96.5,238.3,RUN,41.8,4.61
2023-10-26 19:04:42,P-Usine_A-000662,LOT-104,AluBest,Acier Inox 316L,1500.0,1500.1,97.7,216.5,RUN,48.2,2.08
2023-10-26 19:06:17,P-Usine_A-000663,LOT-103,AluBest,Acier Inox 316L,1500.0,,104.5,226.1,RUN,44.8,2.37
2023-10-26 19:03:57,P-Usine_A-000664,LOT-102,AluBest,Acier Inox 316L,1500.0,1499.72,95.9,240.2,RUN,47.7,4.62
2023-10-26 19:03:45,P-Usine_A-000665,LOT-101,AcierPro,Acier Inox 316L,1500.0,1499.78,104.8,216.7,RUN,47.6,3.14
2023-10-26 19:04:26,P-Usine_A-000666,LOT-105,AcierPro,Acier Inox 316L,1500.0,1500.64,96.8,207.1,RUN,40.2,4.96
2023-10-26 19:07:32,P-Usine_A-000667,LOT-102,AluBest,Acier Inox 316L,1500.0,1500.17,98.4,204.3,999.9,47.4,3.2
2023-10-26 19:14:03,P-Usine_A-000668,LOT-103,AcierPro,Acier Inox 316L,1500.0,1501.41,101.8,241.2,RUN,48.5,2.29
2023-10-26 19:07:32,P-Usine_A-000669,LOT-102,AcierPro,Acier Inox 316L,1500.0,1499.59,104.1,203.7,RUN,43.0,4.13
2023-10-26 19:07:33,P-Usine_A-000670,LOT-102,MetalX,Acier Inox 316L,1500.0,1499.48,99.9,208.8,RUN,48.3,2.84
2023-10-26 19:14:19,P-Usine_A-000671,LOT-100,AluBest,Acier Inox 316L,1500.0,1500.29,96.4,209.7,RUN,44.0,3.15
2023-10-26 19:15:23,P-Usine_A-000672,LOT-102,AcierPro,Acier Inox 316L,1500.0,1499.55,103.3,202.8,STOP,40.1,2.07
2023-10-26 19:16:52,P-Usine_A-000673,LOT-100,AcierPro,Acier Inox 316L,1500.0,1499.8,100.2,233.2,RUN,45.6,3.61
2023-10-26 19:16:06,P-Usine_A-000674,LOT-104,MetalX,Acier Inox 316L,1500.0,1499.64,97.0,248.2,RUN,42.5,3.1
2023-10-26 19:14:50,P-Usine_A-000675,LOT-104,AluBest,Acier Inox 316L,1500.0,1499.07,98.3,201.3,RUN,44.5,3.69
2023-10-26 19:16:57,P-Usine_A-000676,LOT-102,MetalX,Acier Inox 316L,1500.0,1499.02,98.6,244.8,RUN,46.1,4.09
2023-10-26 19:17:44,P-Usine_A-000677,LOT-105,MetalX,Acier Inox 316L,1500.0,1500.14,102.0,220.1,RUN,44.3,4.23
2023-10-26 19:24:19,P-Usine_A-000678,LOT-104,AcierPro,Acier Inox 316L,1500.0,1500.12,95.0,233.7,RUN,44.0,2.04
2023-10-26 19:16:47,P-Usine_A-000679,LOT-103,MetalX,Acier Inox 316L,1500.0,1499.96,100.0,212.1,RUN,44.3,2.51
2023-10-26 19:18:47,P-Usine_A-000680,LOT-101,MetalX,Acier Inox 316L,1500.0,1500.93,103.2,206.8,RUN,48.3,3.71
2023-10-26 19:21:57,P-Usine_A-000681,LOT-101,MetalX,Acier Inox 316L,1500.0,1500.31,95.3,222.1,RUN,45.9,4.81
2023-10-26 19:26:16,P-Usine_A-000682,LOT-103,MetalX,Acier Inox 316L,1500.0,1500.04,104.4,247.0,RUN,41.1,4.47
2023-10-26 19:22:42,P-Usine_A-000683,LOT-101,MetalX,Acier Inox 316L,1500.0,1500.0,99.8,239.2,RUN,43.2,4.92
2023-10-26 19:24:56,P-Usine_A-000684,LOT-101,AluBest,Acier Inox 316L,1500.0,1500.33,103.3,203.1,RUN,40.5,4.86
2023-10-26 19:22:15,P-Usine_A-000685,LOT-104,AcierPro,Acier Inox 316L,1500.0,1499.29,100.4,217.6,RUN,41.7,2.27
2023-10-26 19:27:28,P-Usine_A-000686,LOT-105,MetalX,Acier Inox 316L,1500.0,1499.41,99.6,241.2,RUN,49.4,3.01
2023-10-26 19:25:32,P-Usine_A-000687,LOT-103,AluBest,Acier Inox 316L,1500.0,1499.99,100.5,213.5,RUN,47.8,2.44
2023-10-26 19:25:32,P-Usine_A-000687,LOT-103,AluBest,Acier Inox 316L,1500.0,1499.99,100.5,213.5,RUN,47.8,2.44
2023-10-26 19:33:41,P-Usine_A-000688,LOT-101,AluBest,Acier Inox 316L,1500.0,1499.64,102.8,246.4,RUN,44.8,4.62
2023-10-26 19:26:18,P-Usine_A-000689,LOT-102,AluBest,Acier Inox 316L,1500.0,1500.34,97.1,229.9,RUN,47.6,2.46
2023-10-26 19:34:43,P-Usine_A-000690,LOT-102,AcierPro,Acier Inox 316L,1500.0,1500.3,103.9,233.2,RUN,46.7,4.85
2023-10-26 19:31:45,P-Usine_A-000691,LOT-100,AluBest,Acier Inox 316L,1500.0,1499.82,103.5,201.7,RUN,49.9,4.06
2023-10-26 19:31:57,P-Usine_A-000692,LOT-103,AcierPro,Acier Inox 316L,1500.0,1499.84,98.4,205.7,RUN,49.2,2.39
2023-10-26 19:33:24,P-Usine_A-000693,LOT-104,MetalX,Acier Inox 316L,1500.0,1499.66,103.3,226.3,RUN,48.5,3.76
2023-10-26 19:32:08,P-Usine_A-000694,LOT-103,AluBest,Acier Inox 316L,1500.0,1500.57,103.2,202.0,RUN,49.6,4.22
2023-10-26 19:31:03,P-Usine_A-000695,LOT-100,AcierPro,Acier Inox 316L,1500.0,1499.58,101.6,243.5,RUN,48.0,3.23
2023-10-26 19:40:43,P-Usine_A-000696,LOT-101,AluBest,Acier Inox 316L,1500.0,1500.51,98.1,233.0,RUN,43.8,4.76
2023-10-26 19:42:01,P-Usine_A-000697,LOT-103,MetalX,Acier Inox 316L,1500.0,1499.94,99.4,229.5,RUN,49.1,3.29
2023-10-26 19:42:22,P-Usine_A-000698,LOT-104,AluBest,Acier Inox 316L,1500.0,1499.37,104.7,210.8,RUN,42.4,4.08
2023-10-26 19:44:12,P-Usine_A-000699,LOT-104,AcierPro,Acier Inox 316L,1500.0,1500.85,103.0,228.7,RUN,41.7,4.31
2023-10-26 19:39:10,P-Usine_A-000700,LOT-100,MetalX,Acier Inox 316L,1500.0,1499.31,,242.3,RUN,49.6,3.42
2023-10-26 19:42:17,P-Usine_A-000701,LOT-104,AcierPro,Acier Inox 316L,1500.0,1500.25,96.4,202.1,RUN,44.9,3.08
2023-10-26 19:46:11,P-Usine_A-000702,LOT-104,MetalX,Acier Inox 316L,1500.0,1499.59,96.1,226.7,RUN,42.0,2.57
2023-10-26 19:44:08,P-Usine_A-000703,LOT-105,AcierPro,Acier Inox 316L,1500.0,1499.26,101.5,200.9,RUN,47.1,3.61
2023-10-26 19:46:51,P-Usine_A-000704,LOT-100,AluBest,Acier Inox 316L,1500.0,1499.28,100.1,230.3,RUN,45.7,4.99
2023-10-26 19:43:08,P-Usine_A-000705,LOT-103,AluBest,Acier Inox 316L,1500.0,1499.1,99.1,216.8,RUN,47.9,2.31
2023-10-26 19:49:05,P-Usine_A-000706,LOT-103,AcierPro,Acier Inox 316L,1500.0,1500.95,102.2,231.3,RUN,44.1,3.69
2023-10-26 19:52:44,P-Usine_A-000707,LOT-104,AcierPro,Acier Inox 316L,,1500.04,96.1,208.1,RUN,49.3,3.22
2023-10-26 19:46:17,P-Usine_A-000708,LOT-102,AluBest,Acier Inox 316L,1500.0,1500.76,103.8,236.9,RUN,47.3,3.07
2023-10-26 19:46:41,P-Usine_A-000709,LOT-101,AluBest,Acier Inox 316L,1500.0,1500.03,95.4,220.3,RUN,43.8,3.43
2023-10-26 19:53:34,P-Usine_A-000710,LOT-102,AcierPro,Acier Inox 316L,1500.0,1499.61,104.0,217.0,RUN,45.6,4.87
2023-10-26 19:50:36,P-Usine_A-000711,LOT-101,MetalX,Acier Inox 316L,1500.0,1500.13,96.0,223.2,RUN,42.4,2.9
2023-10-26 19:50:36,P-Usine_A-000711,LOT-101,MetalX,Acier Inox 316L,1500.0,1500.13,96.0,223.2,RUN,42.4,2.9
2023-10-26 19:52:19,P-Usine_A-000712,LOT-104,MetalX,Acier Inox 316L,1500.0,1499.77,102.6,214.2,RUN,48.3,3.89
2023-10-26 19:49:40,P-Usine_A-000713,LOT-104,AcierPro,Acier Inox 316L,1500.0,1499.67,96.6,211.8,RUN,46.9,3.02
2023-10-26 19:56:37,P-Usine_A-000714,LOT-100,AluBest,Acier Inox 316L,1500.0,1500.48,98.9,244.5,RUN,40.5,2.53
2023-10-26 19:57:40,P-Usine_A-000715,LOT-104,AluBest,Acier Inox 316L,1500.0,1500.66,104.5,244.5,RUN,40.9,2.85
2023-10-26 20:00:33,P-Usine_A-000716,LOT-100,AluBest,Acier Inox 316L,1500.0,1499.68,102.0,200.4,RUN,44.6,4.41
2023-10-26 19:57:39,P-Usine_A-000717,LOT-101,MetalX,Acier Inox 316L,1500.0,1499.99,98.4,224.3,RUN,45.9,3.58
2023-10-26 19:55:01,P-Usine_A-000718,LOT-104,AluBest,Acier Inox 316L,1500.0,1499.7,102.1,230.9,RUN,41.0,
2023-10-26 20:04:50,P-Usine_A-000719,LOT-104,MetalX,Acier Inox 316L,1500.0,1499.3,97.9,245.3,RUN,40.9,4.99
2023-10-26 20:00:05,P-Usine_A-000720,LOT-103,AcierPro,Acier Inox 316L,1500.0,1500.11,102.7,249.1,RUN,43.5,2.53
2023-10-26 20:05:33,P-Usine_A-000721,LOT-100,AcierPro,Acier Inox 316L,1500.0,1500.59,99.1,208.0,RUN,42.8,4.74
2023-10-26 20:03:04,P-Usine_A-000722,LOT-101,MetalX,Acier Inox 316L,1500.0,1499.98,100.8,215.2,RUN,42.9,3.63
2023-10-26 20:01:40,P-Usine_A-000723,LOT-105,AluBest,Acier Inox 316L,1500.0,1499.87,95.4,201.3,RUN,40.2,3.05
2023-10-26 20:05:27,P-Usine_A-000724,LOT-101,MetalX,Acier Inox 316L,1500.0,1499.62,99.3,224.9,,43.9,2.83
2023-10-26 20:09:10,P-Usine_A-000725,LOT-102,MetalX,Acier Inox 316L,1500.0,1500.04,101.8,217.3,RUN,41.8,4.19
2023-10-26 20:09:10,P-Usine_A-000725,LOT-102,MetalX,Acier Inox 316L,1500.0,1500.04,101.8,217.3,RUN,41.8,4.19
2023-10-26 20:08:02,P-Usine_A-000726,LOT-103,AluBest,Acier Inox 316L,1500.0,1500.35,96.4,243.7,RUN,43.0,3.57
2023-10-26 20:13:10,P-Usine_A-000727,LOT-100,AcierPro,Acier Inox 316L,1500.0,1499.42,97.8,218.1,RUN,47.8,3.45
2023-10-26 20:10:39,P-Usine_A-000728,LOT-102,AluBest,Acier Inox 316L,1500.0,1500.25,104.1,223.8,RUN,45.9,4.24
2023-10-26 20:11:20,P-Usine_A-000729,LOT-105,999.9,Acier Inox 316L,1500.0,1498.97,98.7,201.2,RUN,41.5,4.56
2023-10-26 20:10:27,P-Usine_A-000730,LOT-103,AcierPro,Acier Inox 316L,1500.0,1500.56,95.6,223.7,RUN,43.9,2.77
2023-10-26 20:10:39,P-Usine_A-000731,LOT-102,MetalX,Acier Inox 316L,1500.0,1499.74,95.2,216.1,RUN,44.3,4.63
2023-10-26 20:11:51,P-Usine_A-000732,LOT-105,AcierPro,Acier Inox 316L,1500.0,1499.96,103.4,230.3,RUN,47.6,4.39
2023-10-26 20:09:46,P-Usine_A-000733,LOT-104,AcierPro,Acier Inox 316L,1500.0,1500.31,95.0,231.9,RUN,46.1,4.11
2023-10-26 20:19:17,P-Usine_A-000734,LOT-104,AluBest,Acier Inox 316L,1500.0,1500.24,98.7,223.1,RUN,44.3,2.84
2023-10-26 20:13:15,P-Usine_A-000735,LOT-105,AluBest,Acier Inox 316L,1500.0,1500.79,95.9,243.4,RUN,46.3,4.87
2023-10-26 20:13:05,P-Usine_A-000736,LOT-104,AcierPro,Acier Inox 316L,1500.0,1500.49,101.9,220.4,RUN,49.3,2.43
2023-10-26 20:21:48,P-Usine_A-000737,LOT-103,AluBest,Acier Inox 316L,1500.0,1499.56,99.2,219.9,RUN,41.5,4.07
2023-10-26 20:20:52,P-Usine_A-000738,LOT-103,AcierPro,Acier Inox 316L,1500.0,1499.33,103.3,223.2,RUN,41.4,2.74
2023-10-26 20:21:23,P-Usine_A-000739,,AcierPro,Acier Inox 316L,1500.0,1499.69,96.0,201.2,RUN,44.0,4.75
2023-10-26 20:19:37,P-Usine_A-000740,LOT-100,MetalX,Acier Inox 316L,1500.0,1499.22,105.0,238.2,RUN,40.3,2.25
2023-10-26 20:22:58,P-Usine_A-000741,LOT-105,AcierPro,Acier Inox 316L,1500.0,1499.49,96.1,204.3,RUN,49.1,4.79
2023-10-26 20:25:24,P-Usine_A-000742,LOT-100,AcierPro,Acier Inox 316L,1500.0,1499.59,99.3,222.7,RUN,47.8,3.24
2023-10-26 20:21:43,P-Usine_A-000743,LOT-104,AcierPro,Acier Inox 316L,1500.0,1499.91,104.0,238.6,RUN,45.7,3.02
2023-10-26 20:23:20,P-Usine_A-000744,LOT-103,AcierPro,Acier Inox 316L,1500.0,1499.96,103.2,236.2,RUN,45.8,2.94
2023-10-26 20:22:03,P-Usine_A-000745,LOT-105,AluBest,Acier Inox 316L,1500.0,1500.68,96.0,223.6,RUN,40.0,3.42
2023-10-26 20:31:02,P-Usine_A-000746,LOT-103,AcierPro,Acier Inox 316L,1500.0,1499.76,102.6,224.1,999.9,46.7,3.11
2023-10-26 20:23:39,P-Usine_A-000747,LOT-102,AluBest,Acier Inox 316L,1500.0,1500.26,104.7,230.1,RUN,48.2,3.15
2023-10-26 20:32:14,P-Usine_A-000748,LOT-101,AcierPro,Acier Inox 316L,1500.0,1500.28,104.6,237.4,RUN,49.9,3.7
2023-10-26 20:31:28,P-Usine_A-000749,LOT-101,AcierPro,Acier Inox 316L,1500.0,1499.84,99.2,213.1,RUN,47.4,3.08
2023-10-26 20:33:54,P-Usine_A-000750,LOT-105,MetalX,Acier Inox 316L,1500.0,1499.85,97.9,246.3,RUN,43.6,2.23
2023-10-26 20:29:17,P-Usine_A-000751,LOT-102,MetalX,Acier Inox 316L,1500.0,1499.63,98.7,232.1,STOP,45.8,3.43
2023-10-26 20:33:10,P-Usine_A-000752,LOT-103,AluBest,Acier Inox 316L,1500.0,1500.66,95.5,229.6,RUN,43.7,4.76
2023-10-26 20:37:14,P-Usine_A-000753,LOT-104,AluBest,Acier Inox 316L,1500.0,1500.42,103.5,202.8,RUN,45.1,2.13
2023-10-26 20:31:22,P-Usine_A-000754,LOT-102,MetalX,Acier Inox 316L,1500.0,1500.21,95.2,205.8,RUN,44.3,2.81
2023-10-26 20:36:23,P-Usine_A-000755,LOT-100,AcierPro,Acier Inox 316L,1500.0,1499.26,95.9,211.9,RUN,49.1,3.04
2023-10-26 20:33:59,P-Usine_A-000756,LOT-100,AluBest,Acier Inox 316L,1500.0,1499.23,97.2,208.2,RUN,42.5,2.12
2023-10-26 20:35:04,P-Usine_A-000757,LOT-102,AcierPro,Acier Inox 316L,1500.0,1500.9,102.0,243.7,RUN,40.9,4.02
2023-10-26 20:37:12,P-Usine_A-000758,LOT-103,AluBest,Acier Inox 316L,1500.0,1500.94,102.5,232.0,RUN,48.6,4.36
2023-10-26 20:39:20,P-Usine_A-000759,LOT-103,AcierPro,Acier Inox 316L,1500.0,1500.48,101.9,230.9,RUN,46.1,2.47
2023-10-26 20:39:54,P-Usine_A-000760,LOT-101,AluBest,Acier Inox 316L,1500.0,1500.52,99.9,210.4,RUN,43.9,3.3
2023-10-26 20:44:45,P-Usine_A-000761,LOT-101,AluBest,Acier Inox 316L,1500.0,1500.41,101.8,248.9,RUN,41.8,4.76
2023-10-26 20:43:03,P-Usine_A-000762,LOT-104,MetalX,Acier Inox 316L,1500.0,1500.37,98.7,207.0,RUN,41.8,3.87
2023-10-26 20:44:40,P-Usine_A-000763,LOT-104,AluBest,Acier Inox 316L,1500.0,1500.39,96.7,240.9,RUN,41.2,4.8
2023-10-26 20:47:39,P-Usine_A-000764,LOT-101,AluBest,Acier Inox 316L,1500.0,1499.91,96.3,204.5,RUN,45.7,3.65
2023-10-26 20:45:56,P-Usine_A-000765,LOT-100,AluBest,999.9,1500.0,1499.93,98.8,247.1,RUN,44.3,3.28
2023-10-26 20:42:59,P-Usine_A-000766,LOT-105,AluBest,Acier Inox 316L,1500.0,1500.76,103.3,245.3,RUN,42.5,4.68
2023-10-26 20:46:29,P-Usine_A-000767,LOT-100,AluBest,Acier Inox 316L,1500.0,1499.83,102.8,232.1,RUN,46.9,3.95
2023-10-26 20:51:06,P-Usine_A-000768,LOT-105,MetalX,Acier Inox 316L,1500.0,1500.24,98.0,236.1,RUN,46.4,3.84
2023-10-26 20:51:16,P-Usine_A-000769,LOT-104,AluBest,Acier Inox 316L,1500.0,1499.72,97.1,234.9,RUN,47.4,4.71
2023-10-26 20:46:31,P-Usine_A-000770,LOT-100,AcierPro,Acier Inox 316L,1500.0,1499.67,103.3,229.6,RUN,49.3,4.87
2023-10-26 20:56:06,P-Usine_A-000771,LOT-100,AluBest,Acier Inox 316L,1500.0,1499.96,103.0,205.9,STOP,44.1,2.35
2023-10-26 20:57:37,P-Usine_A-000772,LOT-101,AcierPro,Acier Inox 316L,1500.0,1500.27,102.1,217.7,RUN,47.0,3.22
2023-10-26 20:52:35,P-Usine_A-000773,LOT-105,AluBest,Acier Inox 316L,1500.0,1500.32,104.8,233.4,RUN,44.9,3.85
2023-10-26 20:55:14,P-Usine_A-000774,LOT-102,AcierPro,Acier Inox 316L,1500.0,1499.85,102.2,239.9,RUN,40.0,3.88
2023-10-26 20:52:01,P-Usine_A-000775,LOT-101,MetalX,Acier Inox 316L,1500.0,1499.5,104.6,203.2,RUN,45.9,4.95
2023-10-26 20:57:32,P-Usine_A-000776,LOT-100,AcierPro,Acier Inox 316L,1500.0,1499.73,99.6,238.0,RUN,49.0,3.33
2023-10-26 20:53:43,P-Usine_A-000777,LOT-104,,Acier Inox 316L,1500.0,1499.54,102.7,225.3,RUN,42.1,4.35
2023-10-26 20:54:16,P-Usine_A-000778,LOT-104,AluBest,Acier Inox 316L,1500.0,1499.04,95.2,203.8,RUN,41.1,2.43
2023-10-26 20:59:14,P-Usine_A-000779,LOT-103,MetalX,Acier Inox 316L,1500.0,1499.52,102.5,202.9,RUN,47.1,3.01
2023-10-26 21:00:00,P-Usine_A-000780,LOT-101,MetalX,Acier Inox 316L,1500.0,1500.09,99.8,205.2,RUN,44.7,3.0
2023-10-26 21:04:05,P-Usine_A-000781,LOT-102,AluBest,Acier Inox 316L,1500.0,1499.84,101.9,207.2,RUN,42.9,4.73
2023-10-26 21:03:08,P-Usine_A-000782,LOT-101,AcierPro,Acier Inox 316L,1500.0,1499.65,,243.1,RUN,47.1,4.92
2023-10-26 21:01:35,P-Usine_A-000783,LOT-100,MetalX,Acier Inox 316L,1500.0,1500.2,103.9,210.1,RUN,49.2,3.28
2023-10-26 21:02:57,P-Usine_A-000784,LOT-101,AluBest,Acier Inox 316L,1500.0,1500.08,98.1,249.2,RUN,44.2,4.87
2023-10-26 21:05:10,P-Usine_A-000785,LOT-104,AluBest,Acier Inox 316L,1500.0,1500.91,97.8,206.5,RUN,41.8,4.41
2023-10-26 21:09:55,P-Usine_A-000786,LOT-105,AcierPro,Acier Inox 316L,1500.0,1499.32,96.9,205.8,RUN,42.2,2.49
2023-10-26 21:07:30,P-Usine_A-000787,LOT-103,AcierPro,Acier Inox 316L,1500.0,1500.14,103.5,235.1,RUN,43.7,3.92
2023-10-26 21:04:50,P-Usine_A-000788,LOT-104,AluBest,Acier Inox 316L,1500.0,1499.38,101.0,200.2,RUN,45.4,4.74
2023-10-26 21:11:07,P-Usine_A-000789,LOT-103,AluBest,Acier Inox 316L,1500.0,1500.6,95.1,207.7,RUN,47.0,4.49
2023-10-26 21:10:51,P-Usine_A-000790,LOT-100,AcierPro,Acier Inox 316L,1500.0,1500.12,100.8,223.0,RUN,42.3,2.12
2023-10-26 21:08:53,P-Usine_A-000791,LOT-100,MetalX,Acier Inox 316L,1500.0,1499.51,100.2,243.1,RUN,48.3,4.03
2023-10-26 21:14:41,P-Usine_A-000792,LOT-100,AluBest,Acier Inox 316L,1500.0,1500.54,102.8,239.3,RUN,40.1,4.32
2023-10-26 21:16:49,,LOT-101,AluBest,Acier Inox 316L,1500.0,1501.68,95.6,226.8,RUN,40.4,3.64
2023-10-26 21:10:56,P-Usine_A-000794,LOT-102,AluBest,Acier Inox 316L,1500.0,1500.34,96.0,204.6,RUN,45.4,2.23
2023-10-26 21:16:16,P-Usine_A-000795,LOT-101,999.9,Acier Inox 316L,1500.0,1500.41,97.2,236.5,RUN,46.9,4.18
2023-10-26 21:14:52,P-Usine_A-000796,LOT-104,MetalX,Acier Inox 316L,1500.0,1499.39,100.6,236.6,RUN,46.6,3.34
2023-10-26 21:15:07,P-Usine_A-000797,LOT-103,MetalX,Acier Inox 316L,1500.0,1499.87,95.2,244.9,RUN,47.5,4.45
2023-10-26 21:23:22,P-Usine_A-000798,LOT-100,MetalX,Acier Inox 316L,1500.0,1500.69,95.5,249.1,RUN,40.8,4.07
,P-Usine_A-000799,LOT-102,AluBest,Acier Inox 316L,1500.0,1499.85,103.2,206.9,RUN,40.4,3.27
2023-10-26 21:20:19,P-Usine_A-000800,LOT-105,AcierPro,Acier Inox 316L,1500.0,1500.29,103.3,237.7,RUN,47.2,2.94
2023-10-26 21:19:44,P-Usine_A-000801,LOT-103,AcierPro,Acier Inox 316L,1500.0,1500.78,104.1,226.3,RUN,43.5,3.7
2023-10-26 21:20:55,P-Usine_A-000802,LOT-105,MetalX,,1500.0,1499.85,104.3,212.6,RUN,43.3,4.56
2023-10-26 21:24:14,P-Usine_A-000803,LOT-103,MetalX,Acier Inox 316L,1500.0,1500.11,97.9,217.3,RUN,41.4,2.55
2023-10-26 21:20:43,P-Usine_A-000804,LOT-100,MetalX,Acier Inox 316L,1500.0,1500.2,102.6,234.0,RUN,40.1,3.33
2023-10-26 21:25:32,P-Usine_A-000805,LOT-100,AcierPro,Acier Inox 316L,1500.0,1499.28,98.9,208.8,RUN,41.1,2.86
2023-10-26 21:24:30,P-Usine_A-000806,LOT-103,AcierPro,Acier Inox 316L,1500.0,1499.61,101.0,202.0,RUN,40.4,4.58
2023-10-26 21:30:26,P-Usine_A-000807,LOT-105,AcierPro,Acier Inox 316L,1500.0,1499.53,102.5,248.0,RUN,44.2,4.35
2023-10-26 21:32:54,P-Usine_A-000808,LOT-105,MetalX,Acier Inox 316L,1500.0,1499.67,103.3,223.4,RUN,45.2,3.26
2023-10-26 21:29:37,P-Usine_A-000809,LOT-102,AluBest,Acier Inox 316L,1500.0,1500.62,100.1,244.0,RUN,47.0,2.44
2023-10-26 21:28:45,P-Usine_A-000810,LOT-103,AluBest,Acier Inox 316L,1500.0,1499.45,103.5,215.2,RUN,48.4,3.45
2023-10-26 21:26:57,P-Usine_A-000811,LOT-104,MetalX,Acier Inox 316L,1500.0,1498.73,99.6,232.4,RUN,41.8,2.25
2023-10-26 21:26:57,P-Usine_A-000811,LOT-104,MetalX,Acier Inox 316L,1500.0,1498.73,99.6,232.4,RUN,41.8,2.25
2023-10-26 21:33:11,P-Usine_A-000812,LOT-105,AluBest,Acier Inox 316L,1500.0,1500.35,96.9,204.3,RUN,44.8,2.6
2023-10-26 21:34:35,P-Usine_A-000813,LOT-100,AcierPro,Acier Inox 316L,1500.0,1499.98,104.0,246.0,RUN,46.3,2.19
2023-10-26 21:31:30,P-Usine_A-000814,LOT-103,AcierPro,Acier Inox 316L,1500.0,1500.28,97.7,218.1,RUN,49.2,4.58
2023-10-26 21:36:29,P-Usine_A-000815,LOT-102,AluBest,Acier Inox 316L,1500.0,1499.75,100.1,204.7,RUN,45.6,4.46
2023-10-26 21:36:29,P-Usine_A-000815,LOT-102,AluBest,Acier Inox 316L,1500.0,1499.75,100.1,204.7,RUN,45.6,4.46
2023-10-26 21:36:51,P-Usine_A-000816,LOT-102,MetalX,Acier Inox 316L,1500.0,1499.78,98.0,216.4,RUN,46.2,2.58
2023-10-26 21:42:50,P-Usine_A-000817,LOT-105,AcierPro,Acier Inox 316L,1500.0,1500.42,104.9,202.9,RUN,44.1,4.3
2023-10-26 21:34:55,P-Usine_A-000818,LOT-104,AcierPro,Acier Inox 316L,1500.0,1500.29,99.8,203.2,RUN,42.0,2.7
2023-10-26 21:42:13,P-Usine_A-000819,LOT-104,AcierPro,Acier Inox 316L,1500.0,1500.5,104.1,211.5,RUN,44.3,2.62
2023-10-26 21:39:51,P-Usine_A-000820,LOT-101,AluBest,Acier Inox 316L,1500.0,1499.59,104.2,238.8,RUN,40.4,2.79
2023-10-26 21:41:57,P-Usine_A-000821,LOT-102,AluBest,Acier Inox 316L,1500.0,1500.18,102.2,230.7,RUN,48.3,2.6
2023-10-26 21:47:04,P-Usine_A-000822,LOT-105,AcierPro,Acier Inox 316L,1500.0,1499.25,96.3,238.3,RUN,48.3,2.43
2023-10-26 21:43:46,P-Usine_A-000823,LOT-101,AcierPro,Acier Inox 316L,1500.0,1500.09,96.8,246.3,RUN,47.8,4.69
2023-10-26 21:46:12,P-Usine_A-000824,LOT-105,AluBest,Acier Inox 316L,1500.0,1500.39,97.7,248.6,RUN,45.7,2.32
2023-10-26 21:41:35,P-Usine_A-000825,LOT-100,AluBest,Acier Inox 316L,1500.0,1500.08,95.9,201.5,RUN,47.0,2.37
2023-10-26 21:49:15,P-Usine_A-000826,LOT-105,AcierPro,Acier Inox 316L,1500.0,1501.17,95.5,248.8,RUN,46.7,2.64
2023-10-26 21:48:53,P-Usine_A-000827,LOT-102,AluBest,Acier Inox 316L,1500.0,1499.93,102.7,207.8,RUN,43.7,3.44
2023-10-26 21:51:02,P-Usine_A-000828,LOT-105,MetalX,Acier Inox 316L,1500.0,1500.24,103.9,243.9,RUN,43.7,2.95
2023-10-26 21:53:40,P-Usine_A-000829,LOT-105,MetalX,Acier Inox 316L,1500.0,1499.93,99.4,200.7,RUN,40.9,2.85
2023-10-26 21:48:21,P-Usine_A-000830,LOT-100,MetalX,Acier Inox 316L,1500.0,1499.42,98.9,204.4,RUN,40.9,3.15
2023-10-26 21:48:21,P-Usine_A-000830,LOT-100,MetalX,Acier Inox 316L,1500.0,1499.42,98.9,204.4,RUN,40.9,3.15
2023-10-26 21:49:21,P-Usine_A-000831,LOT-105,AluBest,Acier Inox 316L,1500.0,1499.44,102.5,243.1,RUN,41.4,4.6
2023-10-26 21:47:29,P-Usine_A-000832,LOT-104,MetalX,Acier Inox 316L,1500.0,1500.12,104.6,233.3,RUN,45.6,4.49
2023-10-26 21:57:31,P-Usine_A-000833,LOT-100,AcierPro,Acier Inox 316L,1500.0,1500.24,98.3,224.9,RUN,45.6,4.5
2023-10-26 21:51:28,P-Usine_A-000834,LOT-104,AcierPro,Acier Inox 316L,1500.0,1499.82,99.8,229.6,RUN,40.9,4.03
2023-10-26 21:50:18,P-Usine_A-000835,LOT-103,AcierPro,Acier Inox 316L,1500.0,1500.2,102.6,204.9,RUN,43.1,4.23
2023-10-26 21:57:32,P-Usine_A-000836,LOT-102,MetalX,Acier Inox 316L,1500.0,1500.02,98.5,235.0,RUN,46.2,3.16
2023-10-26 21:59:09,P-Usine_A-000837,LOT-100,MetalX,Acier Inox 316L,1500.0,1500.12,99.9,203.3,RUN,45.8,2.06
2023-10-26 21:58:54,P-Usine_A-000838,LOT-105,MetalX,Acier Inox 316L,1500.0,1500.28,104.8,208.0,RUN,46.1,2.02
2023-10-26 21:56:22,P-Usine_A-000839,LOT-100,MetalX,Acier Inox 316L,1500.0,1499.85,100.1,241.4,RUN,40.0,4.3
2023-10-26 21:57:48,P-Usine_A-000840,LOT-101,AluBest,Acier Inox 316L,1500.0,1500.27,96.1,214.2,RUN,46.5,2.03
2023-10-26 21:56:19,P-Usine_A-000841,LOT-100,AcierPro,Acier Inox 316L,1500.0,1499.31,99.4,205.2,RUN,42.4,2.74
,P-Usine_A-000842,LOT-105,AluBest,Acier Inox 316L,1500.0,1499.71,101.3,221.3,RUN,49.1,4.51
2023-10-26 21:58:21,P-Usine_A-000843,LOT-105,MetalX,Acier Inox 316L,1500.0,1499.67,95.7,202.4,RUN,47.7,2.01
2023-10-26 22:06:05,P-Usine_A-000844,LOT-101,AluBest,Acier Inox 316L,1500.0,1499.64,102.5,241.5,RUN,42.7,4.98
2023-10-26 22:01:13,P-Usine_A-000845,LOT-104,AluBest,,1500.0,1500.61,101.8,237.4,RUN,45.6,2.49
2023-10-26 22:05:49,P-Usine_A-000846,LOT-101,AcierPro,Acier Inox 316L,1500.0,1499.48,102.8,232.2,RUN,49.6,2.41
2023-10-26 22:08:20,P-Usine_A-000847,LOT-102,AcierPro,Acier Inox 316L,1500.0,1499.76,104.8,209.6,RUN,49.9,3.62
2023-10-26 22:06:56,P-Usine_A-000848,LOT-103,AluBest,Acier Inox 316L,1500.0,1500.31,98.9,233.1,RUN,47.5,2.17
2023-10-26 22:11:00,P-Usine_A-000849,LOT-105,AluBest,Acier Inox 316L,1500.0,1500.28,96.4,,RUN,40.4,4.71
2023-10-26 22:09:50,P-Usine_A-000850,LOT-105,MetalX,Acier Inox 316L,1500.0,1499.93,103.8,240.8,RUN,44.5,2.17
2023-10-26 22:14:16,P-Usine_A-000851,LOT-105,AcierPro,Acier Inox 316L,1500.0,1499.02,95.7,200.2,STOP,47.3,4.31
2023-10-26 22:06:56,P-Usine_A-000852,LOT-100,MetalX,Acier Inox 316L,1500.0,1500.9,101.7,233.5,RUN,48.8,4.9
2023-10-26 22:10:44,P-Usine_A-000853,LOT-102,AcierPro,Acier Inox 316L,1500.0,1499.99,97.5,205.4,RUN,40.1,4.26
2023-10-26 22:09:41,P-Usine_A-000854,LOT-103,AluBest,Acier Inox 316L,1500.0,1499.43,101.2,248.3,RUN,49.7,2.2
2023-10-26 22:12:57,P-Usine_A-000855,LOT-104,AluBest,Acier Inox 316L,1500.0,1499.48,100.5,235.1,RUN,46.5,2.76
2023-10-26 22:13:53,P-Usine_A-000856,LOT-102,AcierPro,Acier Inox 316L,1500.0,1499.73,101.9,243.1,RUN,44.1,4.34
2023-10-26 22:19:43,P-Usine_A-000857,LOT-102,AcierPro,Acier Inox 316L,1500.0,1499.59,103.9,242.6,RUN,42.5,3.91
2023-10-26 22:15:25,P-Usine_A-000858,LOT-102,AcierPro,Acier Inox 316L,1500.0,1499.01,104.4,201.4,RUN,40.2,2.69
2023-10-26 22:17:44,P-Usine_A-000859,LOT-101,AcierPro,Acier Inox 316L,1500.0,999.9,101.6,243.5,RUN,46.3,3.9
2023-10-26 22:22:26,P-Usine_A-000860,LOT-103,MetalX,Acier Inox 316L,1500.0,1500.47,104.7,227.2,RUN,40.9,3.51
2023-10-26 22:16:56,P-Usine_A-000861,LOT-100,MetalX,Acier Inox 316L,1500.0,1500.51,103.7,205.8,RUN,47.1,3.0
2023-10-26 22:24:04,P-Usine_A-000862,LOT-100,AluBest,Acier Inox 316L,1500.0,1500.75,99.3,248.3,RUN,41.4,3.4
2023-10-26 22:26:49,P-Usine_A-000863,LOT-103,MetalX,Acier Inox 316L,1500.0,1500.08,97.2,246.4,RUN,42.3,2.11
2023-10-26 22:27:49,P-Usine_A-000864,LOT-102,AluBest,Acier Inox 316L,1500.0,1499.6,99.9,202.1,RUN,46.0,3.47
2023-10-26 22:20:02,P-Usine_A-000865,LOT-102,AluBest,Acier Inox 316L,1500.0,1500.39,97.4,226.6,RUN,45.4,3.13
2023-10-26 22:24:04,P-Usine_A-000866,LOT-100,MetalX,Acier Inox 316L,1500.0,1500.78,99.0,211.9,RUN,45.9,3.99
2023-10-26 22:27:25,P-Usine_A-000867,LOT-103,AcierPro,Acier Inox 316L,1500.0,1499.43,100.8,205.7,RUN,47.0,3.82
2023-10-26 22:31:41,P-Usine_A-000868,LOT-104,AluBest,Acier Inox 316L,1500.0,1499.72,96.9,203.7,RUN,40.4,2.97
2023-10-26 22:33:43,P-Usine_A-000869,LOT-105,AluBest,Acier Inox 316L,1500.0,1500.23,95.8,240.8,RUN,47.3,3.27
2023-10-26 22:33:01,P-Usine_A-000870,LOT-101,AcierPro,Acier Inox 316L,1500.0,1499.73,101.4,215.4,RUN,40.2,3.6
2023-10-26 22:27:54,P-Usine_A-000871,LOT-101,AcierPro,Acier Inox 316L,1500.0,1500.31,102.1,216.5,RUN,47.2,4.59
2023-10-26 22:32:59,P-Usine_A-000872,LOT-104,AcierPro,Acier Inox 316L,1500.0,1500.75,104.4,243.6,RUN,43.2,2.02
2023-10-26 22:32:59,P-Usine_A-000872,LOT-104,AcierPro,Acier Inox 316L,1500.0,1500.75,104.4,243.6,RUN,43.2,2.02
2023-10-26 22:37:00,P-Usine_A-000873,LOT-100,AcierPro,Acier Inox 316L,1500.0,1500.33,100.8,230.1,RUN,49.4,3.37
2023-10-26 22:33:05,P-Usine_A-000874,LOT-101,MetalX,Acier Inox 316L,1500.0,1499.8,104.5,236.6,RUN,47.0,4.36
2023-10-26 22:38:05,P-Usine_A-000875,LOT-101,MetalX,Acier Inox 316L,1500.0,1500.04,96.9,213.8,RUN,41.8,3.95
2023-10-26 22:31:57,P-Usine_A-000876,LOT-103,AcierPro,Acier Inox 316L,1500.0,1500.38,102.2,217.9,RUN,46.4,4.31
2023-10-26 22:40:05,P-Usine_A-000877,LOT-104,MetalX,Acier Inox 316L,1500.0,1499.13,97.6,229.7,RUN,44.8,5.0
2023-10-26 22:37:19,P-Usine_A-000878,LOT-103,MetalX,Acier Inox 316L,1500.0,1499.78,99.4,239.9,RUN,47.5,4.85
2023-10-26 22:43:38,P-Usine_A-000879,LOT-105,MetalX,Acier Inox 316L,1500.0,,99.4,242.2,RUN,49.2,3.44
2023-10-26 22:38:21,P-Usine_A-000880,LOT-103,AcierPro,Acier Inox 316L,1500.0,1500.92,99.5,225.8,RUN,42.7,3.58
2023-10-26 22:37:59,P-Usine_A-000881,LOT-102,AluBest,Acier Inox 316L,1500.0,1500.51,103.9,211.3,RUN,44.8,2.69
2023-10-26 22:43:30,P-Usine_A-000882,LOT-102,AcierPro,Acier Inox 316L,1500.0,1499.29,95.3,205.2,RUN,49.9,4.68
2023-10-26 22:43:06,P-Usine_A-000883,LOT-105,AluBest,Acier Inox 316L,1500.0,1500.78,100.7,218.3,RUN,48.7,4.51
2023-10-26 22:44:21,P-Usine_A-000884,LOT-103,AluBest,Acier Inox 316L,1500.0,1499.0,99.4,223.4,RUN,43.6,2.55
2023-10-26 22:46:39,P-Usine_A-000885,LOT-102,AluBest,Acier Inox 316L,1500.0,1498.85,102.8,219.0,RUN,43.7,3.13
2023-10-26 22:43:14,P-Usine_A-000886,LOT-105,MetalX,Acier Inox 316L,1500.0,1499.14,101.5,201.1,RUN,46.2,3.29
2023-10-26 22:45:42,P-Usine_A-000887,LOT-105,AcierPro,Acier Inox 316L,1500.0,1499.53,102.3,212.0,RUN,44.8,3.67
2023-10-26 22:49:00,P-Usine_A-000888,LOT-103,AcierPro,Acier Inox 316L,1500.0,1499.55,100.5,241.2,RUN,46.7,4.47
2023-10-26 22:44:43,P-Usine_A-000889,LOT-103,MetalX,Acier Inox 316L,1500.0,1499.98,96.7,241.2,RUN,48.0,2.87
2023-10-26 22:50:05,P-Usine_A-000890,LOT-103,AcierPro,Acier Inox 316L,1500.0,1499.99,100.2,247.2,RUN,47.1,2.37
2023-10-26 22:47:33,P-Usine_A-000891,LOT-103,AcierPro,Acier Inox 316L,1500.0,1500.92,98.4,240.4,RUN,43.0,4.9
2023-10-26 22:54:16,P-Usine_A-000892,LOT-105,AluBest,Acier Inox 316L,1500.0,1499.87,97.7,217.3,RUN,42.2,4.93
2023-10-26 22:54:56,P-Usine_A-000893,LOT-103,AluBest,Acier Inox 316L,1500.0,1500.0,97.0,238.8,RUN,45.2,2.49
2023-10-26 22:50:49,P-Usine_A-000894,LOT-103,MetalX,Acier Inox 316L,1500.0,1500.43,104.9,205.9,RUN,43.9,3.25
2023-10-26 22:50:38,P-Usine_A-000895,LOT-103,MetalX,Acier Inox 316L,1500.0,1499.66,96.5,235.9,RUN,40.3,4.13
2023-10-26 22:59:53,P-Usine_A-000896,LOT-102,MetalX,Acier Inox 316L,1500.0,1499.67,101.5,235.8,RUN,49.2,4.19
2023-10-26 23:00:50,P-Usine_A-000897,LOT-102,AluBest,Acier Inox 316L,1500.0,1499.99,104.1,249.4,RUN,48.7,3.48
2023-10-26 22:55:50,P-Usine_A-000898,LOT-100,AcierPro,Acier Inox 316L,999.9,1500.14,98.9,230.2,RUN,47.2,3.35
2023-10-26 23:03:38,P-Usine_A-000899,LOT-104,AcierPro,Acier Inox 316L,1500.0,1500.38,103.2,214.8,RUN,42.1,4.33
2023-10-26 22:57:26,P-Usine_A-000900,LOT-100,MetalX,Acier Inox 316L,1500.0,1500.23,97.7,214.6,RUN,41.1,3.38
2023-10-26 23:03:47,P-Usine_A-000901,LOT-102,AcierPro,Acier Inox 316L,1500.0,1500.78,102.9,217.8,RUN,42.8,3.74
2023-10-26 23:03:32,P-Usine_A-000902,LOT-102,AluBest,Acier Inox 316L,1500.0,1500.11,99.0,232.0,STOP,40.9,3.13
2023-10-26 23:01:38,P-Usine_A-000903,LOT-105,MetalX,Acier Inox 316L,1500.0,1500.61,102.1,249.0,RUN,,2.32
2023-10-26 23:06:33,P-Usine_A-000904,LOT-104,AcierPro,Acier Inox 316L,1500.0,1499.64,101.9,214.9,RUN,46.0,2.04
2023-10-26 23:10:24,P-Usine_A-000905,LOT-104,MetalX,Acier Inox 316L,1500.0,1499.64,101.2,242.6,RUN,44.8,2.68
2023-10-26 23:06:53,P-Usine_A-000906,LOT-105,AluBest,Acier Inox 316L,1500.0,1499.74,102.1,238.1,RUN,47.6,2.39
2023-10-26 23:08:52,P-Usine_A-000907,LOT-103,AluBest,Acier Inox 316L,1500.0,1500.15,96.7,243.8,RUN,40.8,2.72
2023-10-26 23:08:52,P-Usine_A-000907,LOT-103,AluBest,Acier Inox 316L,1500.0,1500.15,96.7,243.8,RUN,40.8,2.72
2023-10-26 23:07:44,P-Usine_A-000908,LOT-104,AcierPro,Acier Inox 316L,1500.0,1498.86,103.5,201.5,RUN,49.7,2.92
2023-10-26 23:04:56,P-Usine_A-000909,LOT-100,AcierPro,Acier Inox 316L,1500.0,1500.01,99.5,248.2,RUN,43.0,5.0
2023-10-26 23:10:12,P-Usine_A-000910,LOT-101,AluBest,Acier Inox 316L,1500.0,1499.65,101.2,224.7,RUN,40.5,4.9
2023-10-26 23:10:12,P-Usine_A-000910,LOT-101,AluBest,Acier Inox 316L,1500.0,1499.65,101.2,224.7,RUN,40.5,4.9
2023-10-26 23:07:20,P-Usine_A-000911,LOT-100,MetalX,Acier Inox 316L,1500.0,1500.58,102.8,208.2,RUN,42.5,4.14
2023-10-26 23:17:22,P-Usine_A-000912,LOT-103,MetalX,Acier Inox 316L,1500.0,1499.85,101.4,205.9,RUN,41.0,2.5
2023-10-26 23:09:24,P-Usine_A-000913,LOT-102,MetalX,Acier Inox 316L,1500.0,1500.17,101.5,223.6,RUN,44.7,2.61
2023-10-26 23:12:06,P-Usine_A-000914,LOT-101,AluBest,Acier Inox 316L,1500.0,1500.03,97.2,240.6,RUN,47.3,2.65
,P-Usine_A-000915,LOT-104,AcierPro,Acier Inox 316L,1500.0,1500.04,101.8,248.4,RUN,40.2,2.11
2023-10-26 23:16:12,P-Usine_A-000916,LOT-104,MetalX,Acier Inox 316L,1500.0,1500.2,99.9,225.4,RUN,45.4,2.34
2023-10-26 23:14:25,P-Usine_A-000917,LOT-103,AcierPro,Acier Inox 316L,1500.0,1499.73,102.8,203.5,RUN,47.6,4.83
2023-10-26 23:15:50,P-Usine_A-000918,LOT-105,AcierPro,Acier Inox 316L,1500.0,1499.22,103.5,212.3,RUN,45.0,3.49
2023-10-26 23:14:58,P-Usine_A-000919,LOT-104,MetalX,Acier Inox 316L,1500.0,1500.4,102.7,209.6,RUN,40.9,4.95
2023-10-26 23:20:39,P-Usine_A-000920,LOT-100,AluBest,Acier Inox 316L,1500.0,1500.38,102.3,211.5,RUN,46.5,3.37
2023-10-26 23:16:19,P-Usine_A-000921,LOT-103,MetalX,Acier Inox 316L,1500.0,1499.74,102.1,203.7,RUN,48.1,3.55
2023-10-26 23:26:32,P-Usine_A-000922,LOT-102,AluBest,Acier Inox 316L,1500.0,1499.78,95.5,214.8,RUN,48.9,2.16
2023-10-26 23:18:56,P-Usine_A-000923,LOT-103,AcierPro,Acier Inox 316L,1500.0,1499.55,98.3,231.5,RUN,48.6,3.88
2023-10-26 23:28:57,P-Usine_A-000924,LOT-102,AluBest,Acier Inox 316L,1500.0,1499.46,101.2,232.6,RUN,40.6,2.06
2023-10-26 23:20:35,P-Usine_A-000925,LOT-101,AluBest,Acier Inox 316L,1500.0,1499.99,100.8,226.1,RUN,46.4,3.48
2023-10-26 23:27:33,P-Usine_A-000926,LOT-100,,Acier Inox 316L,1500.0,1499.59,98.0,226.1,RUN,41.9,2.42
2023-10-26 23:27:45,P-Usine_A-000927,LOT-105,AcierPro,Acier Inox 316L,1500.0,1500.26,98.1,216.7,RUN,42.2,4.31
2023-10-26 23:27:09,P-Usine_A-000928,LOT-105,AcierPro,Acier Inox 316L,1500.0,1499.92,103.6,231.1,RUN,48.0,4.49
2023-10-26 23:30:38,P-Usine_A-000929,LOT-105,AcierPro,Acier Inox 316L,1500.0,1499.52,105.0,212.7,RUN,41.2,2.55
2023-10-26 23:31:53,P-Usine_A-000930,LOT-101,AluBest,Acier Inox 316L,1500.0,1500.53,96.8,204.3,RUN,44.4,2.72
2023-10-26 23:35:41,P-Usine_A-000931,LOT-102,AcierPro,Acier Inox 316L,1500.0,1499.6,95.9,227.7,RUN,47.1,2.84
2023-10-26 23:33:06,P-Usine_A-000932,LOT-100,MetalX,Acier Inox 316L,1500.0,1500.15,104.6,223.9,RUN,48.1,3.7
2023-10-26 23:33:06,P-Usine_A-000932,LOT-100,MetalX,Acier Inox 316L,1500.0,1500.15,104.6,223.9,RUN,48.1,3.7
2023-10-26 23:30:39,P-Usine_A-000933,LOT-105,AluBest,Acier Inox 316L,1500.0,1500.61,104.9,221.2,RUN,49.2,4.34
2023-10-26 23:36:57,P-Usine_A-000934,LOT-103,AcierPro,Acier Inox 316L,1500.0,1500.23,101.1,232.8,RUN,45.8,3.24
2023-10-26 23:34:25,P-Usine_A-000935,LOT-101,MetalX,Acier Inox 316L,1500.0,1500.07,104.1,247.2,RUN,44.3,3.17
2023-10-26 23:31:18,P-Usine_A-000936,LOT-103,AcierPro,Acier Inox 316L,1500.0,1498.86,99.9,206.4,RUN,49.7,4.79
2023-10-26 23:40:20,P-Usine_A-000937,LOT-104,AluBest,Acier Inox 316L,1500.0,1500.1,96.8,231.0,RUN,45.9,4.93
2023-10-26 23:40:29,P-Usine_A-000938,LOT-102,AcierPro,Acier Inox 316L,1500.0,1499.89,104.1,246.6,RUN,47.3,2.72
2023-10-26 23:40:29,P-Usine_A-000938,LOT-102,AcierPro,Acier Inox 316L,1500.0,1499.89,104.1,246.6,RUN,47.3,2.72
2023-10-26 23:35:59,P-Usine_A-000939,LOT-100,AluBest,Acier Inox 316L,1500.0,1501.05,98.2,231.5,RUN,48.5,2.09
2023-10-26 23:43:44,P-Usine_A-000940,LOT-102,MetalX,Acier Inox 316L,1500.0,1499.86,96.6,,RUN,46.8,2.94
2023-10-26 23:41:31,P-Usine_A-000941,LOT-103,AluBest,Acier Inox 316L,1500.0,1500.2,97.6,206.7,RUN,43.2,4.47
2023-10-26 23:44:39,P-Usine_A-000942,LOT-104,MetalX,Acier Inox 316L,1500.0,1501.0,103.7,240.6,RUN,46.2,2.46
2023-10-26 23:41:14,P-Usine_A-000943,LOT-101,AluBest,Acier Inox 316L,1500.0,1499.59,98.2,212.4,RUN,48.9,2.01
2023-10-26 23:48:37,P-Usine_A-000944,LOT-101,MetalX,Acier Inox 316L,1500.0,1499.61,96.3,200.4,RUN,43.7,
2023-10-26 23:49:40,P-Usine_A-000945,LOT-104,AcierPro,Acier Inox 316L,1500.0,1500.18,98.8,999.9,RUN,46.1,3.89
2023-10-26 23:46:50,P-Usine_A-000946,LOT-104,MetalX,Acier Inox 316L,1500.0,1500.35,102.7,212.9,RUN,45.1,4.95
2023-10-26 23:48:06,P-Usine_A-000947,LOT-101,MetalX,Acier Inox 316L,1500.0,1499.85,103.5,218.1,RUN,47.5,2.73
2023-10-26 23:44:31,P-Usine_A-000948,LOT-100,MetalX,Acier Inox 316L,1500.0,1500.54,102.5,241.7,RUN,46.2,3.24
2023-10-26 23:44:24,P-Usine_A-000949,LOT-101,MetalX,Acier Inox 316L,1500.0,1499.88,105.0,206.3,RUN,43.0,3.62
2023-10-26 23:49:51,P-Usine_A-000950,LOT-102,MetalX,Acier Inox 316L,1500.0,1499.92,98.9,207.5,RUN,44.9,2.78
2023-10-26 23:49:51,P-Usine_A-000950,LOT-102,MetalX,Acier Inox 316L,1500.0,1499.92,98.9,207.5,RUN,44.9,2.78
2023-10-26 23:49:45,P-Usine_A-000951,LOT-105,AluBest,Acier Inox 316L,1500.0,1499.95,96.0,240.3,RUN,47.8,4.18
2023-10-26 23:47:45,P-Usine_A-000952,LOT-100,MetalX,Acier Inox 316L,1500.0,1500.26,99.2,232.1,RUN,44.0,2.37
2023-10-26 23:57:04,P-Usine_A-000953,LOT-100,AluBest,Acier Inox 316L,1500.0,1500.43,100.4,212.6,RUN,46.0,2.64
2023-10-26 23:55:31,P-Usine_A-000954,LOT-101,MetalX,Acier Inox 316L,1500.0,1499.68,100.6,216.5,RUN,49.4,4.78
2023-10-26 23:52:31,P-Usine_A-000955,LOT-105,AcierPro,Acier Inox 316L,1500.0,1499.45,100.3,205.7,RUN,48.7,3.74
2023-10-26 23:59:22,P-Usine_A-000956,LOT-105,AluBest,Acier Inox 316L,1500.0,1500.15,103.2,226.4,RUN,42.3,2.68
2023-10-26 23:59:44,P-Usine_A-000957,LOT-102,AcierPro,Acier Inox 316L,1500.0,1499.76,104.7,227.3,RUN,48.9,4.38
2023-10-26 23:53:56,P-Usine_A-000958,LOT-101,AluBest,Acier Inox 316L,1500.0,1499.46,97.4,217.1,RUN,49.5,3.36
2023-10-27 00:02:49,P-Usine_A-000959,LOT-105,MetalX,Acier Inox 316L,1500.0,1499.81,104.1,201.7,RUN,45.6,2.17
2023-10-26 23:56:20,P-Usine_A-000960,LOT-100,AcierPro,Acier Inox 316L,1500.0,1500.17,98.9,206.8,RUN,45.6,4.15
2023-10-27 00:02:02,P-Usine_A-000961,LOT-103,AcierPro,Acier Inox 316L,1500.0,1500.36,96.5,204.2,RUN,49.5,2.35
2023-10-27 00:06:16,P-Usine_A-000962,LOT-103,AluBest,Acier Inox 316L,1500.0,1500.52,104.4,227.0,RUN,49.9,2.16
2023-10-27 00:00:00,P-Usine_A-000963,LOT-105,MetalX,Acier Inox 316L,1500.0,,99.3,237.3,RUN,44.4,3.92
2023-10-27 00:08:29,P-Usine_A-000964,LOT-103,AcierPro,Acier Inox 316L,1500.0,1500.36,97.2,222.0,RUN,49.2,2.94
2023-10-27 00:05:52,P-Usine_A-000965,LOT-103,AcierPro,Acier Inox 316L,1500.0,1500.81,101.1,219.4,RUN,42.4,2.38
2023-10-27 00:09:41,P-Usine_A-000966,LOT-100,AcierPro,Acier Inox 316L,1500.0,1499.75,104.2,208.6,RUN,47.0,4.93
2023-10-27 00:02:14,P-Usine_A-000967,LOT-105,AluBest,Acier Inox 316L,1500.0,1500.87,103.6,223.3,RUN,41.8,3.51
2023-10-27 00:05:35,P-Usine_A-000968,LOT-100,AluBest,Acier Inox 316L,1500.0,1500.73,100.6,242.3,RUN,40.7,2.62
2023-10-27 00:12:00,P-Usine_A-000969,LOT-101,AluBest,Acier Inox 316L,1500.0,1499.67,99.0,244.8,RUN,45.1,
2023-10-27 00:05:27,P-Usine_A-000970,LOT-100,AluBest,Acier Inox 316L,1500.0,1499.99,97.5,244.9,RUN,44.4,2.77
2023-10-27 00:14:14,P-Usine_A-000971,LOT-102,MetalX,Acier Inox 316L,1500.0,1499.98,95.0,235.8,RUN,45.5,2.35
2023-10-27 00:14:59,P-Usine_A-000972,LOT-103,AluBest,Acier Inox 316L,1500.0,1499.56,103.7,216.5,RUN,40.4,2.65
2023-10-27 00:16:36,P-Usine_A-000973,LOT-103,AluBest,Acier Inox 316L,1500.0,1500.38,99.5,212.7,RUN,45.2,2.29
2023-10-27 00:11:26,P-Usine_A-000974,LOT-105,AluBest,Acier Inox 316L,1500.0,1499.2,101.0,219.3,RUN,46.8,3.16
2023-10-27 00:11:41,P-Usine_A-000975,LOT-103,AluBest,Acier Inox 316L,1500.0,1499.51,101.1,209.7,RUN,41.3,2.34
2023-10-27 00:14:39,P-Usine_A-000976,LOT-105,AluBest,Acier Inox 316L,1500.0,1500.13,102.3,247.2,RUN,41.3,4.96
2023-10-27 00:22:06,P-Usine_A-000977,LOT-103,MetalX,Acier Inox 316L,1500.0,1499.94,97.7,239.1,RUN,45.9,4.35
2023-10-27 00:15:04,P-Usine_A-000978,LOT-105,MetalX,Acier Inox 316L,1500.0,1499.56,96.7,243.3,RUN,45.0,3.57
2023-10-27 00:16:24,P-Usine_A-000979,LOT-105,AluBest,Acier Inox 316L,1500.0,1500.14,99.4,244.8,RUN,47.3,3.59
2023-10-27 00:19:55,P-Usine_A-000980,LOT-100,AluBest,Acier Inox 316L,1500.0,1499.99,101.1,248.2,RUN,49.6,4.48
2023-10-27 00:22:24,P-Usine_A-000981,LOT-100,MetalX,Acier Inox 316L,1500.0,1499.47,100.8,246.6,RUN,48.7,3.22
2023-10-27 00:18:52,P-Usine_A-000982,LOT-105,AcierPro,Acier Inox 316L,1500.0,1500.68,100.9,242.0,RUN,46.8,3.36
2023-10-27 00:24:54,P-Usine_A-000983,LOT-100,AluBest,Acier Inox 316L,1500.0,1499.81,98.6,229.1,RUN,40.2,4.36
2023-10-27 00:26:51,P-Usine_A-000984,LOT-104,,Acier Inox 316L,1500.0,1498.52,102.9,205.9,RUN,48.8,3.19
2023-10-27 00:28:27,P-Usine_A-000985,LOT-103,MetalX,Acier Inox 316L,1500.0,1499.58,95.8,233.9,RUN,42.4,2.61
2023-10-27 00:22:51,P-Usine_A-000986,LOT-103,AcierPro,Acier Inox 316L,1500.0,1500.05,95.4,220.3,RUN,41.7,3.9
2023-10-27 00:22:21,P-Usine_A-000987,LOT-103,AcierPro,Acier Inox 316L,1500.0,1500.43,105.0,200.7,RUN,48.2,4.23
2023-10-27 00:26:05,P-Usine_A-000988,LOT-104,AcierPro,999.9,1500.0,1500.65,96.7,244.4,RUN,44.2,2.79
2023-10-27 00:34:18,P-Usine_A-000989,LOT-105,MetalX,Acier Inox 316L,1500.0,1499.27,104.3,209.0,RUN,40.6,4.03
2023-10-27 00:33:34,P-Usine_A-000990,LOT-105,AcierPro,Acier Inox 316L,1500.0,1499.78,104.7,210.4,RUN,47.1,4.46
2023-10-27 00:27:03,P-Usine_A-000991,LOT-102,MetalX,Acier Inox 316L,1500.0,1499.85,104.1,242.6,RUN,40.6,3.84
2023-10-27 00:33:11,P-Usine_A-000992,LOT-105,AluBest,Acier Inox 316L,1500.0,1500.5,95.2,233.2,RUN,48.0,2.57
2023-10-27 00:37:06,P-Usine_A-000993,LOT-102,AluBest,Acier Inox 316L,1500.0,1500.66,104.0,215.6,RUN,40.9,4.08
2023-10-27 00:39:04,P-Usine_A-000994,LOT-104,AcierPro,Acier Inox 316L,1500.0,1499.71,97.9,228.3,RUN,46.5,2.81
2023-10-27 00:38:18,P-Usine_A-000995,LOT-100,AluBest,Acier Inox 316L,1500.0,1501.01,95.7,203.2,RUN,43.1,2.59
2023-10-27 00:32:01,P-Usine_A-000996,LOT-102,AcierPro,Acier Inox 316L,1500.0,1499.89,99.6,227.9,RUN,43.7,3.83
2023-10-27 00:38:34,P-Usine_A-000997,LOT-100,AluBest,Acier Inox 316L,1500.0,1500.02,102.0,249.3,RUN,46.6,2.57
2023-10-27 00:39:26,P-Usine_A-000998,LOT-105,AluBest,Acier Inox 316L,1500.0,1500.47,99.6,204.8,RUN,49.5,3.71
2023-10-27 00:34:12,P-Usine_A-000999,LOT-105,AcierPro,Acier Inox 316L,1500.0,1500.16,104.7,243.1,RUN,47.0,2.61
2023-10-27 00:41:21,P-Usine_A-001000,LOT-100,AluBest,Acier Inox 316L,1500.0,1501.11,96.5,219.5,RUN,40.9,3.13
