timestamp,part_id,vitesse_broche_rpm,avance_outil,profondeur_passe,temp_broche,temp_piece,vibration_broche,couple_moteur,puissance_conso_kw,temps_cycle_theo,temps_cycle_reel,nb_pieces_prod,nb_pieces_nok,id_machine,version_prog,num_outil,usure_outil_pct,etat_machine,alarmes
2023-10-26 08:03:42,P-Usine_A-000001,12089,2103.0,2.99,54.9,42.6,0.522,12.63,7.67,120.0,124.3,1,0,CNU-02,v2.4,4,3.8,RUN,NONE
2023-10-26 08:08:17,P-Usine_A-000002,12140,2137.0,2.86,51.2,30.3,0.569,12.56,6.27,120.0,120.4,2,0,CNU-01,v2.4,4,4.5,RUN,NONE
2023-10-26 08:12:15,P-Usine_A-000003,11852,1967.0,3.11,47.2,40.1,0.589,13.64,7.48,120.0,124.1,3,0,CNU-02,v2.4,3,2.4,RUN,NONE
2023-10-26 08:08:35,P-Usine_A-000004,12189,1905.0,2.92,52.6,39.5,0.406,12.64,7.6,120.0,121.1,4,0,CNU-01,v2.4,5,4.7,RUN,NONE
2023-10-26 08:09:42,P-Usine_A-000005,12147,2054.0,3.06,44.8,32.8,0.546,14.85,6.45,120.0,122.4,5,0,CNU-02,v2.4,3,4.7,RUN,NONE
2023-10-26 08:09:09,P-Usine_A-000006,12146,2055.0,3.09,52.6,40.3,0.398,10.34,5.68,120.0,122.0,6,0,CNU-01,v2.4,5,6.4,RUN,NONE
2023-10-26 08:09:09,P-Usine_A-000006,12146,2055.0,3.09,52.6,40.3,0.398,10.34,5.68,120.0,122.0,6,0,CNU-01,v2.4,5,6.4,RUN,NONE
2023-10-26 08:13:28,P-Usine_A-000007,12353,999.9,3.07,45.0,33.5,0.642,12.78,5.43,120.0,122.7,7,0,CNU-02,v2.4,2,6.7,RUN,NONE
2023-10-26 08:16:49,P-Usine_A-000008,12287,1895.0,2.88,51.7,34.2,0.363,12.74,5.2,120.0,128.3,8,0,CNU-01,v2.4,2,8.2,RUN,NONE
2023-10-26 08:12:37,P-Usine_A-000009,11641,2195.0,3.02,47.8,43.9,0.756,10.36,6.32,120.0,124.7,9,0,CNU-02,v2.4,1,6.7,RUN,NONE
2023-10-26 08:18:01,P-Usine_A-000010,12013,1977.0,2.92,49.9,44.5,0.646,13.71,6.45,120.0,121.3,10,0,CNU-01,v2.4,3,5.9,RUN,NONE
2023-10-26 08:17:03,P-Usine_A-000011,12048,1950.0,2.98,51.9,36.8,0.315,14.14,7.01,120.0,121.2,11,0,CNU-02,v2.4,3,7.2,RUN,NONE
2023-10-26 08:15:13,P-Usine_A-000012,12030,2131.0,2.85,40.2,42.3,0.487,14.93,5.29,120.0,119.9,12,0,CNU-01,v2.4,2,10.8,RUN,NONE
2023-10-26 08:15:13,P-Usine_A-000012,12030,2131.0,2.85,40.2,42.3,0.487,14.93,5.29,120.0,119.9,12,0,CNU-01,v2.4,2,10.8,RUN,NONE
2023-10-26 08:20:24,P-Usine_A-000013,11955,2001.0,3.02,49.5,30.5,0.805,13.41,6.23,120.0,122.8,13,0,CNU-02,v2.4,5,11.3,RUN,NONE
2023-10-26 08:15:32,P-Usine_A-000014,,1969.0,2.95,45.3,39.4,0.414,11.28,6.89,120.0,121.4,14,0,CNU-01,v2.4,2,8.7,RUN,NONE
2023-10-26 08:18:37,P-Usine_A-000015,12484,1892.0,3.18,46.9,44.5,0.49,12.9,5.66,120.0,124.6,15,0,CNU-02,v2.4,3,10.7,RUN,NONE
2023-10-26 08:18:57,P-Usine_A-000016,12416,2089.0,2.86,46.8,41.8,0.458,11.32,5.14,120.0,122.1,16,0,CNU-01,v2.4,3,10.3,RUN,NONE
2023-10-26 08:21:44,P-Usine_A-000017,11987,2079.0,3.11,51.5,41.0,0.509,10.78,7.36,120.0,121.6,17,0,CNU-02,v2.4,2,10.8,RUN,NONE
2023-10-26 08:24:43,P-Usine_A-000018,11701,2006.0,2.81,45.0,40.5,0.353,11.64,6.31,120.0,122.6,18,0,CNU-01,v2.4,5,9.5,RUN,NONE
2023-10-26 08:23:44,P-Usine_A-000019,11951,1909.0,3.1,41.2,36.9,0.459,11.66,6.6,120.0,118.8,19,0,CNU-02,v2.4,4,14.3,RUN,NONE
2023-10-26 08:23:18,P-Usine_A-000020,12051,2153.0,3.17,50.0,37.0,0.413,13.49,5.29,120.0,121.8,20,0,CNU-01,v2.4,1,14.6,RUN,NONE
2023-10-26 08:21:02,P-Usine_A-000021,11887,1958.0,2.94,42.3,31.5,0.588,13.3,6.49,,122.9,21,0,CNU-02,v2.4,1,15.1,RUN,NONE
2023-10-26 08:31:16,P-Usine_A-000022,12211,1815.0,3.19,43.5,37.5,0.383,12.27,7.58,120.0,122.3,22,0,CNU-01,v2.4,3,15.0,RUN,NONE
2023-10-26 08:25:00,P-Usine_A-000023,11714,2082.0,3.1,52.7,41.9,0.436,12.61,5.24,120.0,121.6,23,0,CNU-02,v2.4,2,16.0,RUN,NONE
2023-10-26 08:30:22,P-Usine_A-000024,12087,1886.0,2.98,41.0,35.1,0.653,11.67,5.28,120.0,119.6,24,0,CNU-01,v2.4,5,12.5,RUN,NONE
2023-10-26 08:27:08,P-Usine_A-000025,11884,1820.0,2.93,40.8,38.4,0.312,14.16,6.6,120.0,124.9,25,0,CNU-02,v2.4,3,16.1,RUN,NONE
2023-10-26 08:29:03,P-Usine_A-000026,12050,1996.0,3.16,40.2,40.4,0.602,10.11,7.08,120.0,120.0,26,0,CNU-01,v2.4,5,13.6,RUN,NONE
2023-10-26 08:29:25,P-Usine_A-000027,12139,2005.0,3.19,44.0,41.8,0.453,13.79,7.41,120.0,122.6,27,0,CNU-02,v2.4,1,15.1,RUN,NONE
2023-10-26 08:34:09,P-Usine_A-000028,11893,1872.0,3.17,43.5,39.1,0.388,12.88,6.58,120.0,122.3,28,0,CNU-01,v2.4,3,17.1,RUN,NONE
2023-10-26 08:30:16,P-Usine_A-000029,11974,2120.0,2.89,52.3,33.0,0.38,10.68,7.12,120.0,123.1,29,0,CNU-02,v2.4,3,18.3,RUN,NONE
2023-10-26 08:39:16,P-Usine_A-000030,11845,1943.0,3.17,47.0,44.6,0.45,10.2,6.14,120.0,122.4,30,0,CNU-01,v2.4,3,19.0,RUN,NONE
2023-10-26 08:34:39,P-Usine_A-000031,12146,1810.0,2.99,53.9,40.9,0.497,13.65,5.65,120.0,120.4,31,0,CNU-02,v2.4,1,15.8,RUN,NONE
2023-10-26 08:38:27,P-Usine_A-000032,11861,1902.0,3.0,54.6,42.4,0.472,13.48,7.58,120.0,124.1,32,0,CNU-01,v2.4,4,18.5,RUN,NONE
2023-10-26 08:38:27,P-Usine_A-000032,11861,1902.0,3.0,54.6,42.4,0.472,13.48,7.58,120.0,124.1,32,0,CNU-01,v2.4,4,18.5,RUN,NONE
2023-10-26 08:35:26,P-Usine_A-000033,12419,2017.0,3.14,47.7,34.7,0.468,12.82,6.69,120.0,122.2,33,0,CNU-02,v2.4,3,19.2,RUN,NONE
2023-10-26 08:37:45,P-Usine_A-000034,12204,2024.0,3.05,49.9,33.1,0.54,11.35,5.6,120.0,121.1,34,0,CNU-01,v2.4,1,20.8,RUN,NONE
2023-10-26 08:41:18,P-Usine_A-000035,11819,1925.0,2.97,43.3,35.6,0.539,11.11,5.13,120.0,119.1,35,0,CNU-02,v2.4,5,22.2,RUN,NONE
2023-10-26 08:40:48,P-Usine_A-000036,12062,1830.0,2.8,43.1,32.9,0.493,11.04,5.58,120.0,123.3,36,0,CNU-01,v2.4,4,22.0,RUN,NONE
2023-10-26 08:40:55,P-Usine_A-000037,11983,2108.0,2.94,47.0,40.5,0.493,12.66,7.11,120.0,121.8,37,0,CNU-02,v2.4,4,19.0,RUN,NONE
2023-10-26 08:46:57,P-Usine_A-000038,12200,1811.0,3.03,52.1,36.6,0.625,13.73,6.71,120.0,121.8,38,0,CNU-01,v2.4,5,19.8,RUN,NONE
2023-10-26 08:43:15,P-Usine_A-000039,11824,2153.0,3.08,43.6,35.3,0.243,13.97,6.81,120.0,121.3,39,0,CNU-02,v2.4,2,23.4,RUN,NONE
2023-10-26 08:40:37,P-Usine_A-000040,11920,1882.0,3.01,51.7,33.1,0.411,11.16,7.85,120.0,119.4,40,0,CNU-01,v2.4,1,24.8,RUN,NONE
2023-10-26 08:48:00,P-Usine_A-000041,12057,2037.0,2.82,43.1,41.7,0.488,12.34,7.14,120.0,119.8,41,0,CNU-02,v2.4,5,20.9,RUN,NONE
2023-10-26 08:44:01,P-Usine_A-000042,11921,2073.0,2.98,47.7,38.4,0.543,10.03,6.98,120.0,124.3,42,0,CNU-01,v2.4,2,25.9,RUN,NONE
2023-10-26 08:50:40,P-Usine_A-000043,11990,2194.0,2.93,41.3,42.2,0.519,11.52,7.01,120.0,123.2,43,0,CNU-02,v2.4,1,25.0,RUN,NONE
2023-10-26 08:44:10,P-Usine_A-000044,11897,2157.0,2.86,45.2,38.4,0.587,10.45,5.74,120.0,122.6,44,0,CNU-01,v2.4,2,23.2,RUN,NONE
2023-10-26 08:49:13,P-Usine_A-000045,11918,2118.0,3.1,50.8,43.2,0.565,12.44,7.3,120.0,121.2,45,0,CNU-02,v2.4,3,25.1,RUN,NONE
2023-10-26 08:52:57,P-Usine_A-000046,12201,2123.0,3.12,41.0,34.9,0.782,12.76,5.21,120.0,120.2,46,0,CNU-01,v2.4,5,26.3,RUN,NONE
2023-10-26 08:52:14,P-Usine_A-000047,11658,2170.0,3.13,50.1,44.5,0.601,11.43,6.12,120.0,121.3,47,0,CNU-02,v2.4,1,26.9,RUN,NONE
2023-10-26 08:51:27,P-Usine_A-000048,11740,1817.0,3.03,45.3,43.4,0.493,14.28,7.3,120.0,121.4,48,0,CNU-01,v2.4,4,24.9,RUN,NONE
2023-10-26 08:57:55,P-Usine_A-000049,11924,1995.0,3.06,47.3,40.3,0.549,12.17,6.22,120.0,121.4,49,0,CNU-02,v2.4,3,28.9,RUN,NONE
2023-10-26 08:52:44,P-Usine_A-000050,11627,1907.0,3.03,42.0,37.6,0.479,14.05,6.69,120.0,119.4,50,0,CNU-01,v2.4,2,25.8,RUN,NONE
2023-10-26 08:57:53,P-Usine_A-000051,12114,2080.0,3.05,51.0,31.0,0.547,12.96,5.61,120.0,123.6,51,0,CNU-02,v2.4,2,29.3,RUN,NONE
2023-10-26 09:00:23,P-Usine_A-000052,11854,1947.0,3.06,45.9,35.4,0.493,13.45,5.81,120.0,117.7,52,0,CNU-01,v2.4,1,28.8,RUN,NONE
2023-10-26 08:56:55,P-Usine_A-000053,11881,2057.0,3.03,51.7,38.0,0.662,10.32,5.04,120.0,120.0,53,0,CNU-02,v2.4,3,31.0,RUN,NONE
2023-10-26 09:01:56,P-Usine_A-000054,12201,1956.0,2.98,52.5,43.9,0.463,13.02,5.7,120.0,123.7,54,0,CNU-01,v2.4,3,29.1,RUN,NONE
2023-10-26 08:58:48,P-Usine_A-000055,12166,1861.0,3.04,49.6,41.1,0.457,11.51,6.86,120.0,121.9,55,0,CNU-02,v2.4,4,32.1,RUN,NONE
2023-10-26 08:58:04,P-Usine_A-000056,12094,1835.0,2.95,51.0,38.8,0.513,14.16,5.23,120.0,122.9,56,0,CNU-01,v2.4,2,31.7,RUN,NONE
2023-10-26 09:06:35,P-Usine_A-000057,11888,1988.0,3.01,43.7,42.1,0.466,10.5,5.71,120.0,125.5,57,0,CNU-02,v2.4,2,29.9,RUN,NONE
2023-10-26 08:59:01,P-Usine_A-000058,12215,1940.0,2.86,46.8,31.0,0.701,14.82,5.17,120.0,121.6,58,0,CNU-01,v2.4,5,30.4,RUN,NONE
2023-10-26 09:06:49,P-Usine_A-000059,11870,1878.0,2.9,51.2,32.8,0.599,10.07,7.23,120.0,119.7,59,0,CNU-02,v2.4,4,34.0,RUN,NONE
2023-10-26 09:03:55,P-Usine_A-000060,11638,1821.0,2.97,52.1,42.7,0.543,10.23,6.2,120.0,121.4,60,0,CNU-01,v2.4,2,33.1,RUN,NONE
2023-10-26 09:07:03,P-Usine_A-000061,12182,1955.0,2.87,49.3,30.0,0.477,10.28,6.6,120.0,119.6,61,0,CNU-02,v2.4,3,31.1,RUN,NONE
2023-10-26 09:02:02,P-Usine_A-000062,12041,2027.0,3.14,50.4,36.3,0.561,11.42,5.88,120.0,120.9,62,0,CNU-01,v2.4,1,33.2,RUN,NONE
2023-10-26 09:03:30,P-Usine_A-000063,12148,1897.0,3.15,51.5,33.3,0.405,10.54,5.26,120.0,124.1,63,0,CNU-02,v2.4,4,34.9,RUN,NONE
2023-10-26 09:04:55,P-Usine_A-000064,12166,2097.0,2.85,47.6,42.7,0.59,11.39,7.9,120.0,118.1,64,0,CNU-01,v2.4,3,33.8,RUN,NONE
2023-10-26 09:12:11,P-Usine_A-000065,11632,1972.0,2.93,49.4,37.4,0.405,14.91,5.89,120.0,124.0,65,0,CNU-02,v2.4,5,37.2,RUN,NONE
2023-10-26 09:14:59,P-Usine_A-000066,11812,1803.0,3.11,43.1,32.7,0.518,14.23,6.14,120.0,122.0,66,0,CNU-01,v2.4,1,35.0,RUN,NONE
2023-10-26 09:12:11,P-Usine_A-000067,12006,1973.0,3.0,51.4,33.6,0.458,11.12,5.63,120.0,121.3,67,0,CNU-02,v2.4,2,34.1,RUN,NONE
2023-10-26 09:16:05,P-Usine_A-000068,12359,1847.0,3.06,42.5,33.9,0.552,12.27,6.74,120.0,122.5,68,0,CNU-01,v2.4,1,36.6,RUN,NONE
2023-10-26 09:08:46,P-Usine_A-000069,12176,1865.0,2.91,54.0,31.4,0.69,11.92,7.98,120.0,125.7,69,0,CNU-02,v2.4,4,38.6,RUN,NONE
2023-10-26 09:13:43,P-Usine_A-000070,11776,2043.0,2.91,45.8,35.7,0.546,13.62,5.88,120.0,121.4,70,0,CNU-01,v2.4,4,38.4,RUN,NONE
2023-10-26 09:18:55,P-Usine_A-000071,11862,2152.0,2.81,53.6,37.8,0.533,14.59,6.51,120.0,121.7,71,0,CNU-02,v2.4,3,38.7,RUN,NONE
2023-10-26 09:20:54,P-Usine_A-000072,11759,1905.0,2.83,54.5,41.9,0.402,13.43,7.01,120.0,124.4,72,0,CNU-01,v2.4,3,40.4,RUN,NONE
2023-10-26 09:21:02,P-Usine_A-000073,11986,1927.0,2.89,47.9,37.1,0.406,10.1,5.17,120.0,122.4,73,0,CNU-02,v2.4,2,38.5,RUN,NONE
2023-10-26 09:14:18,P-Usine_A-000074,12177,1970.0,2.94,47.4,44.1,0.456,14.44,6.5,120.0,,74,0,CNU-01,v2.4,3,38.3,RUN,NONE
2023-10-26 09:23:33,P-Usine_A-000075,12025,2094.0,3.13,51.5,30.8,0.632,10.7,7.77,120.0,121.0,75,0,CNU-02,v2.4,2,38.2,RUN,NONE
2023-10-26 09:23:34,P-Usine_A-000076,12028,1809.0,3.06,49.5,38.7,0.521,13.77,7.44,120.0,120.9,76,0,CNU-01,v2.4,4,39.5,RUN,NONE
2023-10-26 09:25:35,P-Usine_A-000077,11713,2141.0,3.1,45.6,43.3,0.386,13.1,5.61,120.0,122.5,77,0,CNU-02,v2.4,3,43.4,RUN,NONE
2023-10-26 09:23:43,P-Usine_A-000078,11964,1963.0,2.96,41.2,37.0,0.328,13.27,5.5,120.0,123.9,78,0,CNU-01,v2.4,1,39.1,RUN,NONE
2023-10-26 09:25:20,P-Usine_A-000079,12218,1956.0,2.92,49.8,41.4,0.426,12.73,6.07,120.0,122.4,79,0,CNU-02,v2.4,5,42.4,RUN,NONE
2023-10-26 09:29:00,P-Usine_A-000080,11555,2056.0,3.0,48.5,43.1,0.624,13.42,5.28,120.0,125.6,80,0,CNU-01,v2.4,4,40.5,RUN,NONE
2023-10-26 09:30:08,P-Usine_A-000081,12084,2010.0,3.14,47.1,37.0,0.507,12.95,5.41,120.0,122.4,81,0,CNU-02,v2.4,5,41.7,RUN,NONE
2023-10-26 09:23:33,P-Usine_A-000082,12003,2139.0,2.88,50.7,31.7,0.406,14.33,6.43,120.0,120.4,82,0,CNU-01,v2.4,3,44.9,RUN,NONE
2023-10-26 09:30:03,P-Usine_A-000083,12215,1925.0,2.83,41.6,42.3,0.468,11.57,7.24,120.0,122.4,83,0,CNU-02,v2.4,5,41.7,RUN,NONE
2023-10-26 09:31:38,P-Usine_A-000084,11842,2020.0,2.91,53.0,38.0,0.465,13.97,7.18,120.0,121.5,84,0,CNU-01,v2.4,3,46.6,RUN,NONE
2023-10-26 09:33:07,P-Usine_A-000085,11892,1841.0,3.15,51.9,42.3,0.484,14.96,6.51,120.0,122.2,85,0,CNU-02,v2.4,5,999.9,RUN,NONE
2023-10-26 09:26:49,P-Usine_A-000086,12095,1975.0,2.8,45.5,34.6,0.435,14.81,5.67,120.0,120.1,86,0,CNU-01,v2.4,5,43.9,RUN,NONE
2023-10-26 09:35:28,P-Usine_A-000087,12064,2121.0,3.06,53.6,38.4,0.337,13.13,6.43,120.0,122.2,87,0,CNU-02,v2.4,2,46.0,RUN,NONE
2023-10-26 09:31:36,P-Usine_A-000088,11860,2097.0,2.97,40.0,43.8,0.34,12.79,7.54,120.0,121.1,88,0,CNU-01,v2.4,4,46.9,RUN,NONE
2023-10-26 09:36:37,P-Usine_A-000089,11971,1905.0,2.99,46.6,41.2,0.402,12.71,5.87,120.0,123.6,89,0,CNU-02,v2.4,5,49.3,RUN,NONE
2023-10-26 09:33:53,P-Usine_A-000090,11992,1891.0,3.18,42.0,36.3,0.721,11.98,7.34,120.0,122.7,90,0,CNU-01,,3,50.0,RUN,NONE
2023-10-26 09:37:38,P-Usine_A-000091,12295,1898.0,3.18,40.9,44.9,0.459,10.47,6.37,120.0,121.4,91,0,CNU-02,v2.4,5,48.5,RUN,NONE
2023-10-26 09:36:30,P-Usine_A-000092,11763,1977.0,3.17,47.7,33.6,0.386,12.99,7.48,120.0,120.8,92,0,CNU-01,v2.4,1,48.9,RUN,NONE
2023-10-26 09:41:56,P-Usine_A-000093,11838,1886.0,2.99,51.1,43.1,0.36,11.19,5.93,120.0,120.4,93,0,CNU-02,v2.4,5,47.3,RUN,NONE
2023-10-26 09:35:01,P-Usine_A-000094,11771,2157.0,2.93,48.9,37.3,0.429,14.66,6.72,120.0,119.0,94,0,CNU-01,v2.4,3,50.7,RUN,NONE
2023-10-26 09:41:46,P-Usine_A-000095,12066,2097.0,2.86,45.0,32.5,0.54,10.5,6.09,120.0,126.8,95,0,CNU-02,v2.4,2,49.9,RUN,NONE
2023-10-26 09:44:29,P-Usine_A-000096,12014,1985.0,2.98,52.5,35.9,0.414,10.98,6.02,120.0,121.0,96,0,CNU-01,v2.4,5,49.7,RUN,NONE
2023-10-26 09:45:26,P-Usine_A-000097,11842,1960.0,3.13,41.8,40.7,0.568,11.0,7.68,120.0,118.0,97,0,CNU-02,v2.4,5,52.2,RUN,NONE
2023-10-26 09:39:42,P-Usine_A-000098,11856,2147.0,3.13,42.7,42.6,0.473,11.2,7.89,120.0,122.0,98,0,CNU-01,v2.4,1,52.8,RUN,NONE
2023-10-26 09:45:12,P-Usine_A-000099,12017,2122.0,3.0,43.0,34.3,0.462,11.27,6.37,120.0,122.2,99,0,CNU-02,v2.4,4,53.7,RUN,NONE
2023-10-26 09:44:18,P-Usine_A-000100,11864,2120.0,2.81,52.5,33.1,0.667,11.41,5.17,120.0,999.9,100,0,CNU-01,v2.4,3,51.5,RUN,NONE
2023-10-26 09:49:23,P-Usine_A-000101,11940,2053.0,2.88,44.6,32.9,0.6,13.71,5.52,120.0,119.6,101,0,CNU-02,v2.4,1,54.9,RUN,NONE
2023-10-26 09:42:47,P-Usine_A-000102,11517,1957.0,2.81,49.1,33.3,0.303,10.12,6.75,120.0,119.5,102,0,CNU-01,v2.4,3,55.4,RUN,NONE
2023-10-26 09:52:03,P-Usine_A-000103,12070,2199.0,3.19,49.3,31.5,0.713,12.65,5.04,120.0,124.1,103,0,CNU-02,v2.4,1,54.6,RUN,NONE
2023-10-26 09:47:04,P-Usine_A-000104,11959,2157.0,2.92,43.1,38.2,0.29,11.78,6.36,120.0,126.3,104,0,CNU-01,v2.4,2,52.0,RUN,NONE
2023-10-26 09:47:04,P-Usine_A-000104,11959,2157.0,2.92,43.1,38.2,0.29,11.78,6.36,120.0,126.3,104,0,CNU-01,v2.4,2,52.0,RUN,NONE
2023-10-26 09:46:11,P-Usine_A-000105,12175,2021.0,3.0,53.1,30.0,0.403,13.48,5.58,120.0,123.3,105,0,CNU-02,v2.4,2,53.1,RUN,NONE
2023-10-26 09:55:37,P-Usine_A-000106,11725,1892.0,3.08,44.4,38.3,0.44,13.68,7.85,120.0,118.4,106,0,CNU-01,v2.4,4,55.8,RUN,NONE
2023-10-26 09:55:37,P-Usine_A-000106,11725,1892.0,3.08,44.4,38.3,0.44,13.68,7.85,120.0,118.4,106,0,CNU-01,v2.4,4,55.8,RUN,NONE
2023-10-26 09:55:32,P-Usine_A-000107,12115,2172.0,3.03,45.9,35.5,0.528,13.39,7.75,120.0,123.3,107,0,CNU-02,v2.4,5,55.1,RUN,NONE
2023-10-26 09:57:47,P-Usine_A-000108,12454,1909.0,2.87,51.6,43.4,0.537,12.64,5.44,120.0,125.1,108,0,CNU-01,v2.4,5,58.8,RUN,NONE
2023-10-26 09:58:14,P-Usine_A-000109,11867,1826.0,2.87,44.3,30.3,0.633,12.43,6.76,120.0,122.0,109,0,CNU-02,v2.4,5,58.5,RUN,NONE
2023-10-26 09:50:47,P-Usine_A-000110,11911,2041.0,3.14,49.0,32.3,0.506,13.35,7.23,120.0,123.8,110,0,CNU-01,v2.4,3,58.7,RUN,NONE
2023-10-26 10:00:47,P-Usine_A-000111,12187,2176.0,2.81,44.5,30.8,0.549,14.62,6.08,120.0,123.1,111,0,CNU-02,v2.4,1,58.2,RUN,NONE
2023-10-26 09:59:59,P-Usine_A-000112,12141,1921.0,3.07,46.8,45.0,0.354,12.92,6.64,120.0,122.8,112,0,CNU-01,v2.4,3,58.7,RUN,NONE
2023-10-26 10:01:07,P-Usine_A-000113,12159,1841.0,3.13,41.9,44.8,,12.71,7.66,120.0,120.1,113,0,CNU-02,v2.4,4,61.5,RUN,NONE
2023-10-26 09:54:55,P-Usine_A-000114,12156,1816.0,2.88,41.4,43.6,0.365,10.3,5.91,120.0,122.5,114,0,CNU-01,v2.4,4,60.7,RUN,NONE
2023-10-26 10:01:23,P-Usine_A-000115,12182,1995.0,2.89,53.8,37.1,0.451,14.46,6.85,120.0,120.7,115,0,CNU-02,v2.4,5,57.6,RUN,NONE
2023-10-26 10:01:12,P-Usine_A-000116,12370,2105.0,3.03,44.5,41.2,0.458,10.23,6.68,120.0,118.2,116,0,CNU-01,v2.4,1,58.7,RUN,NONE
2023-10-26 09:58:36,P-Usine_A-000117,11800,2103.0,3.12,42.0,44.3,0.457,12.03,5.21,999.9,124.3,117,0,CNU-02,v2.4,5,61.5,RUN,NONE
2023-10-26 09:59:00,P-Usine_A-000118,11950,1991.0,3.11,45.5,32.4,0.555,13.48,7.34,120.0,126.6,118,0,CNU-01,v2.4,5,61.4,RUN,NONE
2023-10-26 10:08:51,P-Usine_A-000119,12244,1833.0,3.06,41.2,41.9,0.502,12.68,7.15,120.0,121.4,119,0,CNU-02,v2.4,2,62.7,RUN,NONE
2023-10-26 10:06:53,P-Usine_A-000120,11698,2060.0,3.19,53.4,30.2,0.553,12.17,5.83,120.0,118.2,120,0,CNU-01,v2.4,2,62.7,RUN,NONE
2023-10-26 10:08:30,P-Usine_A-000121,12428,1973.0,2.99,52.2,39.9,0.592,11.86,5.03,120.0,122.9,121,0,CNU-02,v2.4,5,62.7,RUN,NONE
2023-10-26 10:05:07,P-Usine_A-000122,11932,1878.0,3.14,49.6,34.4,0.361,13.36,5.86,120.0,123.3,122,0,CNU-01,v2.4,2,65.3,RUN,NONE
2023-10-26 10:05:18,P-Usine_A-000123,12195,2081.0,2.9,50.9,40.0,0.54,12.79,5.55,120.0,118.8,123,0,CNU-02,v2.4,2,63.4,RUN,NONE
2023-10-26 10:05:37,P-Usine_A-000124,12060,1889.0,3.18,51.6,42.3,0.39,14.39,7.95,120.0,118.7,124,0,CNU-01,v2.4,3,62.7,RUN,NONE
2023-10-26 10:07:34,P-Usine_A-000125,12104,2154.0,2.96,49.9,40.2,0.573,10.62,7.49,120.0,126.0,125,0,CNU-02,v2.4,4,63.0,RUN,NONE
2023-10-26 10:13:50,P-Usine_A-000126,12152,2022.0,3.04,40.3,38.7,0.62,14.72,5.89,120.0,121.7,126,0,CNU-01,v2.4,3,67.3,RUN,NONE
2023-10-26 10:14:18,P-Usine_A-000127,11486,2012.0,3.13,40.4,43.3,0.397,14.92,5.67,120.0,119.2,127,0,CNU-02,v2.4,2,66.1,RUN,NONE
2023-10-26 10:12:10,P-Usine_A-000128,11527,2121.0,2.86,53.1,43.8,0.546,11.48,7.12,120.0,999.9,128,0,CNU-01,v2.4,3,68.8,RUN,NONE
2023-10-26 10:12:07,P-Usine_A-000129,12137,2140.0,3.06,47.1,36.9,0.641,11.27,7.9,120.0,122.1,129,0,CNU-02,v2.4,3,65.6,RUN,NONE
2023-10-26 10:20:09,P-Usine_A-000130,12187,2012.0,2.84,46.1,31.0,0.335,12.04,7.23,120.0,121.0,130,0,CNU-01,v2.4,3,68.6,RUN,NONE
2023-10-26 10:17:20,P-Usine_A-000131,12039,2134.0,2.87,46.9,39.8,0.46,12.26,5.23,120.0,122.9,131,0,CNU-02,v2.4,3,66.0,RUN,NONE
2023-10-26 10:22:37,P-Usine_A-000132,11814,2098.0,2.99,47.3,39.3,0.486,14.7,6.94,120.0,120.7,132,0,CNU-01,v2.4,3,66.1,RUN,NONE
2023-10-26 10:17:45,P-Usine_A-000133,12033,2039.0,2.85,48.1,40.9,0.636,11.21,5.55,120.0,125.5,133,0,CNU-02,v2.4,5,67.8,RUN,NONE
2023-10-26 10:22:25,P-Usine_A-000134,12171,2161.0,2.82,48.6,31.0,0.125,14.11,7.84,120.0,121.1,134,0,CNU-01,v2.4,5,71.8,RUN,NONE
2023-10-26 10:24:10,P-Usine_A-000135,12007,2171.0,2.88,53.2,37.7,0.384,13.94,7.53,120.0,124.5,135,0,CNU-02,v2.4,3,71.0,RUN,NONE
2023-10-26 10:24:34,P-Usine_A-000136,11859,2180.0,3.18,47.2,32.5,0.575,12.65,6.76,120.0,121.3,136,0,CNU-01,v2.4,5,70.4,RUN,NONE
2023-10-26 10:21:09,P-Usine_A-000137,11852,1985.0,3.18,47.2,32.6,0.566,13.67,6.21,120.0,121.1,137,0,CNU-02,v2.4,2,70.1,RUN,NONE
2023-10-26 10:25:29,P-Usine_A-000138,11946,2152.0,2.82,48.2,37.6,0.398,10.76,7.6,120.0,126.7,138,0,CNU-01,v2.4,4,69.4,RUN,NONE
2023-10-26 10:20:19,P-Usine_A-000139,12039,1876.0,2.81,52.0,33.2,0.549,11.45,7.41,120.0,120.8,139,0,CNU-02,v2.4,3,74.2,RUN,NONE
2023-10-26 10:20:19,P-Usine_A-000139,12039,1876.0,2.81,52.0,33.2,0.549,11.45,7.41,120.0,120.8,139,0,CNU-02,v2.4,3,74.2,RUN,NONE
2023-10-26 10:24:23,P-Usine_A-000140,12134,2038.0,3.15,44.8,32.4,0.538,12.26,6.69,120.0,120.8,140,0,CNU-01,v2.4,3,73.1,RUN,NONE
2023-10-26 10:25:29,P-Usine_A-000141,12140,1929.0,2.82,46.2,35.4,0.48,11.63,6.25,120.0,121.5,141,0,CNU-02,v2.4,5,74.4,RUN,NONE
2023-10-26 10:31:19,P-Usine_A-000142,11995,2048.0,2.99,53.3,44.7,0.597,14.89,6.83,120.0,125.0,142,0,CNU-01,v2.4,1,74.5,RUN,NONE
2023-10-26 10:28:53,P-Usine_A-000143,12212,1809.0,3.17,42.0,31.7,0.419,10.03,7.46,120.0,127.3,143,0,CNU-02,v2.4,4,75.5,RUN,NONE
2023-10-26 10:25:45,P-Usine_A-000144,12137,2175.0,2.98,48.6,44.8,0.521,11.64,6.89,120.0,123.7,144,0,CNU-01,v2.4,3,74.3,RUN,NONE
2023-10-26 10:31:22,P-Usine_A-000145,11900,1869.0,3.2,53.1,44.4,0.49,13.41,5.78,120.0,123.8,145,0,CNU-02,v2.4,1,73.9,RUN,NONE
2023-10-26 10:34:58,P-Usine_A-000146,12143,1897.0,3.2,47.8,43.7,0.509,14.3,6.44,120.0,122.5,146,0,CNU-01,v2.4,5,77.3,RUN,NONE
2023-10-26 10:30:13,P-Usine_A-000147,12132,1944.0,3.14,54.8,36.8,0.444,14.53,5.48,120.0,119.6,147,0,CNU-02,999.9,5,77.7,RUN,NONE
2023-10-26 10:36:05,P-Usine_A-000148,12286,2023.0,3.19,50.9,34.4,0.502,10.7,6.47,120.0,121.0,148,0,CNU-01,v2.4,4,74.2,RUN,NONE
2023-10-26 10:32:27,P-Usine_A-000149,11744,2142.0,2.96,53.7,37.7,0.551,11.93,5.16,120.0,119.9,149,0,CNU-02,v2.4,5,77.1,RUN,NONE
2023-10-26 10:36:32,P-Usine_A-000150,12169,1967.0,3.15,49.7,38.9,0.556,14.27,5.47,120.0,120.6,150,0,CNU-01,v2.4,2,77.5,RUN,NONE
2023-10-26 10:39:10,P-Usine_A-000151,11848,1889.0,3.09,41.3,37.7,0.491,14.04,7.58,120.0,122.6,151,0,CNU-02,v2.4,4,77.9,RUN,NONE
2023-10-26 10:36:20,P-Usine_A-000152,11934,2069.0,3.08,42.5,30.5,0.438,10.72,7.61,120.0,122.8,152,0,CNU-01,v2.4,2,77.1,RUN,NONE
2023-10-26 10:37:09,P-Usine_A-000153,11919,1917.0,2.81,52.9,37.9,0.509,10.04,7.46,120.0,121.8,153,0,CNU-02,v2.4,2,79.9,RUN,NONE
2023-10-26 10:39:25,P-Usine_A-000154,11882,2173.0,3.06,40.3,38.4,0.523,12.42,5.33,120.0,121.7,154,0,CNU-01,v2.4,2,78.9,RUN,NONE
2023-10-26 10:42:41,P-Usine_A-000155,12212,1842.0,3.06,42.4,42.9,0.332,10.67,6.48,120.0,121.2,155,0,CNU-02,v2.4,5,80.8,RUN,NONE
2023-10-26 10:39:06,P-Usine_A-000156,12090,1992.0,3.04,42.5,30.2,0.359,12.8,6.06,120.0,122.0,156,0,CNU-01,v2.4,3,82.6,RUN,NONE
2023-10-26 10:41:01,P-Usine_A-000157,12055,1996.0,3.17,43.8,31.7,0.678,13.51,5.43,120.0,125.2,157,0,CNU-02,v2.4,1,80.3,RUN,NONE
2023-10-26 10:42:39,P-Usine_A-000158,11998,2049.0,2.88,41.0,38.6,0.393,10.36,6.79,120.0,124.8,158,0,CNU-01,v2.4,3,81.2,RUN,NONE
2023-10-26 10:44:54,P-Usine_A-000159,12061,2042.0,2.83,52.2,42.9,0.535,14.12,6.74,120.0,122.0,159,0,CNU-02,v2.4,1,82.4,RUN,NONE
2023-10-26 10:49:46,P-Usine_A-000160,11766,2049.0,2.94,43.1,44.3,0.49,12.58,7.15,120.0,122.6,160,0,CNU-01,v2.4,5,84.0,RUN,NONE
2023-10-26 10:43:10,P-Usine_A-000161,11998,1847.0,2.94,40.3,32.7,0.328,11.06,5.83,120.0,120.2,161,0,CNU-02,v2.4,4,84.8,RUN,NONE
2023-10-26 10:43:10,P-Usine_A-000161,11998,1847.0,2.94,40.3,32.7,0.328,11.06,5.83,120.0,120.2,161,0,CNU-02,v2.4,4,84.8,RUN,NONE
2023-10-26 10:42:55,P-Usine_A-000162,11964,1974.0,999.9,52.7,37.4,0.561,14.68,7.16,120.0,125.5,162,0,CNU-01,v2.4,3,81.5,RUN,NONE
2023-10-26 10:48:34,P-Usine_A-000163,12132,2136.0,2.88,42.2,43.3,0.419,11.6,5.36,120.0,123.3,163,0,CNU-02,v2.4,1,81.8,RUN,NONE
2023-10-26 10:46:33,P-Usine_A-000164,12431,2188.0,3.03,41.5,40.2,0.485,13.76,6.1,120.0,124.2,164,0,CNU-01,v2.4,2,85.9,RUN,NONE
2023-10-26 10:48:43,P-Usine_A-000165,12242,1992.0,2.9,49.9,32.5,0.484,11.37,7.84,120.0,117.3,165,0,CNU-02,v2.4,1,84.5,RUN,NONE
2023-10-26 10:47:37,P-Usine_A-000166,11976,2135.0,3.01,51.9,36.8,0.558,12.52,5.44,120.0,121.2,166,0,CNU-01,v2.4,1,87.2,RUN,NONE
2023-10-26 10:50:41,P-Usine_A-000167,11796,2156.0,3.1,52.9,32.0,0.429,12.66,7.52,120.0,121.1,167,0,CNU-02,v2.4,4,88.0,RUN,NONE
2023-10-26 10:50:33,P-Usine_A-000168,12308,2178.0,3.02,49.9,30.5,0.561,13.23,5.84,120.0,120.7,168,0,CNU-01,v2.4,5,84.8,RUN,NONE
2023-10-26 10:51:20,P-Usine_A-000169,12125,2160.0,3.19,44.8,,0.654,11.61,7.85,120.0,125.2,169,0,CNU-02,v2.4,3,85.1,RUN,NONE
2023-10-26 10:51:15,P-Usine_A-000170,11881,2098.0,3.03,48.0,33.1,0.584,14.7,7.21,120.0,120.4,170,0,CNU-01,v2.4,4,88.8,RUN,NONE
2023-10-26 10:59:31,P-Usine_A-000171,12051,1988.0,2.82,50.1,30.8,0.535,12.97,6.79,120.0,121.8,171,0,CNU-02,v2.4,5,88.1,RUN,NONE
2023-10-26 10:57:01,P-Usine_A-000172,12237,1976.0,2.86,51.7,37.8,0.434,14.95,6.48,120.0,124.8,172,0,CNU-01,v2.4,4,86.6,RUN,NONE
2023-10-26 10:52:51,P-Usine_A-000173,12173,2008.0,2.94,53.2,32.2,0.444,13.86,5.41,120.0,123.0,173,0,CNU-02,v2.4,4,88.6,RUN,NONE
2023-10-26 11:00:40,P-Usine_A-000174,11699,1953.0,2.86,48.4,31.1,0.422,13.16,6.56,120.0,122.8,174,0,CNU-01,v2.4,3,91.9,RUN,NONE
2023-10-26 10:55:38,P-Usine_A-000175,11775,1991.0,2.99,43.8,35.0,0.536,14.24,7.01,120.0,124.3,175,0,CNU-02,v2.4,4,92.1,RUN,NONE
2023-10-26 10:57:21,P-Usine_A-000176,12077,1927.0,2.94,51.4,34.7,0.545,11.38,5.3,120.0,121.9,176,0,CNU-01,v2.4,4,89.0,RUN,NONE
2023-10-26 11:01:51,P-Usine_A-000177,11780,2059.0,2.96,45.3,30.5,0.618,12.12,6.29,120.0,123.2,177,0,CNU-02,v2.4,4,89.7,RUN,NONE
2023-10-26 11:01:53,P-Usine_A-000178,12019,2132.0,2.91,46.6,36.5,0.358,11.35,6.41,120.0,118.2,178,0,CNU-01,v2.4,3,92.0,RUN,NONE
2023-10-26 11:05:10,P-Usine_A-000179,12330,1872.0,3.09,49.9,39.0,0.427,12.75,6.3,120.0,122.2,179,0,CNU-02,v2.4,2,92.1,RUN,NONE
2023-10-26 11:08:32,P-Usine_A-000180,12065,1841.0,3.13,47.3,36.7,0.448,14.94,6.42,120.0,124.3,180,0,CNU-01,v2.4,1,91.4,RUN,NONE
2023-10-26 11:09:26,P-Usine_A-000181,12068,1909.0,2.87,52.9,42.5,0.478,10.96,7.3,120.0,124.5,181,0,CNU-02,v2.4,1,94.7,RUN,NONE
2023-10-26 11:02:36,P-Usine_A-000182,11879,1948.0,3.13,44.9,41.6,0.518,10.26,999.9,120.0,123.3,182,0,CNU-01,v2.4,4,91.7,RUN,NONE
2023-10-26 11:05:43,P-Usine_A-000183,11858,1964.0,2.88,50.3,44.8,0.557,14.93,5.23,120.0,120.6,183,0,CNU-02,v2.4,2,94.9,RUN,NONE
2023-10-26 11:13:11,P-Usine_A-000184,,2130.0,2.95,46.6,41.3,0.52,11.5,6.57,120.0,121.4,184,0,CNU-01,v2.4,4,94.4,RUN,NONE
2023-10-26 11:09:38,P-Usine_A-000185,11611,1931.0,3.07,42.3,36.5,0.424,10.9,5.18,120.0,119.6,185,0,CNU-02,v2.4,4,95.7,RUN,NONE
2023-10-26 11:11:19,P-Usine_A-000186,12014,2101.0,2.88,47.8,42.5,0.547,13.36,7.46,120.0,123.6,186,0,CNU-01,v2.4,4,96.5,RUN,NONE
2023-10-26 11:14:55,P-Usine_A-000187,11822,2044.0,3.11,45.7,32.2,0.578,13.65,5.18,120.0,122.6,187,0,CNU-02,v2.4,5,94.4,RUN,NONE
2023-10-26 11:11:01,P-Usine_A-000188,11955,2178.0,2.83,50.9,39.3,0.563,11.84,7.39,120.0,122.6,188,0,CNU-01,v2.4,2,98.2,RUN,NONE
2023-10-26 11:09:35,P-Usine_A-000189,11981,1815.0,3.16,48.7,36.6,0.581,12.95,6.94,120.0,128.3,189,0,CNU-02,v2.4,1,97.5,RUN,NONE
2023-10-26 11:12:41,P-Usine_A-000190,12096,1965.0,2.95,44.2,40.1,0.387,14.38,7.19,120.0,120.4,190,0,CNU-01,v2.4,5,95.2,RUN,NONE
2023-10-26 11:19:33,P-Usine_A-000191,11654,2158.0,2.81,46.7,39.3,0.471,10.09,6.68,120.0,124.4,191,0,CNU-02,v2.4,3,98.9,RUN,NONE
2023-10-26 11:15:08,P-Usine_A-000192,,1957.0,3.14,52.4,32.4,0.573,12.17,5.06,120.0,121.9,192,0,CNU-01,v2.4,2,96.9,RUN,NONE
2023-10-26 11:22:35,P-Usine_A-000193,11863,2196.0,2.99,46.7,40.4,0.575,12.82,7.18,120.0,121.4,193,0,CNU-02,v2.4,1,99.5,RUN,NONE
2023-10-26 11:22:21,P-Usine_A-000194,12330,1920.0,3.17,40.8,45.0,0.326,11.92,6.9,120.0,125.1,194,0,CNU-01,v2.4,5,98.6,RUN,NONE
2023-10-26 11:22:26,P-Usine_A-000195,11791,1808.0,2.96,43.1,39.5,0.423,10.95,7.92,120.0,122.3,195,0,CNU-02,v2.4,1,100,RUN,NONE
2023-10-26 11:24:10,P-Usine_A-000196,12118,2016.0,2.99,51.8,34.3,0.329,13.92,6.66,120.0,123.0,196,0,CNU-01,v2.4,5,100,RUN,NONE
2023-10-26 11:17:02,P-Usine_A-000197,11995,1871.0,2.87,45.5,32.3,0.486,11.68,6.14,120.0,125.6,197,0,CNU-02,v2.4,1,999.9,RUN,NONE
2023-10-26 11:26:00,P-Usine_A-000198,12191,1876.0,2.83,44.0,41.4,0.488,10.29,5.74,120.0,120.6,198,0,CNU-01,v2.4,1,100,RUN,NONE
2023-10-26 11:25:30,P-Usine_A-000199,11890,2091.0,3.18,52.5,40.7,0.58,13.04,7.34,120.0,999.9,199,0,CNU-02,v2.4,5,100,RUN,NONE
2023-10-26 11:23:56,P-Usine_A-000200,11690,2033.0,2.87,51.1,43.3,0.5,12.22,5.18,120.0,126.3,200,0,CNU-01,v2.4,1,1.7,RUN,NONE
2023-10-26 11:21:20,P-Usine_A-000201,12190,1873.0,2.85,44.7,35.3,0.626,12.98,7.55,120.0,121.8,201,0,CNU-02,v2.4,4,3.8,RUN,NONE
2023-10-26 11:21:59,P-Usine_A-000202,12394,1889.0,2.87,54.8,41.0,0.359,13.82,6.45,120.0,118.4,202,0,CNU-01,v2.4,3,4.0,RUN,NONE
2023-10-26 11:28:54,P-Usine_A-000203,11899,1865.0,3.04,44.9,30.3,0.561,11.47,7.31,120.0,121.8,203,0,CNU-02,v2.4,1,1.7,RUN,NONE
2023-10-26 11:29:38,P-Usine_A-000204,11831,2197.0,3.12,41.6,37.8,0.425,13.62,6.58,120.0,122.5,204,0,CNU-01,v2.4,3,3.5,RUN,NONE
2023-10-26 11:25:20,P-Usine_A-000205,11850,2126.0,2.99,48.2,39.2,0.529,12.3,6.6,120.0,119.3,205,0,CNU-02,v2.4,1,7.1,RUN,NONE
2023-10-26 11:31:24,P-Usine_A-000206,11942,2134.0,2.98,41.3,42.6,0.508,14.89,7.24,120.0,123.7,206,0,CNU-01,v2.4,1,7.5,RUN,NONE
2023-10-26 11:28:50,P-Usine_A-000207,12009,1991.0,2.96,44.5,35.9,0.773,12.97,5.43,120.0,122.6,207,0,CNU-02,v2.4,3,5.2,RUN,NONE
2023-10-26 11:31:41,P-Usine_A-000208,12101,2127.0,2.81,45.4,34.7,0.469,12.63,5.37,120.0,121.2,208,0,CNU-01,v2.4,3,6.8,RUN,NONE
2023-10-26 11:34:45,P-Usine_A-000209,12036,2196.0,3.11,54.4,43.7,0.548,12.81,7.6,120.0,118.6,209,0,CNU-02,v2.4,3,9.4,RUN,NONE
2023-10-26 11:36:00,P-Usine_A-000210,12267,2075.0,2.97,42.2,32.9,0.612,14.51,6.1,120.0,120.6,210,0,CNU-01,v2.4,3,7.6,RUN,NONE
2023-10-26 11:31:06,P-Usine_A-000211,11955,2029.0,3.18,47.4,33.9,0.562,10.07,6.1,120.0,123.5,211,0,CNU-02,v2.4,3,8.9,RUN,NONE
2023-10-26 11:39:11,P-Usine_A-000212,11913,1971.0,3.18,43.9,44.6,0.411,10.87,7.35,120.0,122.5,212,0,CNU-01,v2.4,1,9.0,RUN,NONE
2023-10-26 11:37:33,P-Usine_A-000213,12251,2172.0,2.86,42.2,40.9,0.363,14.48,5.46,120.0,122.0,213,999.9,CNU-02,v2.4,5,9.2,RUN,NONE
2023-10-26 11:39:16,P-Usine_A-000214,12477,1995.0,3.16,45.5,33.1,0.48,14.51,6.3,,118.9,214,0,CNU-01,v2.4,5,11.3,RUN,NONE
2023-10-26 11:40:18,P-Usine_A-000215,11992,2142.0,2.9,47.3,33.8,0.571,11.61,5.16,120.0,122.7,215,0,CNU-02,v2.4,1,11.0,RUN,NONE
2023-10-26 11:37:09,P-Usine_A-000216,12013,2136.0,2.91,51.3,35.7,0.383,14.58,7.15,120.0,121.7,216,0,CNU-01,v2.4,5,10.9,RUN,NONE
2023-10-26 11:42:21,P-Usine_A-000217,11643,2174.0,3.12,53.4,36.4,0.611,12.96,5.52,120.0,118.2,217,0,CNU-02,v2.4,5,9.2,RUN,NONE
2023-10-26 11:44:41,P-Usine_A-000218,11833,2156.0,2.9,46.5,44.0,0.624,999.9,6.89,120.0,122.5,218,0,CNU-01,v2.4,1,9.3,RUN,NONE
2023-10-26 11:46:11,P-Usine_A-000219,11941,1854.0,3.16,44.9,42.5,0.576,11.78,7.09,120.0,124.7,219,0,CNU-02,v2.4,2,10.6,RUN,NONE
2023-10-26 11:40:34,P-Usine_A-000220,12001,2025.0,3.11,45.8,31.0,0.585,13.4,7.43,120.0,121.8,220,0,CNU-01,v2.4,5,12.3,RUN,NONE
2023-10-26 11:44:40,P-Usine_A-000221,12082,1817.0,2.97,44.8,43.1,0.517,14.81,6.74,120.0,121.5,221,0,CNU-02,v2.4,1,13.7,RUN,NONE
2023-10-26 11:42:30,P-Usine_A-000222,12132,1829.0,2.96,47.9,44.4,0.427,13.35,5.62,120.0,126.4,222,0,CNU-01,v2.4,3,13.4,RUN,NONE
2023-10-26 11:48:18,P-Usine_A-000223,12249,1982.0,2.87,46.4,39.7,0.457,12.81,7.26,120.0,121.7,223,0,CNU-02,v2.4,5,16.1,RUN,NONE
2023-10-26 11:53:37,P-Usine_A-000224,11682,1871.0,3.02,44.6,32.0,0.589,11.24,7.63,120.0,123.1,224,0,CNU-01,v2.4,2,14.5,RUN,NONE
2023-10-26 11:48:14,P-Usine_A-000225,11749,2174.0,2.91,47.5,36.3,0.562,12.02,6.38,120.0,124.1,225,0,CNU-02,v2.4,3,13.1,RUN,NONE
2023-10-26 11:52:02,P-Usine_A-000226,11978,2023.0,3.04,40.6,43.4,0.602,11.37,6.6,120.0,123.7,226,0,CNU-01,v2.4,3,16.9,RUN,NONE
2023-10-26 11:48:07,P-Usine_A-000227,12133,2098.0,3.12,47.1,39.3,0.445,14.8,5.34,120.0,119.1,227,0,CNU-02,v2.4,1,15.8,RUN,NONE
2023-10-26 11:48:48,P-Usine_A-000228,12203,1824.0,3.11,50.5,35.4,0.526,13.3,7.09,120.0,122.7,228,0,CNU-01,v2.4,2,14.0,RUN,NONE
2023-10-26 11:57:50,P-Usine_A-000229,11690,1995.0,3.08,54.3,36.6,0.368,10.39,5.88,120.0,121.1,229,0,CNU-02,v2.4,4,16.1,RUN,NONE
2023-10-26 11:58:38,P-Usine_A-000230,11830,2109.0,2.85,54.9,41.6,0.415,14.62,5.07,120.0,122.8,230,0,CNU-01,v2.4,3,19.9,RUN,NONE
2023-10-26 11:59:44,P-Usine_A-000231,11905,1947.0,3.11,41.2,33.3,0.297,11.47,6.29,120.0,120.4,231,0,CNU-02,v2.4,3,15.6,RUN,NONE
2023-10-26 11:58:39,P-Usine_A-000232,12153,2018.0,2.89,42.2,42.0,0.464,12.48,7.68,120.0,124.6,232,0,CNU-01,v2.4,1,19.2,RUN,NONE
2023-10-26 12:02:08,P-Usine_A-000233,11862,1913.0,2.8,43.5,42.3,0.496,14.66,7.75,120.0,118.1,233,0,CNU-02,v2.4,3,21.3,RUN,NONE
2023-10-26 12:02:22,P-Usine_A-000234,11767,2034.0,3.02,53.8,31.4,0.269,12.16,7.72,120.0,122.4,234,0,CNU-01,v2.4,1,17.0,RUN,NONE
2023-10-26 12:01:20,P-Usine_A-000235,11807,1945.0,3.07,53.3,31.7,0.539,10.79,6.86,120.0,123.3,235,0,CNU-02,v2.4,1,17.6,RUN,NONE
2023-10-26 11:56:35,P-Usine_A-000236,12249,2152.0,2.98,51.4,39.1,0.712,12.93,5.42,120.0,127.3,236,0,CNU-01,v2.4,5,22.3,RUN,NONE
2023-10-26 12:03:25,P-Usine_A-000237,12294,2184.0,3.09,42.5,37.9,0.595,12.3,6.85,120.0,123.2,237,0,CNU-02,v2.4,4,19.3,RUN,NONE
2023-10-26 11:59:15,P-Usine_A-000238,12149,2004.0,3.18,44.1,43.0,0.433,11.44,7.69,120.0,120.9,238,0,CNU-01,v2.4,2,20.4,RUN,NONE
2023-10-26 12:06:30,P-Usine_A-000239,11852,2155.0,2.98,48.2,38.8,0.583,14.93,6.64,120.0,120.8,239,0,CNU-02,v2.4,1,,RUN,NONE
2023-10-26 12:02:10,P-Usine_A-000240,11904,2171.0,3.0,44.1,31.5,0.718,14.38,6.65,120.0,119.3,240,0,CNU-01,v2.4,1,23.0,RUN,NONE
2023-10-26 12:10:32,P-Usine_A-000241,11965,1857.0,2.95,53.7,34.8,0.368,14.32,7.07,120.0,123.1,241,0,CNU-02,v2.4,3,24.7,RUN,NONE
2023-10-26 12:02:36,P-Usine_A-000242,12092,1867.0,3.17,53.5,43.7,0.341,13.76,7.08,120.0,122.1,242,0,CNU-01,v2.4,1,23.9,RUN,NONE
2023-10-26 12:04:06,P-Usine_A-000243,12298,1917.0,2.86,40.8,35.8,0.52,15.0,7.96,120.0,120.9,243,0,CNU-02,v2.4,1,23.4,RUN,NONE
2023-10-26 12:10:04,P-Usine_A-000244,11996,1885.0,2.93,49.9,30.2,0.523,14.9,7.22,120.0,121.0,244,0,CNU-01,v2.4,5,25.7,RUN,NONE
2023-10-26 12:05:05,P-Usine_A-000245,11859,1973.0,2.88,54.0,32.6,0.455,10.39,6.46,120.0,122.9,245,0,CNU-02,v2.4,2,24.4,RUN,NONE
2023-10-26 12:09:45,P-Usine_A-000246,11708,1844.0,2.83,43.7,34.7,0.609,10.53,5.89,120.0,122.9,246,0,CNU-01,v2.4,5,25.5,RUN,NONE
2023-10-26 12:08:28,P-Usine_A-000247,11881,1819.0,2.91,50.3,40.2,0.463,11.52,5.43,120.0,121.9,247,0,CNU-02,v2.4,4,24.6,RUN,NONE
2023-10-26 12:12:44,P-Usine_A-000248,12273,1993.0,3.14,45.6,37.7,0.513,10.79,7.05,120.0,121.1,248,0,CNU-01,v2.4,1,27.2,RUN,NONE
2023-10-26 12:12:26,P-Usine_A-000249,11833,2158.0,2.84,52.9,38.6,0.382,,5.27,120.0,122.5,249,0,CNU-02,v2.4,3,26.7,RUN,NONE
2023-10-26 12:09:31,P-Usine_A-000250,11911,1902.0,2.86,48.8,35.4,0.187,13.38,5.85,120.0,121.5,250,0,CNU-01,v2.4,5,25.9,RUN,NONE
2023-10-26 12:17:35,P-Usine_A-000251,12163,1882.0,2.99,48.0,36.5,0.509,10.55,5.38,120.0,123.1,251,0,CNU-02,v2.4,2,29.5,RUN,NONE
2023-10-26 12:13:44,P-Usine_A-000252,11929,2084.0,2.94,52.4,35.5,0.574,13.69,6.58,120.0,121.8,252,0,CNU-01,v2.4,5,27.2,RUN,NONE
2023-10-26 12:22:29,P-Usine_A-000253,11944,2185.0,2.89,47.3,44.0,0.404,11.93,5.47,120.0,122.8,253,0,CNU-02,v2.4,2,29.2,RUN,NONE
2023-10-26 12:21:31,P-Usine_A-000254,12144,2178.0,2.98,40.1,39.4,0.436,10.32,5.52,120.0,122.1,254,0,CNU-01,v2.4,5,27.5,RUN,NONE
2023-10-26 12:21:38,P-Usine_A-000255,11956,2049.0,2.85,40.6,36.3,0.294,12.87,5.13,120.0,123.1,255,0,CNU-02,v2.4,4,27.7,RUN,NONE
2023-10-26 12:18:58,P-Usine_A-000256,11739,1809.0,2.84,43.9,33.5,0.554,14.2,7.65,120.0,122.8,256,0,CNU-01,v2.4,3,28.8,RUN,NONE
2023-10-26 12:17:19,P-Usine_A-000257,11878,2051.0,3.11,40.1,44.3,0.566,13.97,7.77,120.0,122.9,257,0,CNU-02,v2.4,4,30.4,RUN,NONE
2023-10-26 12:19:31,P-Usine_A-000258,12004,1986.0,2.84,51.4,36.9,0.48,11.92,7.63,120.0,124.0,258,0,CNU-01,v2.4,3,29.1,RUN,NONE
2023-10-26 12:27:42,P-Usine_A-000259,12116,1949.0,2.82,54.2,44.1,0.274,13.46,7.96,120.0,125.3,259,0,CNU-02,v2.4,3,32.5,RUN,NONE
2023-10-26 12:24:39,P-Usine_A-000260,12400,1877.0,3.0,40.4,39.7,0.67,10.36,7.31,120.0,122.8,260,0,CNU-01,v2.4,4,31.0,RUN,NONE
2023-10-26 12:21:05,P-Usine_A-000261,12227,2070.0,3.03,45.4,33.0,0.471,10.32,7.78,120.0,119.7,261,0,CNU-02,v2.4,1,33.0,RUN,NONE
2023-10-26 12:25:31,P-Usine_A-000262,12140,2058.0,2.89,52.4,31.8,0.544,13.13,5.43,120.0,120.8,262,0,CNU-01,v2.4,4,33.5,RUN,NONE
2023-10-26 12:30:54,P-Usine_A-000263,12299,1984.0,3.18,49.2,43.6,0.652,11.34,5.64,120.0,120.2,263,0,CNU-02,v2.4,2,35.7,RUN,NONE
2023-10-26 12:28:08,P-Usine_A-000264,12073,2152.0,3.01,47.1,35.4,0.515,12.13,7.12,120.0,124.6,264,0,CNU-01,v2.4,2,35.8,RUN,NONE
2023-10-26 12:33:10,P-Usine_A-000265,11770,2055.0,3.14,50.9,33.1,0.304,13.97,7.01,120.0,122.4,265,0,CNU-02,v2.4,1,33.7,RUN,NONE
2023-10-26 12:31:57,P-Usine_A-000266,12253,2200.0,3.11,53.6,40.3,0.587,10.17,5.54,120.0,123.3,266,0,CNU-01,v2.4,4,37.2,RUN,NONE
2023-10-26 12:27:40,P-Usine_A-000267,12002,2163.0,3.12,49.3,31.9,0.523,11.04,5.69,120.0,122.9,267,0,CNU-02,v2.4,5,33.5,RUN,NONE
2023-10-26 12:32:54,P-Usine_A-000268,11860,1806.0,3.08,48.9,34.8,0.382,14.54,6.06,120.0,118.6,268,0,CNU-01,v2.4,1,36.5,RUN,NONE
2023-10-26 12:29:39,P-Usine_A-000269,12103,2094.0,2.83,54.2,40.6,0.403,10.67,6.0,120.0,125.4,269,0,CNU-02,v2.4,1,39.1,RUN,NONE
2023-10-26 12:35:54,P-Usine_A-000270,11860,1916.0,2.81,53.2,34.9,0.608,13.3,6.43,120.0,122.9,270,0,CNU-01,v2.4,1,39.3,RUN,NONE
2023-10-26 12:36:34,P-Usine_A-000271,11970,2163.0,3.15,54.6,43.6,0.447,10.55,5.38,120.0,119.5,271,0,CNU-02,v2.4,3,40.3,RUN,NONE
2023-10-26 12:40:14,P-Usine_A-000272,11832,1942.0,3.15,55.0,41.0,0.575,11.49,6.16,120.0,123.2,272,0,CNU-01,v2.4,4,39.6,RUN,NONE
2023-10-26 12:41:15,P-Usine_A-000273,11938,1837.0,2.81,53.6,30.0,0.465,11.57,6.38,120.0,120.4,273,0,CNU-02,v2.4,4,38.7,RUN,NONE
2023-10-26 12:42:52,P-Usine_A-000274,12040,2072.0,2.92,51.2,30.9,0.627,11.0,5.79,120.0,121.5,274,0,CNU-01,v2.4,999.9,41.5,RUN,NONE
2023-10-26 12:39:54,P-Usine_A-000275,12370,2108.0,2.84,54.9,44.4,0.583,14.24,6.7,120.0,119.2,275,0,CNU-02,v2.4,3,39.7,RUN,NONE
2023-10-26 12:39:42,P-Usine_A-000276,11945,1863.0,2.84,50.8,39.0,0.528,14.49,5.09,120.0,120.1,276,0,CNU-01,v2.4,5,38.6,RUN,NONE
2023-10-26 12:40:25,P-Usine_A-000277,11863,2040.0,2.88,43.1,36.4,0.536,12.15,5.48,120.0,125.1,277,0,CNU-02,v2.4,1,39.6,RUN,NONE
2023-10-26 12:44:40,P-Usine_A-000278,11875,1928.0,2.81,48.6,43.3,0.559,10.38,6.33,120.0,121.1,278,0,CNU-01,v2.4,3,39.2,RUN,NONE
2023-10-26 12:41:46,P-Usine_A-000279,11722,2067.0,2.98,45.2,42.1,0.515,10.19,6.97,120.0,117.4,279,0,CNU-02,v2.4,3,41.8,RUN,NONE
2023-10-26 12:43:52,P-Usine_A-000280,11833,2132.0,3.03,49.0,39.4,0.64,12.98,7.68,120.0,123.2,280,0,CNU-01,v2.4,1,42.4,RUN,NONE
2023-10-26 12:41:07,P-Usine_A-000281,12001,1901.0,3.09,48.8,35.5,0.51,13.05,6.14,120.0,120.5,281,0,CNU-02,v2.4,2,41.6,RUN,NONE
2023-10-26 12:45:46,P-Usine_A-000282,12138,1958.0,2.8,50.0,37.2,0.426,11.41,5.56,120.0,125.2,282,0,CNU-01,v2.4,1,43.0,RUN,NONE
2023-10-26 12:45:46,P-Usine_A-000282,12138,1958.0,2.8,50.0,37.2,0.426,11.41,5.56,120.0,125.2,282,0,CNU-01,v2.4,1,43.0,RUN,NONE
2023-10-26 12:51:11,P-Usine_A-000283,11887,2116.0,2.95,42.9,39.4,0.684,14.29,5.22,120.0,121.9,283,0,CNU-02,v2.4,4,43.4,RUN,NONE
2023-10-26 12:46:26,P-Usine_A-000284,12079,1963.0,3.16,46.4,40.0,0.458,10.39,7.04,120.0,121.3,284,0,CNU-01,v2.4,3,42.6,RUN,NONE
2023-10-26 12:46:48,P-Usine_A-000285,11941,2166.0,2.98,44.0,32.1,0.482,10.54,7.48,120.0,124.9,285,0,CNU-02,v2.4,2,45.9,RUN,NONE
2023-10-26 12:52:02,P-Usine_A-000286,12001,2151.0,3.03,50.4,34.1,0.466,11.62,5.26,120.0,121.8,286,0,CNU-01,v2.4,2,44.0,RUN,NONE
2023-10-26 12:53:06,P-Usine_A-000287,12261,1875.0,3.09,51.7,32.7,0.543,12.04,7.8,120.0,121.5,287,0,CNU-02,v2.4,1,45.7,RUN,NONE
2023-10-26 12:54:11,P-Usine_A-000288,12029,1912.0,2.98,42.6,36.5,0.434,12.35,6.36,120.0,120.7,288,0,CNU-01,v2.4,4,45.4,RUN,NONE
2023-10-26 12:53:15,P-Usine_A-000289,11762,2043.0,3.17,51.8,40.8,0.481,10.95,7.26,120.0,124.4,289,0,CNU-02,v2.4,5,44.6,RUN,NONE
2023-10-26 12:52:42,P-Usine_A-000290,11625,1968.0,3.09,52.0,36.7,0.569,10.25,6.22,120.0,120.3,290,0,CNU-01,v2.4,5,45.8,RUN,NONE
2023-10-26 12:54:06,P-Usine_A-000291,12141,2178.0,2.91,41.5,38.3,0.52,10.82,5.84,120.0,124.3,291,0,CNU-02,v2.4,4,46.6,RUN,NONE
2023-10-26 12:58:26,P-Usine_A-000292,12583,2127.0,3.16,54.3,41.3,0.531,14.48,7.54,120.0,119.7,292,0,CNU-01,v2.4,4,48.6,RUN,NONE
2023-10-26 12:54:27,P-Usine_A-000293,11767,2110.0,3.0,54.9,39.5,0.243,10.29,5.86,120.0,116.6,293,0,CNU-02,v2.4,1,50.8,RUN,NONE
2023-10-26 12:59:28,P-Usine_A-000294,12151,2155.0,3.02,44.1,33.6,0.505,12.25,7.66,120.0,123.5,294,0,CNU-01,v2.4,1,49.6,RUN,NONE
2023-10-26 12:59:28,P-Usine_A-000294,12151,2155.0,3.02,44.1,33.6,0.505,12.25,7.66,120.0,123.5,294,0,CNU-01,v2.4,1,49.6,RUN,NONE
2023-10-26 12:56:24,P-Usine_A-000295,12235,2125.0,2.81,50.8,38.2,0.582,12.85,5.96,120.0,124.2,295,0,CNU-02,v2.4,5,52.4,RUN,NONE
2023-10-26 12:58:00,P-Usine_A-000296,11804,1952.0,2.91,54.7,30.7,0.512,12.43,5.28,120.0,123.5,296,0,CNU-01,v2.4,2,51.4,RUN,NONE
2023-10-26 13:00:15,P-Usine_A-000297,11970,2172.0,3.13,54.9,39.9,0.498,10.83,7.76,120.0,119.7,297,0,CNU-02,v2.4,1,,RUN,NONE
2023-10-26 13:00:06,P-Usine_A-000298,12497,2061.0,3.11,46.9,38.4,0.489,14.25,5.65,120.0,120.1,298,0,CNU-01,v2.4,1,52.7,RUN,NONE
2023-10-26 13:04:25,P-Usine_A-000299,11891,2150.0,3.19,49.9,43.1,0.38,14.78,5.18,120.0,120.9,299,0,CNU-02,v2.4,4,52.9,RUN,NONE
2023-10-26 13:09:19,P-Usine_A-000300,12078,2002.0,2.9,48.3,32.8,0.561,14.76,5.0,120.0,123.1,300,0,CNU-01,v2.4,2,53.9,RUN,NONE
2023-10-26 13:01:28,P-Usine_A-000301,12123,2027.0,2.85,40.7,36.3,0.653,13.89,5.29,120.0,123.8,301,0,CNU-02,v2.4,4,54.3,RUN,NONE
2023-10-26 13:01:28,P-Usine_A-000301,12123,2027.0,2.85,40.7,36.3,0.653,13.89,5.29,120.0,123.8,301,0,CNU-02,v2.4,4,54.3,RUN,NONE
2023-10-26 13:09:11,P-Usine_A-000302,12450,1828.0,2.94,40.7,31.1,0.439,10.61,7.04,120.0,125.5,302,0,CNU-01,v2.4,4,54.4,RUN,NONE
2023-10-26 13:10:59,P-Usine_A-000303,12138,1890.0,3.05,41.8,42.5,0.513,11.8,6.88,120.0,124.0,303,0,CNU-02,v2.4,5,53.6,RUN,NONE
2023-10-26 13:06:51,P-Usine_A-000304,12101,2108.0,3.04,49.6,33.8,0.386,11.62,5.37,120.0,120.6,304,0,CNU-01,v2.4,3,56.0,RUN,NONE
2023-10-26 13:06:14,P-Usine_A-000305,12228,2163.0,3.03,40.6,39.8,0.362,13.59,5.56,120.0,120.9,305,0,CNU-02,v2.4,3,54.6,RUN,NONE
2023-10-26 13:09:17,P-Usine_A-000306,12210,1989.0,2.95,52.0,33.2,0.499,11.08,6.05,120.0,118.8,306,0,CNU-01,v2.4,4,56.2,RUN,NONE
2023-10-26 13:15:19,P-Usine_A-000307,11801,1993.0,2.98,41.9,43.5,0.541,10.16,6.21,120.0,124.1,307,0,CNU-02,v2.4,3,54.7,RUN,NONE
2023-10-26 13:15:19,P-Usine_A-000307,11801,1993.0,2.98,41.9,43.5,0.541,10.16,6.21,120.0,124.1,307,0,CNU-02,v2.4,3,54.7,RUN,NONE
2023-10-26 13:10:15,P-Usine_A-000308,11978,2059.0,3.0,48.2,41.1,0.544,12.55,6.31,120.0,120.3,308,0,CNU-01,v2.4,3,57.2,RUN,NONE
2023-10-26 13:17:27,P-Usine_A-000309,11768,1927.0,3.17,40.7,32.2,0.547,13.5,5.54,120.0,121.0,309,0,CNU-02,v2.4,1,58.3,RUN,NONE
2023-10-26 13:16:55,P-Usine_A-000310,12464,2136.0,2.98,51.9,44.9,0.522,14.89,5.23,120.0,123.8,310,,CNU-01,v2.4,5,56.5,RUN,NONE
2023-10-26 13:13:18,P-Usine_A-000311,11869,1976.0,3.07,48.9,37.9,0.253,12.3,6.63,120.0,121.0,311,0,CNU-02,v2.4,5,59.4,RUN,NONE
2023-10-26 13:17:04,P-Usine_A-000312,11725,2141.0,2.81,47.2,43.6,0.623,10.36,6.2,120.0,118.9,312,0,CNU-01,v2.4,1,57.2,RUN,NONE
2023-10-26 13:14:04,P-Usine_A-000313,12132,1967.0,3.16,52.9,39.8,0.507,11.52,5.26,120.0,118.3,313,0,CNU-02,v2.4,2,58.5,RUN,NONE
2023-10-26 13:16:16,P-Usine_A-000314,12443,1935.0,2.84,49.1,34.4,0.487,999.9,6.28,120.0,123.3,314,0,CNU-01,v2.4,3,61.6,RUN,NONE
2023-10-26 13:20:03,P-Usine_A-000315,12171,1816.0,2.97,48.1,31.5,0.355,10.56,7.31,120.0,120.2,315,0,CNU-02,v2.4,3,60.6,RUN,NONE
2023-10-26 13:17:46,P-Usine_A-000316,11770,1810.0,2.82,45.7,35.0,0.509,14.6,5.72,120.0,118.6,316,0,CNU-01,v2.4,5,60.4,RUN,NONE
2023-10-26 13:19:48,P-Usine_A-000317,12161,1930.0,2.98,50.5,44.2,0.447,12.84,7.45,120.0,124.4,317,0,CNU-02,v2.4,2,63.5,RUN,NONE
2023-10-26 13:27:08,P-Usine_A-000318,12208,2179.0,2.82,53.2,37.5,0.618,11.75,7.93,120.0,120.2,318,0,CNU-01,v2.4,2,,RUN,NONE
2023-10-26 13:22:54,P-Usine_A-000319,11900,2025.0,2.98,44.0,38.5,0.585,14.22,7.95,120.0,121.9,319,0,CNU-02,v2.4,3,62.5,RUN,NONE
2023-10-26 13:20:52,P-Usine_A-000320,11863,2123.0,2.92,54.2,32.0,0.504,10.84,7.78,120.0,123.6,320,0,CNU-01,v2.4,3,60.4,RUN,NONE
2023-10-26 13:28:35,P-Usine_A-000321,12129,2085.0,2.86,52.2,40.5,0.615,10.12,5.52,120.0,118.5,321,0,CNU-02,v2.4,2,63.1,RUN,NONE
2023-10-26 13:29:32,P-Usine_A-000322,11953,2163.0,3.19,41.3,33.7,0.594,11.86,6.09,120.0,122.2,322,0,CNU-01,v2.4,4,63.3,RUN,NONE
2023-10-26 13:30:29,P-Usine_A-000323,12052,2126.0,2.88,49.6,34.5,0.576,10.35,7.19,120.0,123.3,323,0,CNU-02,v2.4,1,62.3,RUN,NONE
2023-10-26 13:33:14,P-Usine_A-000324,11613,2030.0,2.85,46.6,43.9,0.555,10.31,5.27,120.0,119.4,324,0,CNU-01,,1,65.1,RUN,NONE
2023-10-26 13:25:12,P-Usine_A-000325,11906,1817.0,2.97,46.0,39.6,0.467,11.32,7.02,120.0,124.5,325,0,CNU-02,v2.4,3,64.2,RUN,NONE
2023-10-26 13:34:48,P-Usine_A-000326,11778,2006.0,2.86,48.9,44.3,0.339,13.71,5.82,120.0,119.3,326,0,CNU-01,v2.4,2,64.7,RUN,NONE
2023-10-26 13:32:56,P-Usine_A-000327,12317,1823.0,2.97,53.9,30.1,0.633,10.63,5.47,120.0,122.5,327,0,CNU-02,v2.4,3,65.6,RUN,NONE
2023-10-26 13:33:13,P-Usine_A-000328,11729,1989.0,2.92,42.3,41.8,0.463,14.69,5.37,120.0,123.0,328,0,CNU-01,v2.4,1,67.3,RUN,NONE
2023-10-26 13:39:04,P-Usine_A-000329,12220,2125.0,3.05,47.5,31.7,0.464,10.43,6.29,120.0,128.7,329,0,CNU-02,v2.4,4,66.1,RUN,NONE
2023-10-26 13:38:35,P-Usine_A-000330,12241,1870.0,2.92,49.1,38.2,0.575,12.18,6.52,120.0,124.2,330,0,CNU-01,v2.4,4,66.0,RUN,NONE
2023-10-26 13:40:06,P-Usine_A-000331,11812,1864.0,3.2,43.2,44.2,0.659,12.36,5.31,120.0,123.0,331,0,CNU-02,v2.4,2,69.2,RUN,NONE
2023-10-26 13:41:36,P-Usine_A-000332,12220,1955.0,3.06,42.4,35.0,0.402,12.03,5.19,120.0,121.7,332,0,CNU-01,v2.4,5,70.4,RUN,NONE
2023-10-26 13:40:35,P-Usine_A-000333,12198,2199.0,2.9,48.2,33.9,0.503,12.97,6.88,120.0,122.2,333,0,CNU-02,v2.4,2,68.5,RUN,NONE
2023-10-26 13:40:39,P-Usine_A-000334,12138,2133.0,2.91,44.7,39.6,0.533,13.38,6.03,120.0,122.3,334,0,CNU-01,v2.4,4,70.1,RUN,NONE
2023-10-26 13:36:54,P-Usine_A-000335,12114,1829.0,3.2,54.4,32.8,0.581,11.29,5.02,120.0,122.2,335,0,CNU-02,v2.4,2,70.5,RUN,NONE
2023-10-26 13:43:02,P-Usine_A-000336,12371,2100.0,2.82,52.1,31.8,0.468,10.66,7.88,120.0,117.6,336,0,CNU-01,v2.4,5,71.7,RUN,NONE
2023-10-26 13:44:32,P-Usine_A-000337,11947,2187.0,3.16,43.3,31.0,0.517,13.12,5.33,120.0,127.7,337,0,CNU-02,v2.4,4,70.0,RUN,NONE
2023-10-26 13:46:38,P-Usine_A-000338,12048,2049.0,3.17,51.3,32.4,0.347,11.33,7.33,120.0,118.3,338,0,CNU-01,v2.4,5,73.8,RUN,NONE
2023-10-26 13:41:32,P-Usine_A-000339,11975,1877.0,2.84,51.5,35.8,0.529,11.81,5.66,120.0,121.7,339,0,CNU-02,v2.4,3,73.7,RUN,NONE
2023-10-26 13:49:48,P-Usine_A-000340,12341,1918.0,3.14,42.2,32.9,0.514,13.48,6.6,120.0,120.7,340,0,CNU-01,v2.4,4,70.4,RUN,NONE
2023-10-26 13:46:23,P-Usine_A-000341,11806,1809.0,3.11,999.9,42.4,0.383,13.09,7.28,120.0,120.0,341,0,CNU-02,v2.4,5,72.2,RUN,NONE
2023-10-26 13:49:22,P-Usine_A-000342,12267,2051.0,2.88,48.6,38.8,0.442,11.03,5.44,120.0,125.1,342,0,CNU-01,v2.4,4,73.8,RUN,NONE
2023-10-26 13:44:19,P-Usine_A-000343,11882,1992.0,3.0,48.3,34.9,0.305,,6.05,120.0,123.0,343,0,CNU-02,v2.4,5,74.3,RUN,NONE
2023-10-26 13:53:58,P-Usine_A-000344,11877,2032.0,2.8,41.4,39.8,0.468,11.72,5.28,120.0,118.1,344,0,CNU-01,v2.4,1,72.9,RUN,NONE
2023-10-26 13:48:19,P-Usine_A-000345,11995,1890.0,2.99,45.8,33.9,0.514,14.1,7.59,120.0,118.5,345,0,CNU-02,v2.4,4,73.6,RUN,NONE
2023-10-26 13:55:32,P-Usine_A-000346,11881,1811.0,2.83,51.3,40.0,0.526,13.93,6.05,120.0,119.2,346,0,CNU-01,v2.4,2,74.5,RUN,NONE
2023-10-26 13:52:09,P-Usine_A-000347,12004,2005.0,3.0,53.7,36.1,0.506,12.75,6.55,120.0,122.2,347,0,CNU-02,v2.4,5,73.6,RUN,NONE
2023-10-26 13:56:01,P-Usine_A-000348,12440,1915.0,2.96,54.0,44.4,0.393,10.04,5.36,120.0,125.5,348,0,CNU-01,v2.4,5,78.7,RUN,NONE
2023-10-26 13:51:34,P-Usine_A-000349,12058,2165.0,3.1,41.7,35.5,0.584,11.33,7.11,120.0,121.3,349,0,CNU-02,v2.4,3,78.4,RUN,NONE
2023-10-26 13:59:54,P-Usine_A-000350,11993,1859.0,2.83,44.2,38.6,0.441,10.15,6.27,120.0,118.0,350,0,CNU-01,v2.4,2,75.6,RUN,NONE
2023-10-26 13:52:17,P-Usine_A-000351,,2002.0,3.09,50.7,44.2,0.422,10.82,5.16,120.0,123.0,351,0,CNU-02,v2.4,3,77.0,RUN,NONE
2023-10-26 13:57:04,P-Usine_A-000352,12200,1886.0,3.13,44.9,35.7,0.567,11.76,6.91,120.0,117.9,352,0,CNU-01,v2.4,2,80.6,RUN,NONE
2023-10-26 13:57:46,P-Usine_A-000353,12249,1876.0,2.82,45.5,32.8,0.36,14.73,6.71,120.0,122.3,353,0,CNU-02,v2.4,3,78.1,RUN,NONE
2023-10-26 13:54:14,P-Usine_A-000354,12066,1833.0,2.96,51.0,36.1,0.322,14.16,5.65,120.0,121.1,354,0,CNU-01,v2.4,1,79.3,RUN,NONE
2023-10-26 13:55:47,P-Usine_A-000355,11619,1879.0,2.89,42.1,36.8,0.326,13.55,6.17,120.0,118.7,355,0,CNU-02,v2.4,5,78.8,RUN,NONE
2023-10-26 13:56:55,P-Usine_A-000356,11884,1911.0,3.04,44.8,33.8,0.504,10.44,5.88,120.0,124.4,356,0,CNU-01,v2.4,2,81.9,RUN,NONE
2023-10-26 14:01:34,P-Usine_A-000357,12446,1817.0,3.09,46.6,44.0,0.561,10.32,5.68,120.0,123.8,357,0,CNU-02,v2.4,5,83.0,RUN,NONE
2023-10-26 14:00:16,P-Usine_A-000358,11765,2046.0,2.95,40.4,36.0,0.494,13.5,7.22,120.0,121.7,358,0,CNU-01,v2.4,1,79.2,RUN,NONE
2023-10-26 14:00:07,P-Usine_A-000359,12051,1947.0,3.04,41.1,39.6,0.673,10.06,5.14,120.0,122.0,359,0,CNU-02,v2.4,1,83.6,RUN,NONE
2023-10-26 14:05:07,P-Usine_A-000360,12011,1911.0,3.18,51.8,34.6,0.443,12.24,7.21,120.0,120.3,360,0,CNU-01,v2.4,4,80.4,RUN,NONE
2023-10-26 14:10:46,P-Usine_A-000361,12027,1938.0,3.06,54.8,36.9,0.553,14.65,6.99,120.0,120.6,361,0,CNU-02,v2.4,5,81.9,RUN,NONE
2023-10-26 14:04:58,P-Usine_A-000362,11989,1941.0,3.02,52.7,30.5,0.415,14.67,5.94,120.0,121.8,362,0,CNU-01,v2.4,1,81.6,RUN,NONE
2023-10-26 14:10:18,P-Usine_A-000363,11719,2193.0,2.97,51.1,40.5,0.439,14.13,7.3,120.0,118.7,363,0,CNU-02,v2.4,1,83.8,RUN,NONE
2023-10-26 14:11:59,P-Usine_A-000364,11952,2098.0,3.09,53.3,39.4,0.282,12.26,7.38,120.0,122.1,364,0,CNU-01,v2.4,1,83.2,RUN,NONE
2023-10-26 14:13:58,P-Usine_A-000365,11994,2039.0,2.89,52.6,42.3,0.444,12.32,6.95,120.0,123.1,365,0,CNU-02,v2.4,2,84.1,RUN,NONE
2023-10-26 14:11:46,P-Usine_A-000366,12063,2063.0,3.0,40.8,43.2,0.5,10.88,6.05,120.0,122.7,366,0,CNU-01,v2.4,5,83.2,RUN,NONE
2023-10-26 14:14:11,P-Usine_A-000367,11990,2044.0,3.05,44.6,42.7,0.552,10.54,5.09,120.0,123.6,367,0,CNU-02,v2.4,1,88.1,RUN,NONE
2023-10-26 14:11:31,P-Usine_A-000368,11676,2092.0,3.06,47.6,43.9,0.47,12.32,6.91,120.0,120.3,368,0,CNU-01,v2.4,3,85.8,RUN,NONE
2023-10-26 14:10:54,P-Usine_A-000369,12155,1838.0,2.9,49.0,32.7,0.415,14.36,7.44,120.0,125.6,369,0,CNU-02,v2.4,5,88.3,RUN,NONE
2023-10-26 14:19:29,P-Usine_A-000370,12300,2141.0,2.91,43.0,31.4,0.553,11.64,5.09,120.0,126.2,370,0,CNU-01,v2.4,1,87.4,RUN,NONE
2023-10-26 14:19:29,P-Usine_A-000370,12300,2141.0,2.91,43.0,31.4,0.553,11.64,5.09,120.0,126.2,370,0,CNU-01,v2.4,1,87.4,RUN,NONE
2023-10-26 14:19:40,P-Usine_A-000371,11999,1983.0,2.83,42.0,44.4,0.711,14.87,5.49,120.0,120.0,371,0,CNU-02,v2.4,1,89.7,RUN,NONE
2023-10-26 14:17:08,P-Usine_A-000372,11873,1863.0,3.13,42.7,38.8,0.482,10.66,7.84,120.0,123.2,372,0,CNU-01,v2.4,3,89.7,RUN,NONE
2023-10-26 14:19:51,P-Usine_A-000373,11716,1813.0,3.02,53.3,33.5,0.557,11.36,5.35,120.0,120.3,373,0,CNU-02,v2.4,5,88.3,RUN,NONE
2023-10-26 14:16:27,P-Usine_A-000374,12494,1978.0,2.93,51.4,41.0,0.434,10.14,6.63,120.0,121.9,374,0,CNU-01,v2.4,1,88.7,RUN,NONE
2023-10-26 14:18:17,P-Usine_A-000375,11656,2161.0,2.96,46.6,31.8,0.522,12.3,5.6,120.0,122.4,375,0,CNU-02,v2.4,1,90.2,RUN,NONE
2023-10-26 14:25:01,P-Usine_A-000376,11891,1978.0,3.19,45.8,41.5,0.714,14.58,5.27,120.0,122.1,376,0,CNU-01,v2.4,5,91.0,RUN,NONE
2023-10-26 14:26:16,P-Usine_A-000377,11497,2085.0,3.01,46.6,32.7,0.342,11.36,7.24,120.0,125.4,377,0,CNU-02,v2.4,1,91.0,RUN,NONE
2023-10-26 14:24:01,P-Usine_A-000378,11946,1987.0,3.05,51.6,35.7,0.607,10.22,6.36,120.0,120.9,378,0,CNU-01,v2.4,4,92.8,RUN,NONE
2023-10-26 14:19:05,P-Usine_A-000379,11901,2084.0,2.96,54.6,37.1,0.424,12.84,6.45,120.0,123.5,379,0,CNU-02,v2.4,3,91.2,RUN,NONE
2023-10-26 14:25:24,P-Usine_A-000380,11678,2130.0,2.86,42.3,38.5,0.48,14.59,7.24,120.0,120.3,380,0,CNU-01,v2.4,3,93.9,RUN,NONE
2023-10-26 14:27:38,P-Usine_A-000381,11865,2192.0,2.96,50.1,38.0,0.563,12.61,7.72,120.0,124.0,381,0,CNU-02,v2.4,2,91.6,RUN,NONE
2023-10-26 14:29:54,P-Usine_A-000382,11852,1996.0,3.12,48.6,32.9,0.332,12.8,6.7,120.0,123.1,382,0,CNU-01,v2.4,1,91.9,RUN,NONE
2023-10-26 14:22:56,P-Usine_A-000383,12117,2159.0,2.82,54.9,33.2,0.666,12.81,6.54,120.0,122.1,383,0,CNU-02,v2.4,5,93.5,RUN,NONE
2023-10-26 14:23:59,P-Usine_A-000384,12124,2142.0,3.2,49.9,37.9,0.582,11.15,7.84,120.0,121.9,384,0,CNU-01,v2.4,2,96.5,RUN,NONE
2023-10-26 14:25:52,P-Usine_A-000385,12147,2015.0,2.97,46.6,42.0,0.646,11.57,6.7,120.0,120.2,385,0,CNU-02,v2.4,2,96.3,,NONE
2023-10-26 14:31:39,P-Usine_A-000386,12324,2177.0,2.89,41.1,30.9,0.34,14.02,5.9,120.0,122.2,386,0,CNU-01,v2.4,1,93.7,RUN,NONE
2023-10-26 14:34:06,P-Usine_A-000387,12115,2005.0,2.88,49.2,41.9,0.52,12.22,7.5,120.0,119.4,387,0,CNU-02,v2.4,3,96.5,RUN,NONE
2023-10-26 14:27:57,P-Usine_A-000388,12139,2128.0,2.94,53.3,42.6,0.447,13.81,6.18,120.0,122.8,388,0,CNU-01,v2.4,3,94.5,RUN,NONE
2023-10-26 14:33:50,P-Usine_A-000389,12269,2054.0,,48.8,31.7,0.471,11.03,6.44,120.0,123.5,389,0,CNU-02,v2.4,2,98.9,RUN,NONE
2023-10-26 14:32:20,P-Usine_A-000390,12107,1911.0,2.98,45.1,31.2,0.421,12.46,5.07,120.0,121.1,390,0,CNU-01,v2.4,2,97.0,RUN,NONE
2023-10-26 14:32:54,P-Usine_A-000391,11797,1868.0,3.1,44.8,33.9,0.405,14.8,5.82,120.0,122.5,391,0,CNU-02,v2.4,4,98.6,RUN,NONE
2023-10-26 14:36:43,P-Usine_A-000392,11784,1965.0,3.0,50.2,45.0,0.642,13.29,5.96,120.0,117.0,392,0,CNU-01,v2.4,4,100,RUN,NONE
2023-10-26 14:36:14,P-Usine_A-000393,12082,2006.0,2.93,51.6,37.2,0.472,13.73,6.9,120.0,120.0,393,999.9,CNU-02,v2.4,4,99.4,RUN,NONE
2023-10-26 14:37:58,P-Usine_A-000394,12330,2200.0,2.83,46.1,37.2,0.605,13.75,6.73,120.0,124.0,394,0,CNU-01,v2.4,2,100,RUN,NONE
2023-10-26 14:38:39,P-Usine_A-000395,11918,1894.0,2.87,43.9,34.7,0.506,12.49,6.2,120.0,122.3,395,0,CNU-02,v2.4,4,100,RUN,NONE
2023-10-26 14:36:01,P-Usine_A-000396,11697,2162.0,3.07,48.7,42.7,0.347,10.63,6.59,120.0,117.3,396,0,CNU-01,v2.4,4,100,RUN,NONE
2023-10-26 14:37:19,P-Usine_A-000397,11822,2034.0,2.84,51.5,44.4,0.488,14.42,5.14,120.0,125.3,397,0,CNU-02,v2.4,5,100,RUN,NONE
2023-10-26 14:45:05,P-Usine_A-000398,11744,2009.0,3.01,40.8,35.0,0.505,11.22,7.8,120.0,123.9,398,0,CNU-01,v2.4,5,100,RUN,NONE
2023-10-26 14:38:43,P-Usine_A-000399,12006,2071.0,3.2,48.3,30.1,0.472,12.15,7.57,120.0,120.4,399,0,CNU-02,v2.4,4,100,RUN,NONE
2023-10-26 14:41:44,P-Usine_A-000400,12190,1810.0,2.86,51.0,31.8,0.477,13.81,7.76,120.0,121.4,400,0,CNU-01,v2.4,3,3.5,RUN,NONE
2023-10-26 14:48:48,P-Usine_A-000401,11867,2157.0,2.85,40.1,43.8,0.4,10.26,6.28,120.0,123.5,401,0,CNU-02,v2.4,5,3.6,RUN,NONE
2023-10-26 14:51:26,P-Usine_A-000402,12463,1802.0,2.83,40.4,44.3,0.294,13.65,7.77,120.0,123.2,402,0,CNU-01,v2.4,4,4.3,RUN,NONE
2023-10-26 14:48:35,P-Usine_A-000403,12218,2161.0,2.97,51.0,44.1,0.515,13.73,6.26,120.0,120.5,403,0,CNU-02,v2.4,4,3.3,RUN,NONE
2023-10-26 14:49:37,P-Usine_A-000404,11886,1979.0,2.81,43.4,39.7,0.492,14.41,7.96,120.0,124.3,404,0,CNU-01,v2.4,4,5.1,RUN,NONE
2023-10-26 14:53:37,P-Usine_A-000405,11728,1958.0,3.08,53.4,44.6,0.661,12.66,5.06,120.0,115.3,405,0,CNU-02,v2.4,4,4.3,RUN,NONE
2023-10-26 14:51:51,P-Usine_A-000406,11626,1958.0,3.01,41.9,45.0,0.476,11.99,5.72,120.0,119.5,406,0,CNU-01,v2.4,4,6.0,RUN,NONE
2023-10-26 14:52:44,P-Usine_A-000407,11852,2148.0,2.95,41.6,41.9,0.574,15.0,5.42,120.0,125.1,407,0,CNU-02,v2.4,1,3.6,RUN,NONE
2023-10-26 14:55:45,P-Usine_A-000408,11862,2081.0,3.18,42.8,30.5,0.436,13.19,6.63,120.0,120.1,408,0,CNU-01,v2.4,1,8.0,RUN,NONE
2023-10-26 14:53:41,P-Usine_A-000409,11890,2162.0,3.19,43.2,38.3,0.688,10.96,6.71,120.0,121.9,409,0,CNU-02,v2.4,5,5.3,RUN,NONE
2023-10-26 14:49:27,P-Usine_A-000410,11859,2043.0,2.95,51.1,38.4,0.633,14.84,5.78,120.0,120.1,410,0,CNU-01,v2.4,5,7.8,RUN,NONE
2023-10-26 14:55:16,P-Usine_A-000411,11844,1856.0,2.82,48.5,39.7,0.4,14.22,7.85,120.0,121.6,411,0,CNU-02,v2.4,3,9.3,RUN,NONE
2023-10-26 14:57:04,P-Usine_A-000412,12154,1963.0,3.16,40.4,39.2,0.547,10.36,7.81,120.0,121.5,412,0,CNU-01,v2.4,2,8.1,RUN,NONE
2023-10-26 14:59:23,P-Usine_A-000413,11703,1984.0,2.8,53.7,35.1,0.508,11.28,5.94,120.0,123.3,413,0,CNU-02,v2.4,3,10.9,RUN,NONE
2023-10-26 14:55:33,P-Usine_A-000414,11863,1990.0,2.95,40.5,32.0,0.613,13.72,7.02,120.0,121.2,414,0,CNU-01,v2.4,3,10.5,RUN,NONE
2023-10-26 15:01:16,P-Usine_A-000415,12254,2150.0,3.14,48.5,41.8,0.517,11.55,7.15,120.0,122.7,415,0,CNU-02,v2.4,4,9.8,RUN,NONE
2023-10-26 15:01:44,P-Usine_A-000416,,1985.0,2.93,44.9,39.6,0.583,11.86,7.75,120.0,121.5,416,0,CNU-01,v2.4,5,10.2,RUN,NONE
2023-10-26 15:00:37,P-Usine_A-000417,11766,2165.0,2.84,42.3,40.3,0.493,10.95,5.41,120.0,122.1,417,0,CNU-02,v2.4,4,8.9,RUN,NONE
2023-10-26 15:03:43,P-Usine_A-000418,12024,2033.0,2.94,51.2,36.2,0.561,10.71,6.15,120.0,122.9,418,0,CNU-01,v2.4,3,11.6,RUN,NONE
2023-10-26 15:05:12,P-Usine_A-000419,11747,2004.0,3.16,47.7,33.8,0.495,13.8,5.07,120.0,121.4,419,0,CNU-02,v2.4,1,13.3,RUN,NONE
2023-10-26 15:00:09,P-Usine_A-000420,12186,1858.0,2.93,41.5,32.2,0.593,14.33,6.45,120.0,122.8,420,0,CNU-01,v2.4,4,12.4,RUN,NONE
2023-10-26 15:00:09,P-Usine_A-000420,12186,1858.0,2.93,41.5,32.2,0.593,14.33,6.45,120.0,122.8,420,0,CNU-01,v2.4,4,12.4,RUN,NONE
2023-10-26 15:08:39,P-Usine_A-000421,12189,2087.0,2.88,47.7,33.0,0.315,11.19,6.45,120.0,124.9,421,0,CNU-02,v2.4,4,11.5,RUN,NONE
2023-10-26 15:06:59,P-Usine_A-000422,11861,1926.0,3.06,42.1,43.4,0.382,14.05,7.89,120.0,123.2,422,0,CNU-01,v2.4,5,12.3,RUN,NONE
2023-10-26 15:02:39,P-Usine_A-000423,11986,1924.0,3.06,47.3,31.6,0.372,10.88,7.68,120.0,123.0,423,0,CNU-02,v2.4,4,15.0,RUN,NONE
2023-10-26 15:04:14,P-Usine_A-000424,12377,2185.0,2.92,54.4,35.7,0.541,13.79,6.28,120.0,122.5,424,0,CNU-01,v2.4,2,16.5,RUN,NONE
2023-10-26 15:12:01,P-Usine_A-000425,12266,1930.0,2.9,49.0,32.3,0.546,13.8,6.25,120.0,119.0,425,0,CNU-02,v2.4,3,16.8,RUN,NONE
2023-10-26 15:11:17,P-Usine_A-000426,11767,2022.0,2.95,53.4,32.8,0.443,10.91,6.34,120.0,122.9,426,0,CNU-01,v2.4,5,16.0,RUN,NONE
2023-10-26 15:09:21,P-Usine_A-000427,11808,1905.0,3.02,50.3,32.9,0.434,12.43,6.86,120.0,122.5,427,0,CNU-02,v2.4,2,13.7,RUN,NONE
2023-10-26 15:12:15,P-Usine_A-000428,11791,2080.0,3.14,49.4,30.8,0.498,12.29,5.93,120.0,122.8,428,0,CNU-01,v2.4,5,16.2,RUN,NONE
2023-10-26 15:14:06,P-Usine_A-000429,11873,1916.0,3.06,46.0,44.6,0.588,13.73,6.48,120.0,121.1,429,0,CNU-02,v2.4,2,18.3,RUN,NONE
2023-10-26 15:15:01,P-Usine_A-000430,11819,1801.0,3.02,49.6,33.0,0.612,12.33,7.02,120.0,121.8,430,0,CNU-01,v2.4,1,15.0,RUN,NONE
2023-10-26 15:15:21,P-Usine_A-000431,12048,2079.0,3.07,45.4,31.3,0.533,13.74,7.81,120.0,122.4,431,0,CNU-02,v2.4,3,19.7,RUN,NONE
2023-10-26 15:20:32,P-Usine_A-000432,12194,1894.0,2.98,44.8,35.9,0.577,11.8,5.44,120.0,121.0,432,0,CNU-01,v2.4,5,17.1,RUN,NONE
2023-10-26 15:12:23,P-Usine_A-000433,11749,1859.0,3.04,52.8,38.2,0.532,10.02,7.62,120.0,120.9,433,0,CNU-02,v2.4,2,19.2,RUN,NONE
2023-10-26 15:16:17,P-Usine_A-000434,11892,2191.0,2.83,54.5,43.2,0.454,14.52,5.27,120.0,121.0,434,0,CNU-01,v2.4,3,19.7,RUN,NONE
2023-10-26 15:19:23,P-Usine_A-000435,12004,2127.0,3.09,53.9,38.1,0.511,10.26,5.21,120.0,122.1,435,0,CNU-02,v2.4,1,20.2,RUN,NONE
2023-10-26 15:14:39,P-Usine_A-000436,12303,1852.0,2.92,46.1,39.5,0.564,13.69,6.78,120.0,122.9,436,0,CNU-01,v2.4,4,21.0,RUN,NONE
2023-10-26 15:16:27,P-Usine_A-000437,11780,2114.0,2.89,45.6,30.5,0.378,11.43,5.38,120.0,122.2,437,0,CNU-02,v2.4,4,22.2,RUN,NONE
2023-10-26 15:18:39,P-Usine_A-000438,11674,1898.0,3.0,41.9,31.2,0.422,14.99,7.36,120.0,121.3,438,0,CNU-01,v2.4,5,20.3,RUN,NONE
2023-10-26 15:25:18,P-Usine_A-000439,11774,2137.0,3.05,43.8,34.8,0.15,10.36,7.15,120.0,121.4,439,0,CNU-02,v2.4,5,21.0,RUN,NONE
2023-10-26 15:28:10,P-Usine_A-000440,11579,2094.0,3.11,49.4,37.3,0.617,14.83,6.95,120.0,119.6,440,0,CNU-01,v2.4,4,23.0,RUN,NONE
2023-10-26 15:26:04,P-Usine_A-000441,11909,2193.0,2.98,49.4,38.4,0.53,14.46,5.97,120.0,122.4,441,0,CNU-02,v2.4,5,21.8,RUN,NONE
2023-10-26 15:22:06,P-Usine_A-000442,11783,2001.0,2.98,47.8,35.3,0.557,13.65,7.18,120.0,123.6,442,0,CNU-01,v2.4,5,24.1,RUN,NONE
2023-10-26 15:28:21,P-Usine_A-000443,11856,2046.0,3.14,49.9,35.8,0.449,14.09,5.56,120.0,123.1,443,0,CNU-02,v2.4,3,25.6,RUN,NONE
2023-10-26 15:23:00,P-Usine_A-000444,11923,1993.0,2.95,52.1,31.4,0.608,14.48,6.39,120.0,121.9,444,0,CNU-01,v2.4,2,25.0,RUN,NONE
2023-10-26 15:31:13,P-Usine_A-000445,11932,1815.0,2.99,45.0,40.1,0.526,12.96,6.43,120.0,122.0,445,0,CNU-02,v2.4,3,23.0,RUN,NONE
2023-10-26 15:31:13,P-Usine_A-000445,11932,1815.0,2.99,45.0,40.1,0.526,12.96,6.43,120.0,122.0,445,0,CNU-02,v2.4,3,23.0,RUN,NONE
2023-10-26 15:29:40,P-Usine_A-000446,11791,2059.0,2.85,52.6,41.3,0.483,11.44,6.25,,125.1,446,0,CNU-01,v2.4,4,25.2,RUN,NONE
2023-10-26 15:25:47,P-Usine_A-000447,12043,1883.0,3.0,42.5,32.1,0.504,10.64,7.94,120.0,122.1,447,0,CNU-02,v2.4,4,27.3,RUN,NONE
2023-10-26 15:29:47,P-Usine_A-000448,12318,1839.0,2.89,48.7,44.9,0.482,11.49,6.63,120.0,118.7,448,0,CNU-01,v2.4,1,27.9,RUN,NONE
2023-10-26 15:30:06,P-Usine_A-000449,12136,1812.0,3.0,47.0,33.2,0.798,14.63,6.02,120.0,121.1,449,0,CNU-02,v2.4,1,25.9,RUN,NONE
2023-10-26 15:34:03,P-Usine_A-000450,11826,1873.0,2.89,48.4,35.1,0.497,10.44,5.35,120.0,124.1,450,0,CNU-01,v2.4,1,29.3,RUN,NONE
2023-10-26 15:33:41,P-Usine_A-000451,11911,2179.0,3.06,43.6,34.0,0.444,12.83,6.2,120.0,122.5,451,0,CNU-02,v2.4,5,25.5,RUN,NONE
2023-10-26 15:38:29,P-Usine_A-000452,12160,2182.0,2.88,52.1,999.9,0.409,11.25,6.63,120.0,123.0,452,0,CNU-01,v2.4,5,28.5,RUN,NONE
2023-10-26 15:40:54,P-Usine_A-000453,11838,1926.0,3.06,43.0,35.6,0.416,14.14,5.94,120.0,119.0,453,0,CNU-02,v2.4,5,31.2,RUN,NONE
2023-10-26 15:36:25,P-Usine_A-000454,11684,2091.0,3.11,51.0,36.0,0.416,13.93,5.41,120.0,124.3,454,0,CNU-01,v2.4,1,31.8,RUN,NONE
2023-10-26 15:38:20,P-Usine_A-000455,11892,2074.0,2.84,44.5,37.4,0.31,10.69,7.62,120.0,124.9,455,0,CNU-02,v2.4,1,30.0,RUN,NONE
2023-10-26 15:43:44,P-Usine_A-000456,12102,1869.0,3.18,54.4,31.2,0.424,13.37,6.19,120.0,120.4,,0,CNU-01,v2.4,1,28.2,RUN,NONE
2023-10-26 15:40:28,P-Usine_A-000457,12142,1832.0,3.14,49.6,41.6,0.469,13.13,7.53,120.0,123.1,457,0,CNU-02,v2.4,5,32.5,RUN,NONE
2023-10-26 15:40:51,P-Usine_A-000458,12249,1935.0,2.99,54.9,39.9,0.524,12.81,7.97,120.0,121.1,458,0,CNU-01,v2.4,3,32.9,RUN,999.9
2023-10-26 15:42:15,P-Usine_A-000459,12112,2168.0,3.16,48.9,32.5,0.366,13.8,5.92,120.0,120.3,459,0,CNU-02,v2.4,3,34.5,RUN,NONE
2023-10-26 15:45:21,P-Usine_A-000460,12186,1958.0,3.14,50.2,43.0,0.582,13.91,6.58,120.0,122.9,460,0,CNU-01,v2.4,4,32.0,RUN,NONE
2023-10-26 15:42:44,P-Usine_A-000461,11999,1962.0,3.11,47.3,40.3,0.479,12.69,7.24,120.0,123.5,461,0,CNU-02,v2.4,1,32.8,RUN,NONE
2023-10-26 15:43:01,P-Usine_A-000462,12084,1942.0,3.02,44.9,39.2,0.498,14.13,5.73,120.0,123.5,462,0,CNU-01,v2.4,4,33.4,RUN,NONE
2023-10-26 15:41:51,P-Usine_A-000463,11876,1807.0,3.1,47.0,33.2,0.663,13.88,6.19,120.0,123.7,463,0,CNU-02,v2.4,3,36.4,RUN,NONE
2023-10-26 15:48:31,P-Usine_A-000464,12002,2127.0,3.03,50.8,40.6,0.471,10.93,7.37,120.0,120.9,464,0,CNU-01,v2.4,1,32.2,RUN,NONE
2023-10-26 15:51:54,P-Usine_A-000465,11974,1951.0,2.99,42.9,35.3,0.464,13.87,7.01,120.0,122.7,465,0,CNU-02,v2.4,2,33.7,RUN,NONE
2023-10-26 15:51:10,P-Usine_A-000466,12135,1977.0,2.86,41.8,42.7,0.351,11.24,7.53,120.0,121.9,466,0,CNU-01,v2.4,4,36.6,RUN,NONE
2023-10-26 15:46:07,P-Usine_A-000467,12201,2004.0,2.83,46.2,44.9,0.526,13.27,6.17,120.0,121.6,467,0,CNU-02,v2.4,2,33.7,RUN,NONE
2023-10-26 15:47:47,P-Usine_A-000468,12144,2057.0,2.9,43.7,39.8,0.424,12.15,7.01,120.0,119.8,468,0,CNU-01,v2.4,3,36.0,RUN,NONE
2023-10-26 15:50:25,P-Usine_A-000469,12518,1822.0,3.07,44.5,31.8,0.56,10.09,5.46,120.0,120.5,469,0,CNU-02,v2.4,3,37.1,RUN,NONE
2023-10-26 15:58:21,P-Usine_A-000470,11988,1830.0,3.1,54.6,36.4,0.359,14.99,5.52,120.0,122.7,470,0,CNU-01,v2.4,1,38.6,RUN,NONE
2023-10-26 15:50:18,P-Usine_A-000471,11961,2141.0,3.0,52.8,32.7,0.626,14.84,6.37,120.0,119.9,471,0,CNU-02,v2.4,3,36.0,RUN,NONE
2023-10-26 15:55:24,P-Usine_A-000472,11622,1812.0,2.91,40.5,39.9,0.66,13.07,5.88,120.0,122.5,472,0,CNU-01,v2.4,5,37.4,RUN,NONE
2023-10-26 16:00:37,P-Usine_A-000473,11869,2113.0,3.07,54.8,31.9,0.542,10.9,7.46,120.0,122.7,473,0,CNU-02,v2.4,5,38.9,RUN,NONE
2023-10-26 15:55:57,P-Usine_A-000474,11884,2118.0,3.13,44.5,30.3,0.417,14.79,7.89,120.0,122.8,474,0,CNU-01,v2.4,3,39.0,RUN,NONE
2023-10-26 15:55:06,P-Usine_A-000475,11709,2063.0,2.94,42.9,37.5,0.375,10.2,7.42,120.0,121.9,475,0,CNU-02,v2.4,2,37.9,RUN,NONE
2023-10-26 16:04:48,P-Usine_A-000476,11729,2166.0,3.05,54.9,36.6,0.277,14.55,7.34,120.0,120.4,476,0,CNU-01,v2.4,5,40.3,RUN,NONE
2023-10-26 15:58:27,P-Usine_A-000477,12120,2130.0,3.05,43.6,41.5,0.59,10.17,5.02,120.0,119.7,477,0,CNU-02,v2.4,5,43.4,RUN,NONE
2023-10-26 16:03:35,P-Usine_A-000478,12293,1956.0,2.87,40.1,39.3,0.587,11.25,7.83,120.0,125.2,478,0,CNU-01,v2.4,5,42.1,RUN,NONE
2023-10-26 15:59:39,P-Usine_A-000479,12232,1803.0,2.86,40.6,40.0,0.449,13.35,6.7,120.0,121.6,479,0,CNU-02,v2.4,,40.3,RUN,NONE
2023-10-26 16:02:46,P-Usine_A-000480,12209,1804.0,3.13,44.3,43.2,0.543,11.18,7.82,120.0,119.2,,0,CNU-01,v2.4,2,41.3,RUN,NONE
2023-10-26 16:02:28,P-Usine_A-000481,11660,2048.0,2.94,50.6,34.8,0.369,11.43,7.6,120.0,120.5,481,999.9,CNU-02,v2.4,2,44.7,RUN,NONE
2023-10-26 16:03:59,P-Usine_A-000482,12007,1930.0,3.16,47.9,40.3,0.662,11.77,6.52,120.0,123.9,482,0,CNU-01,v2.4,3,42.6,RUN,NONE
2023-10-26 16:02:39,P-Usine_A-000483,11815,1935.0,3.13,44.8,41.7,0.459,12.12,5.84,120.0,121.8,483,0,CNU-02,v2.4,2,42.5,RUN,NONE
2023-10-26 16:08:31,P-Usine_A-000484,11836,2150.0,3.09,54.6,38.3,0.456,11.62,5.61,120.0,122.6,484,0,CNU-01,v2.4,1,44.5,RUN,NONE
2023-10-26 16:06:27,P-Usine_A-000485,12387,1953.0,2.84,46.6,41.4,0.5,10.26,6.13,120.0,121.7,485,0,CNU-02,v2.4,3,43.0,RUN,NONE
2023-10-26 16:11:55,P-Usine_A-000486,12298,1963.0,2.92,43.5,39.5,0.449,13.2,5.07,120.0,122.6,486,0,CNU-01,v2.4,1,46.8,RUN,NONE
2023-10-26 16:11:48,P-Usine_A-000487,11734,2138.0,3.19,44.2,39.9,0.552,11.19,7.13,120.0,120.8,487,0,CNU-02,v2.4,1,45.3,RUN,NONE
2023-10-26 16:12:19,P-Usine_A-000488,11540,2150.0,3.13,48.9,39.8,0.63,13.37,7.08,120.0,122.3,488,,CNU-01,v2.4,3,44.3,RUN,NONE
2023-10-26 16:15:03,P-Usine_A-000489,12097,1978.0,2.99,46.6,35.7,0.513,11.64,6.46,120.0,122.1,489,0,CNU-02,v2.4,5,44.7,RUN,NONE
2023-10-26 16:13:02,P-Usine_A-000490,11851,2130.0,2.89,46.8,41.6,0.687,12.38,7.86,120.0,121.6,490,0,CNU-01,v2.4,2,46.9,RUN,NONE
2023-10-26 16:20:23,P-Usine_A-000491,12018,2108.0,3.18,46.6,43.3,0.376,11.37,5.79,120.0,119.8,491,0,CNU-02,v2.4,4,48.5,RUN,NONE
2023-10-26 16:13:16,P-Usine_A-000492,11563,2106.0,2.9,40.1,41.0,0.522,12.03,5.51,120.0,121.8,492,0,CNU-01,v2.4,2,50.7,RUN,NONE
2023-10-26 16:19:37,P-Usine_A-000493,11741,1946.0,3.06,41.8,38.0,0.382,10.99,5.2,120.0,123.7,493,0,CNU-02,v2.4,2,47.5,RUN,NONE
2023-10-26 16:17:11,P-Usine_A-000494,11915,2121.0,2.93,44.7,34.1,0.57,14.61,5.08,120.0,120.0,494,0,CNU-01,v2.4,4,51.0,RUN,NONE
2023-10-26 16:15:03,P-Usine_A-000495,11840,2130.0,3.16,40.0,43.4,0.333,12.86,6.83,120.0,124.0,495,0,CNU-02,v2.4,2,49.4,RUN,NONE
2023-10-26 16:18:13,P-Usine_A-000496,11700,2158.0,2.82,45.7,42.1,0.496,10.58,6.75,120.0,121.7,496,0,CNU-01,v2.4,5,48.3,RUN,NONE
2023-10-26 16:18:27,P-Usine_A-000497,11854,2026.0,3.17,50.2,33.7,0.545,11.55,6.16,120.0,123.4,497,0,CNU-02,v2.4,4,48.7,RUN,NONE
2023-10-26 16:22:10,P-Usine_A-000498,11811,2072.0,3.14,44.1,30.6,0.572,13.55,5.85,120.0,119.8,498,0,CNU-01,v2.4,2,50.1,RUN,NONE
2023-10-26 16:23:22,P-Usine_A-000499,12464,2121.0,2.91,41.6,34.7,0.452,14.04,6.97,120.0,123.2,499,0,CNU-02,v2.4,5,51.7,RUN,NONE
2023-10-26 16:27:00,P-Usine_A-000500,11999,1986.0,3.19,47.9,39.0,0.574,12.29,6.1,120.0,123.2,500,0,CNU-01,v2.4,3,51.3,RUN,NONE
2023-10-26 16:24:15,P-Usine_A-000501,11748,1983.0,2.9,45.4,31.6,0.298,13.8,5.53,120.0,122.3,501,0,CNU-02,v2.4,5,50.8,RUN,NONE
2023-10-26 16:28:08,P-Usine_A-000502,11985,1841.0,3.12,52.1,31.4,0.354,13.49,7.92,120.0,122.8,502,0,CNU-01,v2.4,3,53.4,RUN,NONE
2023-10-26 16:27:53,P-Usine_A-000503,11991,2166.0,3.15,51.2,40.4,0.546,12.75,7.17,120.0,117.7,503,0,CNU-02,v2.4,1,51.9,RUN,NONE
2023-10-26 16:25:48,P-Usine_A-000504,12250,2094.0,3.15,48.2,35.2,0.426,14.09,7.96,120.0,122.7,504,0,CNU-01,v2.4,1,54.0,RUN,NONE
2023-10-26 16:31:03,P-Usine_A-000505,11865,2021.0,2.98,52.1,40.4,0.402,10.75,7.57,120.0,123.1,505,0,CNU-02,v2.4,3,55.2,RUN,NONE
2023-10-26 16:30:17,P-Usine_A-000506,12082,2199.0,2.99,51.7,38.8,0.393,12.57,7.79,120.0,123.4,506,0,CNU-01,v2.4,3,53.4,RUN,NONE
2023-10-26 16:34:35,P-Usine_A-000507,12012,1833.0,2.84,45.1,31.2,0.469,12.88,7.29,120.0,120.2,507,0,CNU-02,v2.4,2,56.6,RUN,NONE
2023-10-26 16:33:04,P-Usine_A-000508,11887,1905.0,3.03,45.6,41.7,0.559,14.76,7.68,120.0,123.5,508,0,CNU-01,v2.4,5,59.0,RUN,NONE
2023-10-26 16:31:05,P-Usine_A-000509,12015,1834.0,2.93,44.1,30.5,0.657,10.53,6.23,120.0,119.4,509,0,CNU-02,v2.4,5,55.3,RUN,NONE
2023-10-26 16:30:32,P-Usine_A-000510,12467,2000.0,3.03,40.4,35.3,0.545,11.71,7.32,120.0,120.3,510,0,CNU-01,v2.4,2,58.0,RUN,NONE
2023-10-26 16:41:01,P-Usine_A-000511,12082,2131.0,3.16,43.1,42.9,0.632,12.97,7.84,120.0,120.6,511,0,CNU-02,v2.4,4,56.0,RUN,NONE
2023-10-26 16:32:05,P-Usine_A-000512,12460,2163.0,2.97,52.0,37.1,0.559,12.58,6.45,120.0,124.2,512,0,CNU-01,v2.4,4,57.7,RUN,NONE
2023-10-26 16:38:18,P-Usine_A-000513,12142,1976.0,2.87,48.0,42.3,0.541,12.74,6.93,120.0,121.5,513,0,CNU-02,v2.4,5,57.2,RUN,NONE
2023-10-26 16:37:29,P-Usine_A-000514,11962,2053.0,2.87,40.3,43.2,0.501,14.63,7.75,120.0,123.5,514,0,CNU-01,v2.4,4,57.1,RUN,NONE
2023-10-26 16:39:16,P-Usine_A-000515,11559,2112.0,2.94,49.7,43.4,0.582,13.17,6.15,120.0,120.8,515,0,CNU-02,v2.4,3,58.5,RUN,NONE
2023-10-26 16:39:30,P-Usine_A-000516,11962,1817.0,3.11,52.5,32.7,0.541,11.52,6.19,120.0,126.7,516,0,CNU-01,v2.4,2,59.4,RUN,NONE
2023-10-26 16:41:19,P-Usine_A-000517,12718,2097.0,2.82,52.3,36.0,0.364,10.04,5.98,120.0,120.4,517,0,CNU-02,v2.4,2,63.4,RUN,NONE
2023-10-26 16:45:57,P-Usine_A-000518,12215,2098.0,2.83,46.6,42.5,0.515,12.33,6.7,120.0,122.0,518,0,CNU-01,v2.4,3,60.8,RUN,NONE
2023-10-26 16:46:06,P-Usine_A-000519,11899,1947.0,3.03,47.0,41.6,0.421,14.9,7.37,120.0,120.6,519,0,CNU-02,v2.4,5,63.2,RUN,NONE
2023-10-26 16:43:26,P-Usine_A-000520,12186,1848.0,2.92,40.5,41.2,0.433,12.64,7.01,120.0,121.1,520,0,CNU-01,v2.4,2,62.1,RUN,NONE
2023-10-26 16:44:16,P-Usine_A-000521,12195,2117.0,2.97,52.1,35.5,0.436,11.49,6.21,120.0,122.9,521,0,CNU-02,v2.4,4,61.3,RUN,NONE
2023-10-26 16:45:43,P-Usine_A-000522,12083,2168.0,2.84,43.0,41.5,0.506,10.85,6.5,120.0,118.7,522,0,CNU-01,v2.4,4,61.6,RUN,NONE
2023-10-26 16:47:58,P-Usine_A-000523,12383,1940.0,2.96,54.0,43.1,0.549,14.49,5.77,120.0,120.7,523,0,CNU-02,v2.4,1,63.4,RUN,NONE
2023-10-26 16:48:46,P-Usine_A-000524,11996,1955.0,2.81,42.2,43.3,0.667,11.35,6.76,120.0,122.6,524,0,CNU-01,v2.4,5,64.1,RUN,NONE
2023-10-26 16:51:54,P-Usine_A-000525,11809,1968.0,3.15,54.5,41.5,0.557,13.18,6.52,120.0,121.1,525,0,CNU-02,v2.4,4,67.4,RUN,NONE
2023-10-26 16:51:51,P-Usine_A-000526,12233,1870.0,2.89,44.5,31.7,0.585,14.2,5.99,120.0,123.5,526,0,CNU-01,v2.4,5,63.9,RUN,NONE
2023-10-26 16:48:08,P-Usine_A-000527,12096,2151.0,2.93,50.9,39.2,0.643,14.56,7.24,120.0,118.3,527,0,CNU-02,v2.4,5,64.2,RUN,NONE
2023-10-26 16:52:03,P-Usine_A-000528,12192,1902.0,2.93,48.7,38.7,0.522,13.15,5.36,120.0,125.3,528,0,CNU-01,v2.4,2,64.6,RUN,NONE
2023-10-26 16:54:59,P-Usine_A-000529,11765,1900.0,2.83,42.7,37.1,0.463,11.92,5.41,120.0,122.2,529,0,CNU-02,v2.4,4,66.9,RUN,NONE
2023-10-26 16:58:17,P-Usine_A-000530,12155,2080.0,3.12,49.7,39.8,0.67,13.4,6.88,120.0,121.0,530,0,CNU-01,v2.4,4,66.5,RUN,NONE
2023-10-26 16:52:39,P-Usine_A-000531,12157,1994.0,3.1,47.5,32.2,0.435,12.75,6.99,120.0,120.8,531,0,CNU-02,v2.4,1,66.4,RUN,NONE
2023-10-26 16:54:00,P-Usine_A-000532,12141,1833.0,3.09,47.0,43.0,0.496,14.2,5.6,120.0,123.2,532,0,CNU-01,v2.4,1,66.4,RUN,NONE
2023-10-26 16:55:03,P-Usine_A-000533,11909,2154.0,2.89,45.8,35.7,0.436,10.34,5.52,120.0,122.5,533,0,CNU-02,v2.4,5,71.3,RUN,NONE
2023-10-26 16:59:28,P-Usine_A-000534,12072,1962.0,2.9,54.1,35.2,0.278,10.44,6.53,120.0,122.8,534,0,CNU-01,v2.4,1,67.5,RUN,NONE
2023-10-26 16:57:26,P-Usine_A-000535,11535,2002.0,2.92,41.1,43.5,0.429,12.74,8.0,120.0,119.8,535,0,CNU-02,v2.4,4,69.0,RUN,NONE
2023-10-26 17:02:30,P-Usine_A-000536,11961,1867.0,2.86,43.7,30.9,0.398,12.22,7.17,120.0,123.6,536,0,CNU-01,v2.4,2,72.0,RUN,NONE
2023-10-26 16:59:01,P-Usine_A-000537,11963,1999.0,3.07,43.2,37.2,0.371,11.38,5.27,120.0,121.9,537,0,CNU-02,v2.4,5,70.9,RUN,NONE
2023-10-26 17:02:16,P-Usine_A-000538,12099,1846.0,3.05,41.1,43.6,0.513,12.4,6.49,120.0,122.2,538,0,CNU-01,v2.4,2,71.0,RUN,NONE
2023-10-26 17:02:16,P-Usine_A-000538,12099,1846.0,3.05,41.1,43.6,0.513,12.4,6.49,120.0,122.2,538,0,CNU-01,v2.4,2,71.0,RUN,NONE
2023-10-26 16:59:44,P-Usine_A-000539,11896,1912.0,3.03,44.8,38.3,0.477,14.84,6.42,120.0,121.9,539,0,CNU-02,v2.4,5,70.6,RUN,NONE
2023-10-26 17:02:12,P-Usine_A-000540,12232,1847.0,3.08,55.0,37.6,0.356,10.44,7.71,120.0,121.2,540,0,CNU-01,v2.4,2,73.9,RUN,NONE
2023-10-26 17:05:36,P-Usine_A-000541,12008,1863.0,3.09,47.7,41.9,0.464,14.92,7.99,120.0,119.9,541,0,CNU-02,v2.4,2,72.9,RUN,NONE
2023-10-26 17:04:17,P-Usine_A-000542,11936,1868.0,2.86,54.3,32.7,0.383,10.13,5.63,120.0,121.1,542,0,CNU-01,v2.4,5,71.2,RUN,NONE
2023-10-26 17:04:26,P-Usine_A-000543,12051,1985.0,2.89,41.2,35.6,0.428,10.35,5.11,120.0,120.7,543,0,CNU-02,v2.4,4,73.0,RUN,NONE
2023-10-26 17:13:06,P-Usine_A-000544,11829,2056.0,2.87,48.1,36.3,0.468,14.45,6.02,120.0,122.3,544,0,CNU-01,v2.4,4,76.4,RUN,NONE
2023-10-26 17:09:54,P-Usine_A-000545,12056,1966.0,2.93,47.5,40.6,0.318,11.52,5.59,120.0,124.2,545,0,CNU-02,v2.4,4,73.0,RUN,NONE
2023-10-26 17:11:13,P-Usine_A-000546,11536,1919.0,2.95,47.9,40.3,0.601,11.08,6.91,120.0,124.4,546,0,CNU-01,v2.4,2,74.5,RUN,NONE
2023-10-26 17:11:53,P-Usine_A-000547,11790,1833.0,2.99,41.2,38.7,0.578,14.22,7.06,120.0,121.9,547,0,CNU-02,v2.4,3,74.0,RUN,NONE
2023-10-26 17:15:40,P-Usine_A-000548,12173,1849.0,2.89,52.8,36.2,0.484,12.54,7.51,120.0,123.2,548,0,CNU-01,v2.4,1,77.1,RUN,NONE
2023-10-26 17:17:03,P-Usine_A-000549,11933,2036.0,2.93,45.1,35.8,0.356,13.99,6.62,120.0,120.9,549,0,CNU-02,v2.4,999.9,76.1,RUN,NONE
2023-10-26 17:11:35,P-Usine_A-000550,11761,2074.0,3.01,41.1,44.7,0.457,10.27,7.77,120.0,123.4,550,0,CNU-01,v2.4,5,75.8,RUN,NONE
2023-10-26 17:19:18,P-Usine_A-000551,11590,2195.0,2.9,46.0,37.5,0.474,12.07,7.97,120.0,122.7,551,0,CNU-02,v2.4,3,78.9,RUN,NONE
2023-10-26 17:13:59,P-Usine_A-000552,12024,2190.0,2.81,53.8,44.1,0.512,12.99,7.42,120.0,121.4,552,0,CNU-01,v2.4,5,76.8,RUN,NONE
2023-10-26 17:19:53,P-Usine_A-000553,11954,1881.0,3.1,47.2,37.5,0.726,10.38,5.19,120.0,119.6,553,0,CNU-02,v2.4,4,76.6,RUN,NONE
2023-10-26 17:13:31,P-Usine_A-000554,12131,1949.0,2.89,54.0,34.9,0.593,14.34,5.71,120.0,123.2,554,0,CNU-01,v2.4,5,77.7,RUN,NONE
2023-10-26 17:20:59,P-Usine_A-000555,12037,2017.0,3.09,53.8,31.1,0.662,12.31,6.16,120.0,122.5,555,0,CNU-02,v2.4,3,79.2,RUN,NONE
2023-10-26 17:17:09,P-Usine_A-000556,11913,1818.0,3.06,48.9,31.7,0.489,15.0,5.6,120.0,119.3,556,0,CNU-01,v2.4,4,78.8,RUN,NONE
2023-10-26 17:19:24,P-Usine_A-000557,11839,2159.0,3.11,47.7,44.2,0.424,13.04,5.74,120.0,121.4,557,0,CNU-02,v2.4,5,81.2,RUN,NONE
2023-10-26 17:23:55,P-Usine_A-000558,12334,1878.0,2.95,48.1,32.4,0.498,10.67,7.13,120.0,120.5,558,0,CNU-01,v2.4,1,82.4,RUN,NONE
2023-10-26 17:21:46,P-Usine_A-000559,11953,1850.0,3.06,41.4,38.5,0.44,12.26,7.83,120.0,119.4,559,0,CNU-02,v2.4,5,80.0,RUN,NONE
2023-10-26 17:20:31,P-Usine_A-000560,11702,1977.0,2.85,51.4,35.2,0.613,11.78,6.23,120.0,126.0,560,0,CNU-01,v2.4,3,80.4,RUN,NONE
2023-10-26 17:23:59,P-Usine_A-000561,12215,1914.0,2.97,44.7,39.5,0.473,14.07,7.06,120.0,120.8,561,0,CNU-02,v2.4,1,84.9,RUN,NONE
2023-10-26 17:28:26,P-Usine_A-000562,12103,1869.0,3.0,52.0,34.1,0.456,12.29,7.45,120.0,123.2,562,0,CNU-01,v2.4,5,82.2,RUN,NONE
2023-10-26 17:23:14,P-Usine_A-000563,11808,1854.0,3.07,49.0,41.7,0.355,12.23,7.02,120.0,120.6,563,0,CNU-02,v2.4,2,83.8,RUN,NONE
2023-10-26 17:25:00,P-Usine_A-000564,12162,2069.0,3.07,43.4,,0.592,10.82,5.7,120.0,125.4,564,0,CNU-01,v2.4,1,86.4,RUN,NONE
2023-10-26 17:32:02,P-Usine_A-000565,11703,1901.0,3.02,43.5,41.8,0.726,13.14,7.54,120.0,121.1,565,0,CNU-02,v2.4,4,83.5,RUN,NONE
2023-10-26 17:34:05,P-Usine_A-000566,11888,2176.0,3.13,41.3,44.6,0.594,10.92,7.12,120.0,121.8,566,0,CNU-01,v2.4,1,87.5,RUN,NONE
2023-10-26 17:27:42,P-Usine_A-000567,11929,2167.0,3.16,46.8,32.9,0.618,11.31,5.65,120.0,120.3,567,0,CNU-02,v2.4,2,86.9,RUN,NONE
2023-10-26 17:36:07,P-Usine_A-000568,12316,1893.0,2.99,54.5,30.1,0.592,11.01,6.46,120.0,120.9,568,0,CNU-01,v2.4,1,88.1,RUN,NONE
2023-10-26 17:33:57,P-Usine_A-000569,12192,2150.0,3.03,50.0,40.7,0.484,11.97,7.66,120.0,122.8,569,0,CNU-02,v2.4,4,89.1,RUN,NONE
2023-10-26 17:37:20,P-Usine_A-000570,,2104.0,3.17,45.9,30.0,0.482,11.38,6.76,120.0,119.5,570,0,CNU-01,v2.4,2,86.7,RUN,NONE
2023-10-26 17:32:27,P-Usine_A-000571,12025,1926.0,2.96,46.2,41.5,0.397,10.02,6.35,120.0,123.5,571,0,CNU-02,v2.4,3,89.5,RUN,NONE
2023-10-26 17:35:53,P-Usine_A-000572,11960,2093.0,3.07,42.5,33.4,0.315,12.42,5.69,120.0,122.8,572,0,CNU-01,v2.4,3,87.9,RUN,NONE
2023-10-26 17:38:54,P-Usine_A-000573,12037,2045.0,3.02,46.0,32.9,0.552,10.99,7.5,120.0,120.9,573,0,CNU-02,v2.4,5,87.6,RUN,NONE
2023-10-26 17:36:06,P-Usine_A-000574,11989,2025.0,2.84,50.5,30.5,0.612,12.12,5.22,120.0,119.8,574,0,CNU-01,v2.4,1,89.7,RUN,NONE
2023-10-26 17:38:27,P-Usine_A-000575,12047,1997.0,2.81,53.9,43.6,0.398,12.02,6.89,120.0,122.9,575,0,CNU-02,v2.4,4,90.7,RUN,NONE
2023-10-26 17:44:08,P-Usine_A-000576,12242,1858.0,3.18,41.7,44.8,0.454,11.52,6.8,120.0,124.1,576,0,CNU-01,v2.4,3,89.9,RUN,NONE
2023-10-26 17:45:01,P-Usine_A-000577,11353,2011.0,2.83,45.7,42.8,0.395,11.99,5.23,120.0,120.3,577,0,CNU-02,v2.4,5,89.6,RUN,NONE
2023-10-26 17:40:46,P-Usine_A-000578,11564,1804.0,2.81,52.5,36.3,0.548,10.23,5.63,120.0,123.9,578,0,CNU-01,v2.4,3,92.3,RUN,NONE
2023-10-26 17:38:40,P-Usine_A-000579,11834,2025.0,3.01,43.9,37.6,0.443,10.32,6.53,120.0,119.4,579,0,CNU-02,v2.4,2,91.5,RUN,NONE
2023-10-26 17:46:35,P-Usine_A-000580,12314,2032.0,3.17,40.1,44.9,0.654,12.65,,120.0,121.6,580,0,CNU-01,v2.4,5,91.6,RUN,NONE
2023-10-26 17:48:35,P-Usine_A-000581,11666,1922.0,3.19,44.0,34.3,0.523,11.76,7.21,120.0,120.2,581,0,CNU-02,v2.4,5,93.9,RUN,NONE
2023-10-26 17:44:51,P-Usine_A-000582,11919,2163.0,3.15,50.2,44.1,0.49,14.4,5.03,120.0,119.4,582,0,CNU-01,v2.4,5,95.0,RUN,NONE
2023-10-26 17:51:24,P-Usine_A-000583,11628,1960.0,999.9,53.2,31.5,0.385,14.57,5.84,120.0,124.3,583,0,CNU-02,v2.4,3,96.4,RUN,NONE
2023-10-26 17:50:46,P-Usine_A-000584,12119,1990.0,3.1,50.9,43.2,0.399,11.67,6.37,120.0,123.1,584,0,CNU-01,v2.4,1,95.9,RUN,NONE
2023-10-26 17:52:03,P-Usine_A-000585,11682,1930.0,2.9,41.4,34.1,0.58,12.57,6.0,120.0,124.7,585,0,CNU-02,v2.4,5,94.3,RUN,NONE
2023-10-26 17:54:25,P-Usine_A-000586,12001,1988.0,3.02,40.2,34.9,0.54,11.7,7.06,120.0,118.9,586,0,CNU-01,v2.4,5,93.3,RUN,NONE
2023-10-26 17:51:44,P-Usine_A-000587,12189,2036.0,3.18,40.8,38.0,0.447,14.83,6.53,120.0,122.6,587,0,CNU-02,v2.4,4,96.7,RUN,NONE
2023-10-26 17:53:48,P-Usine_A-000588,12161,1831.0,3.16,43.3,30.5,0.554,12.97,7.83,120.0,123.7,588,0,CNU-01,v2.4,4,97.2,RUN,NONE
2023-10-26 17:52:37,P-Usine_A-000589,11792,2031.0,2.86,47.2,39.1,0.56,14.31,5.41,120.0,124.0,589,0,CNU-02,v2.4,3,98.5,RUN,NONE
2023-10-26 17:53:05,P-Usine_A-000590,12236,1820.0,3.02,54.3,37.8,0.677,11.74,7.33,120.0,119.0,590,0,CNU-01,v2.4,4,96.2,RUN,NONE
2023-10-26 17:55:24,P-Usine_A-000591,12022,1940.0,3.12,51.5,44.1,0.551,13.96,7.5,120.0,117.5,591,0,CNU-02,v2.4,1,100,RUN,NONE
2023-10-26 17:59:13,P-Usine_A-000592,11951,1829.0,3.05,41.8,34.7,0.502,10.59,5.01,120.0,126.7,592,0,CNU-01,v2.4,2,99.9,RUN,NONE
2023-10-26 17:59:40,P-Usine_A-000593,11939,2058.0,2.83,52.6,35.1,0.611,13.63,5.65,120.0,124.9,593,0,CNU-02,v2.4,3,100,RUN,NONE
2023-10-26 18:03:13,P-Usine_A-000594,11762,2067.0,2.85,48.7,40.5,0.427,10.96,6.15,120.0,123.1,594,0,CNU-01,v2.4,4,99.9,RUN,NONE
2023-10-26 18:00:59,P-Usine_A-000595,11917,2039.0,2.98,43.8,37.1,0.59,13.89,6.62,120.0,123.0,595,0,CNU-02,v2.4,1,100,RUN,NONE
2023-10-26 17:55:46,P-Usine_A-000596,11766,2119.0,2.89,54.9,37.6,0.62,14.18,5.3,120.0,121.0,596,0,CNU-01,v2.4,5,100,RUN,NONE
2023-10-26 18:04:13,P-Usine_A-000597,11793,1926.0,3.17,51.7,44.8,0.301,10.25,7.02,120.0,121.7,597,0,CNU-02,v2.4,1,100,RUN,NONE
2023-10-26 18:00:35,P-Usine_A-000598,11598,1820.0,3.12,45.8,32.0,0.314,11.95,7.51,120.0,125.6,598,0,CNU-01,v2.4,4,99.7,RUN,NONE
2023-10-26 18:05:49,P-Usine_A-000599,11946,2059.0,3.17,53.8,43.3,0.365,12.82,7.53,120.0,121.8,599,0,CNU-02,v2.4,5,100,RUN,NONE
2023-10-26 18:04:28,P-Usine_A-000600,12186,2177.0,3.12,44.1,38.3,0.547,10.55,5.6,120.0,120.5,600,0,CNU-01,v2.4,3,0.6,RUN,NONE
2023-10-26 18:05:57,P-Usine_A-000601,12139,2194.0,3.11,41.1,30.8,0.415,13.94,5.67,120.0,124.9,601,0,CNU-02,v2.4,5,0.9,RUN,NONE
2023-10-26 18:09:32,P-Usine_A-000602,12080,1981.0,2.94,50.0,30.0,0.542,13.38,5.52,120.0,123.9,602,0,CNU-01,v2.4,5,5.8,RUN,NONE
2023-10-26 18:03:45,P-Usine_A-000603,11833,1956.0,2.98,45.8,37.7,0.529,14.58,6.05,120.0,122.6,603,0,CNU-02,v2.4,5,2.5,RUN,NONE
2023-10-26 18:06:55,P-Usine_A-000604,11982,2100.0,3.02,41.7,40.7,0.541,13.21,7.81,120.0,120.6,604,0,CNU-01,v2.4,5,3.8,RUN,NONE
2023-10-26 18:11:19,P-Usine_A-000605,12137,2199.0,2.88,41.4,42.8,0.392,10.8,6.31,120.0,118.5,605,0,CNU-02,v2.4,1,5.5,RUN,NONE
2023-10-26 18:11:37,P-Usine_A-000606,12130,2091.0,2.92,42.9,38.1,0.573,11.11,6.11,120.0,123.1,606,0,CNU-01,v2.4,5,7.0,RUN,NONE
2023-10-26 18:15:46,P-Usine_A-000607,12514,2103.0,3.19,40.6,42.8,0.59,13.05,6.52,120.0,124.0,607,0,CNU-02,v2.4,2,6.8,RUN,NONE
2023-10-26 18:11:33,P-Usine_A-000608,12462,1882.0,3.05,50.5,32.2,0.437,13.46,6.78,120.0,121.9,608,0,CNU-01,v2.4,4,6.5,RUN,NONE
2023-10-26 18:12:46,P-Usine_A-000609,12215,1855.0,2.86,45.6,39.5,0.629,10.87,6.53,120.0,119.6,609,0,CNU-02,v2.4,1,4.9,RUN,NONE
2023-10-26 18:11:04,P-Usine_A-000610,11947,1956.0,2.88,41.9,44.4,0.552,10.43,5.26,120.0,120.0,610,0,CNU-01,v2.4,4,7.5,RUN,NONE
2023-10-26 18:17:31,P-Usine_A-000611,11855,1961.0,3.11,50.0,40.2,0.353,11.17,6.33,120.0,123.0,611,0,CNU-02,v2.4,3,5.8,RUN,NONE
2023-10-26 18:13:28,P-Usine_A-000612,12319,1844.0,3.19,42.7,,0.423,13.66,7.45,120.0,124.0,612,0,CNU-01,v2.4,4,8.8,RUN,NONE
2023-10-26 18:20:48,P-Usine_A-000613,11850,1939.0,2.99,50.0,43.8,0.357,14.44,7.18,120.0,123.2,613,0,CNU-02,v2.4,4,8.0,RUN,NONE
2023-10-26 18:20:48,P-Usine_A-000613,11850,1939.0,2.99,50.0,43.8,0.357,14.44,7.18,120.0,123.2,613,0,CNU-02,v2.4,4,8.0,RUN,NONE
2023-10-26 18:17:54,P-Usine_A-000614,12131,1850.0,3.03,54.6,37.4,0.49,14.39,7.77,120.0,124.8,614,0,CNU-01,v2.4,3,7.1,RUN,NONE
2023-10-26 18:15:01,P-Usine_A-000615,12047,1976.0,2.84,53.5,,0.654,13.9,7.71,120.0,122.5,615,0,CNU-02,v2.4,5,9.4,RUN,NONE
2023-10-26 18:23:14,P-Usine_A-000616,12032,2198.0,2.81,41.9,39.0,0.52,13.41,6.01,120.0,124.2,616,0,CNU-01,v2.4,3,9.0,RUN,NONE
2023-10-26 18:25:15,P-Usine_A-000617,12284,1800.0,2.84,49.1,30.0,0.395,10.71,5.88,120.0,123.2,617,0,CNU-02,v2.4,4,9.9,RUN,NONE
2023-10-26 18:22:49,P-Usine_A-000618,12104,1975.0,3.08,49.7,30.4,0.607,10.12,7.85,120.0,121.2,618,0,CNU-01,v2.4,2,11.8,RUN,NONE
2023-10-26 18:21:04,P-Usine_A-000619,11662,1920.0,2.97,45.4,40.4,0.583,12.83,5.66,120.0,122.4,619,0,CNU-02,v2.4,1,10.4,RUN,NONE
2023-10-26 18:21:21,P-Usine_A-000620,11818,2042.0,2.93,49.7,42.8,0.39,12.53,5.84,120.0,124.4,620,0,CNU-01,v2.4,1,12.0,RUN,NONE
2023-10-26 18:23:12,P-Usine_A-000621,12276,1967.0,3.07,41.2,31.9,0.433,12.25,6.47,120.0,121.5,621,0,CNU-02,v2.4,5,14.8,RUN,NONE
2023-10-26 18:26:47,P-Usine_A-000622,12023,2124.0,3.12,40.3,39.9,0.355,12.19,7.54,120.0,124.4,622,0,CNU-01,v2.4,5,13.6,RUN,NONE
2023-10-26 18:29:35,P-Usine_A-000623,11793,2062.0,2.92,54.0,42.0,0.766,14.33,6.55,120.0,118.2,623,0,CNU-02,v2.4,1,12.7,RUN,NONE
2023-10-26 18:29:36,P-Usine_A-000624,12025,1848.0,2.85,43.3,32.4,0.458,12.97,7.61,120.0,122.9,624,0,CNU-01,v2.4,3,12.2,RUN,NONE
2023-10-26 18:29:36,P-Usine_A-000624,12025,1848.0,2.85,43.3,32.4,0.458,12.97,7.61,120.0,122.9,624,0,CNU-01,v2.4,3,12.2,RUN,NONE
2023-10-26 18:29:21,P-Usine_A-000625,11760,1877.0,3.11,41.9,30.3,0.485,12.06,5.33,120.0,123.7,625,0,CNU-02,v2.4,3,14.8,RUN,NONE
2023-10-26 18:34:35,P-Usine_A-000626,11964,2024.0,3.05,47.2,44.7,0.67,14.5,5.88,120.0,125.1,626,0,CNU-01,v2.4,2,15.4,RUN,NONE
2023-10-26 18:36:21,P-Usine_A-000627,11606,2000.0,3.15,42.0,42.2,0.377,999.9,5.28,120.0,120.9,627,0,CNU-02,v2.4,3,14.0,RUN,NONE
2023-10-26 18:34:25,P-Usine_A-000628,12132,1871.0,3.16,48.8,42.3,0.484,14.71,6.39,120.0,122.7,628,0,CNU-01,v2.4,5,16.7,RUN,NONE
2023-10-26 18:36:01,P-Usine_A-000629,11694,2072.0,3.02,53.7,45.0,,13.18,7.42,120.0,121.9,629,0,CNU-02,v2.4,5,17.4,RUN,NONE
2023-10-26 18:34:41,P-Usine_A-000630,12121,1816.0,3.02,40.5,39.6,0.64,10.97,7.82,120.0,122.7,630,0,CNU-01,v2.4,5,18.8,RUN,NONE
2023-10-26 18:36:51,P-Usine_A-000631,12266,2200.0,3.07,49.1,43.9,0.508,10.12,6.53,120.0,119.6,631,0,CNU-02,v2.4,5,17.4,RUN,NONE
2023-10-26 18:37:07,P-Usine_A-000632,12231,1986.0,2.8,40.7,34.2,0.538,11.82,6.4,120.0,124.9,632,0,CNU-01,v2.4,1,18.4,RUN,NONE
2023-10-26 18:40:40,P-Usine_A-000633,999.9,1866.0,2.93,43.3,36.2,0.506,12.99,6.48,120.0,122.1,633,0,CNU-02,v2.4,2,17.3,RUN,NONE
2023-10-26 18:42:02,P-Usine_A-000634,11780,2111.0,3.04,48.9,39.6,0.535,13.55,7.92,120.0,120.7,634,0,CNU-01,v2.4,2,18.1,RUN,NONE
2023-10-26 18:44:26,P-Usine_A-000635,11878,2009.0,2.98,45.8,43.5,0.463,10.83,6.08,120.0,123.8,635,0,CNU-02,v2.4,2,19.6,RUN,NONE
2023-10-26 18:36:39,P-Usine_A-000636,12079,2177.0,2.86,47.2,37.6,0.643,14.25,5.68,120.0,122.6,636,0,CNU-01,v2.4,2,21.5,RUN,NONE
2023-10-26 18:37:21,P-Usine_A-000637,12406,1894.0,2.9,52.9,36.1,0.638,12.92,5.43,120.0,125.8,637,0,CNU-02,v2.4,4,21.4,RUN,NONE
2023-10-26 18:38:28,P-Usine_A-000638,11878,1960.0,3.01,53.1,37.4,0.521,13.24,5.51,120.0,125.7,638,0,CNU-01,v2.4,1,23.7,RUN,NONE
2023-10-26 18:44:13,P-Usine_A-000639,12020,2086.0,3.03,42.0,37.5,0.378,11.24,7.03,120.0,119.4,639,0,CNU-02,v2.4,2,20.7,RUN,NONE
2023-10-26 18:45:10,P-Usine_A-000640,11886,2030.0,2.88,49.7,34.1,0.512,12.41,7.01,120.0,121.2,640,0,CNU-01,v2.4,4,20.2,RUN,NONE
2023-10-26 18:49:55,P-Usine_A-000641,11532,1853.0,2.86,51.5,42.3,0.493,13.74,6.59,120.0,124.6,641,0,CNU-02,v2.4,3,24.7,RUN,NONE
2023-10-26 18:49:55,P-Usine_A-000641,11532,1853.0,2.86,51.5,42.3,0.493,13.74,6.59,120.0,124.6,641,0,CNU-02,v2.4,3,24.7,RUN,NONE
2023-10-26 18:47:40,P-Usine_A-000642,11823,1840.0,3.15,46.5,35.4,0.653,11.18,5.89,120.0,119.4,642,0,CNU-01,v2.4,5,21.4,RUN,NONE
2023-10-26 18:51:18,P-Usine_A-000643,12204,1839.0,3.1,53.1,40.3,0.648,11.96,6.49,120.0,122.5,643,0,CNU-02,v2.4,2,23.4,RUN,NONE
2023-10-26 18:49:58,P-Usine_A-000644,12189,1940.0,3.03,46.4,36.0,0.437,12.73,6.4,120.0,122.8,644,0,CNU-01,v2.4,1,25.7,RUN,NONE
2023-10-26 18:55:22,P-Usine_A-000645,12021,2113.0,2.82,52.1,42.1,0.345,10.38,6.26,120.0,124.0,645,0,CNU-02,v2.4,4,22.8,RUN,NONE
2023-10-26 18:53:01,P-Usine_A-000646,11648,1931.0,2.89,45.0,39.5,0.539,14.43,5.66,120.0,120.9,646,0,CNU-01,v2.4,2,27.5,RUN,NONE
2023-10-26 18:50:38,P-Usine_A-000647,12079,1948.0,2.91,52.5,35.5,0.375,14.47,6.55,120.0,121.5,647,0,CNU-02,v2.4,5,25.2,RUN,NONE
2023-10-26 18:49:55,P-Usine_A-000648,11769,1829.0,3.16,47.5,30.3,0.649,12.66,7.96,120.0,117.8,648,0,CNU-01,v2.4,2,28.4,RUN,NONE
2023-10-26 18:50:33,P-Usine_A-000649,11712,1823.0,2.96,54.4,34.2,0.667,13.88,5.48,120.0,122.8,649,0,CNU-02,v2.4,2,26.0,RUN,NONE
2023-10-26 18:55:12,P-Usine_A-000650,12128,1820.0,3.16,40.0,35.2,0.507,12.25,6.28,120.0,119.2,650,0,CNU-01,v2.4,1,25.1,RUN,NONE
2023-10-26 19:00:05,P-Usine_A-000651,12021,1905.0,2.82,47.4,31.9,0.401,12.04,7.78,120.0,123.4,651,0,CNU-02,v2.4,4,29.9,RUN,NONE
2023-10-26 18:58:03,P-Usine_A-000652,11963,1826.0,2.84,53.6,39.3,0.535,12.32,5.83,120.0,125.9,652,0,CNU-01,v2.4,5,29.1,RUN,NONE
2023-10-26 19:02:57,P-Usine_A-000653,12074,2143.0,3.11,52.8,32.8,0.376,13.94,6.38,120.0,121.8,653,0,CNU-02,v2.4,3,31.4,RUN,NONE
2023-10-26 19:01:47,P-Usine_A-000654,12244,2136.0,2.85,47.5,39.3,0.506,14.06,5.44,120.0,123.3,654,0,CNU-01,v2.4,1,31.9,RUN,NONE
2023-10-26 18:59:16,P-Usine_A-000655,11878,2113.0,3.01,44.5,41.5,0.611,12.03,5.37,120.0,121.7,655,0,CNU-02,v2.4,5,31.6,RUN,NONE
2023-10-26 19:01:57,P-Usine_A-000656,12282,2086.0,2.91,49.3,42.9,0.773,12.85,6.22,120.0,123.5,656,,CNU-01,v2.4,1,29.2,RUN,NONE
2023-10-26 19:01:17,P-Usine_A-000657,11853,1862.0,3.18,52.4,41.3,0.565,10.02,7.0,120.0,119.9,657,0,CNU-02,v2.4,4,32.0,RUN,NONE
2023-10-26 19:04:14,P-Usine_A-000658,11874,1934.0,2.98,42.2,31.8,0.347,13.08,6.8,120.0,119.8,658,0,CNU-01,v2.4,4,30.6,RUN,NONE
2023-10-26 19:06:49,P-Usine_A-000659,12561,2028.0,3.11,53.6,38.3,0.526,13.32,5.56,120.0,122.0,659,0,CNU-02,999.9,4,34.0,RUN,NONE
2023-10-26 19:06:05,P-Usine_A-000660,12157,1810.0,3.0,51.0,38.4,0.707,11.35,6.23,120.0,119.8,660,0,CNU-01,v2.4,3,33.4,RUN,NONE
2023-10-26 19:08:31,P-Usine_A-000661,12365,2013.0,3.15,46.8,41.8,0.514,14.32,6.88,120.0,120.2,661,0,CNU-02,v2.4,3,32.8,RUN,NONE
2023-10-26 19:09:56,P-Usine_A-000662,11810,1851.0,2.82,47.9,31.9,0.57,13.28,6.19,120.0,120.8,662,0,CNU-01,v2.4,3,35.4,RUN,NONE
2023-10-26 19:09:28,P-Usine_A-000663,11834,2053.0,3.07,48.2,30.7,0.727,10.49,7.8,120.0,120.9,663,0,CNU-02,v2.4,1,33.2,RUN,NONE
2023-10-26 19:14:30,P-Usine_A-000664,11905,2190.0,3.11,50.9,43.1,0.434,12.96,7.45,120.0,120.2,664,0,CNU-01,v2.4,2,35.8,RUN,NONE
2023-10-26 19:12:55,P-Usine_A-000665,12033,1989.0,3.08,48.3,40.3,0.315,12.37,6.9,120.0,119.6,665,0,CNU-02,v2.4,2,37.2,RUN,NONE
2023-10-26 19:14:33,P-Usine_A-000666,12025,1827.0,3.04,43.5,34.7,0.716,11.16,5.76,120.0,124.8,666,0,CNU-01,v2.4,2,34.4,RUN,NONE
2023-10-26 19:10:58,P-Usine_A-000667,11927,1912.0,3.18,46.9,36.6,0.394,11.91,5.51,120.0,126.3,667,0,CNU-02,v2.4,1,35.5,RUN,NONE
2023-10-26 19:17:04,P-Usine_A-000668,12071,2158.0,2.87,49.1,37.5,0.555,11.13,7.02,120.0,125.4,668,0,CNU-01,v2.4,5,35.5,RUN,NONE
2023-10-26 19:17:22,P-Usine_A-000669,11644,1802.0,3.04,49.8,30.7,0.477,13.7,5.62,120.0,120.8,669,0,CNU-02,v2.4,1,37.8,RUN,NONE
2023-10-26 19:12:06,P-Usine_A-000670,11625,2127.0,2.93,51.1,36.8,0.73,14.17,5.55,120.0,122.9,670,0,CNU-01,v2.4,5,37.4,RUN,NONE
2023-10-26 19:15:13,P-Usine_A-000671,12225,1805.0,3.19,40.2,39.0,0.485,11.54,6.02,120.0,120.4,671,0,CNU-02,v2.4,999.9,36.3,RUN,NONE
2023-10-26 19:17:58,P-Usine_A-000672,11664,1960.0,2.94,47.7,38.5,0.471,13.69,5.11,120.0,123.8,672,0,CNU-01,v2.4,1,36.1,RUN,NONE
2023-10-26 19:22:59,P-Usine_A-000673,11775,2054.0,3.11,49.4,36.2,0.419,12.15,6.69,120.0,119.7,673,0,CNU-02,v2.4,4,40.7,RUN,NONE
2023-10-26 19:18:55,P-Usine_A-000674,12334,1887.0,2.98,51.9,44.2,0.509,14.52,5.71,120.0,123.0,674,0,CNU-01,v2.4,1,41.3,RUN,NONE
2023-10-26 19:24:07,P-Usine_A-000675,12218,1976.0,2.91,46.8,38.6,0.5,11.36,7.69,120.0,124.5,675,0,CNU-02,v2.4,5,38.8,RUN,NONE
2023-10-26 19:23:51,P-Usine_A-000676,11829,2028.0,3.07,52.8,42.7,0.747,10.18,6.51,120.0,124.6,676,0,CNU-01,v2.4,3,42.8,RUN,NONE
2023-10-26 19:23:24,P-Usine_A-000677,11900,1890.0,3.02,43.7,43.4,0.589,12.23,7.15,120.0,122.9,677,0,CNU-02,v2.4,4,42.3,RUN,NONE
2023-10-26 19:27:37,P-Usine_A-000678,11982,1826.0,3.02,49.4,43.5,0.471,11.76,7.55,120.0,121.4,678,0,CNU-01,v2.4,5,41.4,RUN,NONE
2023-10-26 19:25:40,P-Usine_A-000679,11989,2103.0,2.87,43.0,36.0,0.581,11.02,5.77,120.0,124.6,679,0,CNU-02,v2.4,4,41.0,RUN,NONE
2023-10-26 19:27:51,P-Usine_A-000680,12087,1822.0,2.82,49.9,33.9,0.365,10.73,5.86,120.0,122.5,680,0,CNU-01,v2.4,3,42.9,RUN,NONE
2023-10-26 19:30:25,P-Usine_A-000681,11903,1834.0,3.14,47.4,42.7,0.575,10.89,7.21,120.0,119.7,681,0,CNU-02,v2.4,2,42.6,RUN,NONE
2023-10-26 19:28:53,P-Usine_A-000682,12129,2128.0,3.14,40.2,41.1,0.621,12.91,6.39,120.0,124.3,682,0,CNU-01,v2.4,5,44.3,RUN,NONE
2023-10-26 19:32:35,P-Usine_A-000683,11822,1975.0,3.15,42.5,36.0,0.564,11.4,7.66,120.0,123.0,683,0,CNU-02,v2.4,3,45.9,RUN,NONE
2023-10-26 19:31:42,P-Usine_A-000684,11695,2030.0,2.83,47.2,36.1,0.398,13.65,7.31,120.0,120.4,684,0,CNU-01,v2.4,4,46.2,RUN,NONE
2023-10-26 19:31:46,P-Usine_A-000685,12148,1848.0,3.09,54.0,39.7,0.53,12.53,7.67,120.0,122.6,685,0,CNU-02,v2.4,2,44.6,RUN,NONE
2023-10-26 19:35:52,P-Usine_A-000686,11894,2145.0,3.15,54.6,30.7,0.441,11.07,5.74,120.0,124.1,686,0,CNU-01,v2.4,2,46.0,RUN,NONE
2023-10-26 19:28:50,P-Usine_A-000687,12276,1896.0,2.8,45.1,,0.417,10.91,5.42,120.0,123.6,687,0,CNU-02,v2.4,3,45.1,RUN,NONE
2023-10-26 19:32:05,P-Usine_A-000688,12173,2049.0,3.18,42.0,33.3,0.439,11.43,6.08,120.0,121.1,688,0,CNU-01,v2.4,3,44.8,RUN,NONE
2023-10-26 19:31:43,P-Usine_A-000689,11848,2055.0,2.88,42.3,40.8,0.472,10.63,7.1,120.0,121.0,689,0,CNU-02,v2.4,2,48.6,RUN,NONE
2023-10-26 19:40:41,P-Usine_A-000690,12175,2101.0,3.08,43.1,32.2,0.345,14.14,5.78,120.0,125.4,690,0,CNU-01,v2.4,4,49.7,RUN,NONE
2023-10-26 19:32:38,P-Usine_A-000691,11891,1848.0,3.02,54.0,31.3,0.488,14.08,7.68,120.0,121.9,691,0,CNU-02,v2.4,1,45.6,RUN,NONE
2023-10-26 19:35:48,P-Usine_A-000692,11827,1806.0,3.14,41.3,35.5,0.616,14.42,7.37,120.0,122.5,692,0,CNU-01,v2.4,5,47.8,RUN,NONE
2023-10-26 19:40:25,P-Usine_A-000693,12036,2192.0,3.15,52.3,35.8,0.459,12.96,7.65,120.0,120.9,693,0,CNU-02,v2.4,4,49.5,RUN,NONE
2023-10-26 19:41:27,P-Usine_A-000694,12112,2189.0,2.97,50.2,36.0,0.636,10.06,5.32,120.0,122.3,694,0,CNU-01,v2.4,4,48.1,RUN,NONE
2023-10-26 19:43:30,P-Usine_A-000695,11492,1862.0,2.85,54.0,39.4,0.623,13.39,5.99,120.0,125.2,695,0,CNU-02,v2.4,4,50.0,RUN,NONE
2023-10-26 19:38:02,P-Usine_A-000696,11762,1814.0,2.93,40.1,32.7,0.482,14.33,7.96,120.0,126.8,696,0,CNU-01,v2.4,1,49.5,RUN,NONE
2023-10-26 19:47:03,P-Usine_A-000697,11775,1928.0,3.1,53.6,35.6,0.57,12.67,7.18,120.0,121.6,697,0,CNU-02,v2.4,3,52.0,RUN,NONE
2023-10-26 19:40:48,P-Usine_A-000698,11826,1886.0,2.94,44.7,39.3,0.414,11.15,5.55,120.0,127.3,698,0,CNU-01,v2.4,4,52.0,RUN,NONE
2023-10-26 19:48:04,P-Usine_A-000699,12023,2048.0,3.07,43.8,37.4,0.388,12.4,5.66,120.0,121.1,699,0,CNU-02,v2.4,4,51.1,RUN,NONE
2023-10-26 19:43:18,P-Usine_A-000700,11952,1861.0,2.91,53.3,41.8,0.611,13.88,5.9,120.0,123.3,700,0,CNU-01,v2.4,4,53.8,RUN,NONE
2023-10-26 19:50:22,P-Usine_A-000701,11804,2087.0,3.19,53.8,44.8,0.486,13.78,6.95,120.0,124.5,701,0,CNU-02,v2.4,3,51.3,RUN,NONE
2023-10-26 19:49:49,P-Usine_A-000702,11679,1812.0,3.06,53.9,32.4,0.655,10.18,7.15,120.0,122.3,702,0,CNU-01,v2.4,3,53.7,RUN,NONE
2023-10-26 19:50:39,P-Usine_A-000703,12184,1959.0,2.85,47.2,37.8,0.504,11.98,5.74,120.0,122.0,703,0,CNU-02,v2.4,1,53.5,RUN,NONE
2023-10-26 19:46:20,P-Usine_A-000704,11611,2079.0,2.97,42.4,44.5,0.661,10.91,5.99,120.0,120.6,704,0,CNU-01,v2.4,1,54.9,RUN,NONE
2023-10-26 19:52:58,P-Usine_A-000705,12049,1974.0,3.11,40.3,36.5,0.524,11.67,5.89,120.0,121.7,705,0,CNU-02,v2.4,1,53.4,RUN,NONE
2023-10-26 19:48:30,P-Usine_A-000706,11907,1988.0,2.95,54.5,40.5,0.488,12.29,6.56,120.0,123.7,706,0,CNU-01,v2.4,5,53.1,RUN,NONE
2023-10-26 19:48:56,P-Usine_A-000707,12088,1966.0,2.98,53.8,999.9,0.48,11.09,6.47,120.0,120.0,707,0,CNU-02,v2.4,1,54.3,RUN,NONE
2023-10-26 19:58:40,P-Usine_A-000708,11953,1926.0,3.03,50.7,37.2,0.313,13.75,5.81,120.0,119.8,708,0,CNU-01,v2.4,3,57.8,RUN,NONE
2023-10-26 19:59:43,P-Usine_A-000709,11752,1841.0,2.86,48.8,35.1,0.505,10.33,6.94,120.0,122.1,709,0,CNU-02,v2.4,1,,RUN,NONE
2023-10-26 19:52:47,P-Usine_A-000710,12105,2049.0,2.86,53.8,36.3,0.662,10.86,6.61,120.0,123.8,710,0,CNU-01,v2.4,2,59.4,RUN,NONE
2023-10-26 19:53:14,P-Usine_A-000711,12274,2049.0,2.83,48.6,33.9,0.575,12.27,5.49,120.0,124.4,711,0,CNU-02,v2.4,2,57.5,RUN,NONE
2023-10-26 19:54:41,P-Usine_A-000712,11820,2188.0,2.82,44.0,44.4,0.408,10.3,6.28,120.0,120.6,712,0,CNU-01,v2.4,3,57.5,RUN,NONE
2023-10-26 19:57:36,P-Usine_A-000713,12203,2033.0,3.0,52.9,34.3,0.375,11.98,6.39,120.0,120.6,713,0,CNU-02,v2.4,2,60.7,RUN,NONE
2023-10-26 19:55:15,P-Usine_A-000714,12131,1906.0,2.81,51.1,37.3,0.452,10.47,5.49,120.0,121.5,714,0,CNU-01,v2.4,4,61.1,RUN,NONE
2023-10-26 20:03:38,P-Usine_A-000715,11883,1974.0,3.07,45.9,32.6,0.608,10.82,6.03,120.0,121.9,715,0,CNU-02,v2.4,5,62.4,RUN,NONE
2023-10-26 19:59:30,P-Usine_A-000716,12225,2124.0,3.17,48.0,33.8,0.348,12.0,8.0,120.0,125.5,716,0,CNU-01,v2.4,4,62.7,RUN,NONE
2023-10-26 20:02:29,P-Usine_A-000717,12163,2015.0,2.92,51.1,38.8,0.626,12.97,5.92,120.0,123.8,717,0,CNU-02,v2.4,1,61.7,RUN,NONE
2023-10-26 20:05:57,P-Usine_A-000718,12164,1945.0,2.96,40.9,38.6,0.324,12.88,7.85,120.0,120.6,718,0,CNU-01,v2.4,4,62.4,RUN,NONE
2023-10-26 20:02:42,P-Usine_A-000719,11988,2093.0,3.1,49.3,43.7,0.595,14.57,7.39,120.0,121.1,719,0,CNU-02,v2.4,3,59.8,RUN,NONE
2023-10-26 20:10:42,P-Usine_A-000720,12019,2089.0,3.05,45.1,31.0,0.606,10.17,5.25,120.0,123.7,720,0,CNU-01,v2.4,3,61.8,RUN,NONE
2023-10-26 20:05:09,P-Usine_A-000721,12276,2157.0,2.92,43.6,40.1,0.44,14.31,7.59,120.0,122.5,721,0,CNU-02,v2.4,5,62.4,RUN,NONE
2023-10-26 20:08:35,P-Usine_A-000722,11846,2109.0,3.05,54.5,35.5,0.499,14.42,5.18,120.0,121.5,722,0,CNU-01,v2.4,1,62.0,RUN,NONE
2023-10-26 20:06:37,P-Usine_A-000723,12059,1829.0,2.82,52.5,44.6,0.482,11.04,6.87,120.0,120.8,723,0,CNU-02,v2.4,2,65.0,RUN,999.9
2023-10-26 20:11:55,P-Usine_A-000724,11820,999.9,3.0,43.6,33.6,0.491,13.55,6.21,120.0,126.1,724,0,CNU-01,v2.4,5,65.5,RUN,NONE
2023-10-26 20:13:08,P-Usine_A-000725,12042,2034.0,2.83,41.2,35.7,0.543,13.88,6.72,120.0,119.5,725,0,CNU-02,v2.4,4,65.8,RUN,NONE
2023-10-26 20:12:40,P-Usine_A-000726,11872,2197.0,3.06,46.2,34.6,999.9,10.9,6.22,120.0,123.3,726,0,CNU-01,v2.4,1,67.4,RUN,NONE
2023-10-26 20:11:37,P-Usine_A-000727,12198,2152.0,3.11,52.4,39.9,,11.23,5.02,120.0,124.2,727,0,CNU-02,v2.4,3,66.9,RUN,NONE
2023-10-26 20:15:01,P-Usine_A-000728,12036,1925.0,3.0,41.0,40.4,0.615,13.03,7.4,120.0,120.8,728,0,CNU-01,v2.4,2,64.2,RUN,NONE
2023-10-26 20:19:44,P-Usine_A-000729,12263,1858.0,3.13,54.6,43.7,0.534,14.33,5.25,120.0,122.6,729,0,CNU-02,v2.4,3,66.2,RUN,NONE
2023-10-26 20:20:07,P-Usine_A-000730,11554,1811.0,2.98,40.5,38.4,0.462,13.08,5.64,120.0,122.3,730,0,CNU-01,v2.4,4,66.1,RUN,NONE
2023-10-26 20:15:26,P-Usine_A-000731,12342,2027.0,3.12,50.4,37.9,0.616,13.08,6.92,120.0,120.8,731,0,CNU-02,v2.4,1,66.8,RUN,NONE
2023-10-26 20:15:00,P-Usine_A-000732,11696,1871.0,2.89,41.0,39.7,0.634,13.65,6.18,120.0,124.1,732,0,CNU-01,v2.4,4,69.8,RUN,NONE
2023-10-26 20:15:00,P-Usine_A-000732,11696,1871.0,2.89,41.0,39.7,0.634,13.65,6.18,120.0,124.1,732,0,CNU-01,v2.4,4,69.8,RUN,NONE
2023-10-26 20:16:45,P-Usine_A-000733,11787,1906.0,2.92,48.7,39.5,0.542,14.66,5.15,120.0,123.1,733,0,CNU-02,v2.4,1,68.7,RUN,NONE
2023-10-26 20:19:33,P-Usine_A-000734,11967,2055.0,3.08,42.3,33.9,0.567,11.42,6.88,120.0,123.1,734,0,CNU-01,v2.4,1,71.2,RUN,NONE
2023-10-26 20:26:10,P-Usine_A-000735,12102,2150.0,2.86,40.2,30.6,0.445,10.88,5.6,120.0,122.2,735,0,CNU-02,v2.4,3,70.8,RUN,NONE
2023-10-26 20:19:12,P-Usine_A-000736,12585,2176.0,2.96,45.3,35.4,0.571,10.59,5.21,120.0,120.7,736,0,CNU-01,v2.4,2,71.3,RUN,NONE
2023-10-26 20:23:41,P-Usine_A-000737,11900,1842.0,2.8,42.3,33.9,0.464,13.54,7.74,120.0,124.4,737,0,CNU-02,v2.4,4,73.0,RUN,NONE
2023-10-26 20:22:46,P-Usine_A-000738,12282,1880.0,2.96,48.0,38.2,0.561,14.62,5.28,120.0,121.7,738,0,CNU-01,v2.4,4,71.4,RUN,NONE
2023-10-26 20:23:29,P-Usine_A-000739,12170,2061.0,2.83,44.1,42.7,0.35,12.31,7.26,120.0,123.2,739,0,CNU-02,v2.4,3,73.7,RUN,NONE
2023-10-26 20:25:36,P-Usine_A-000740,12434,2006.0,2.82,44.3,40.1,0.559,13.73,5.37,120.0,123.1,740,0,CNU-01,v2.4,3,72.7,RUN,NONE
2023-10-26 20:30:48,P-Usine_A-000741,12319,2015.0,2.81,49.6,32.5,0.582,14.85,6.77,120.0,121.9,741,0,CNU-02,v2.4,5,71.7,RUN,NONE
2023-10-26 20:29:56,P-Usine_A-000742,11841,1877.0,3.07,47.5,38.0,0.54,13.85,7.79,120.0,120.4,742,0,CNU-01,v2.4,4,74.7,RUN,NONE
2023-10-26 20:30:24,P-Usine_A-000743,11863,2001.0,2.82,53.9,43.5,0.693,10.76,6.29,120.0,122.0,743,0,CNU-02,v2.4,4,72.4,RUN,NONE
2023-10-26 20:26:45,P-Usine_A-000744,11983,1919.0,2.89,54.9,36.0,0.505,13.51,6.01,120.0,125.1,744,0,CNU-01,v2.4,3,75.9,RUN,NONE
2023-10-26 20:31:28,P-Usine_A-000745,12378,2128.0,2.88,53.4,37.7,0.618,14.68,7.29,120.0,122.4,745,0,CNU-02,v2.4,1,74.9,RUN,NONE
2023-10-26 20:36:47,P-Usine_A-000746,12047,1920.0,3.0,42.3,41.8,0.623,14.97,7.83,120.0,118.2,746,0,CNU-01,v2.4,5,75.4,RUN,NONE
2023-10-26 20:34:28,P-Usine_A-000747,11684,2035.0,2.94,53.4,37.7,0.445,13.3,7.35,120.0,122.8,747,0,CNU-02,v2.4,3,75.3,RUN,NONE
2023-10-26 20:32:05,P-Usine_A-000748,11911,1835.0,3.06,53.9,39.4,0.362,12.55,5.72,120.0,123.8,748,0,CNU-01,v2.4,4,78.5,RUN,NONE
2023-10-26 20:35:17,P-Usine_A-000749,11945,1828.0,2.83,43.4,,0.444,13.65,5.18,120.0,121.8,749,0,CNU-02,v2.4,4,74.6,RUN,NONE
2023-10-26 20:40:25,P-Usine_A-000750,12209,1842.0,2.96,42.1,33.8,0.408,11.82,6.32,120.0,121.1,750,0,CNU-01,v2.4,1,78.7,RUN,NONE
2023-10-26 20:35:09,P-Usine_A-000751,12116,2040.0,2.93,51.8,41.2,0.532,12.97,6.57,120.0,122.3,751,0,CNU-02,v2.4,5,77.2,RUN,NONE
2023-10-26 20:37:44,P-Usine_A-000752,12373,2047.0,2.92,42.1,36.9,0.58,11.44,5.85,120.0,125.2,752,0,CNU-01,v2.4,2,77.3,RUN,NONE
2023-10-26 20:41:02,P-Usine_A-000753,11765,2054.0,3.02,43.7,37.8,0.574,11.1,7.67,120.0,122.3,753,0,CNU-02,v2.4,1,80.3,RUN,NONE
2023-10-26 20:37:55,P-Usine_A-000754,11948,1912.0,3.15,42.0,38.7,0.481,12.59,6.94,120.0,123.7,754,0,CNU-01,v2.4,2,80.9,RUN,NONE
2023-10-26 20:39:04,P-Usine_A-000755,12161,1804.0,3.16,46.2,36.0,0.501,10.01,6.8,120.0,125.8,755,0,CNU-02,v2.4,2,78.6,RUN,NONE
2023-10-26 20:39:01,P-Usine_A-000756,12021,2199.0,3.15,43.8,44.1,0.644,12.19,5.6,120.0,123.8,756,0,CNU-01,v2.4,4,82.8,RUN,NONE
2023-10-26 20:46:12,P-Usine_A-000757,12102,1892.0,3.19,51.9,36.6,0.617,11.59,5.87,120.0,121.9,757,0,CNU-02,v2.4,2,82.6,RUN,NONE
2023-10-26 20:45:58,P-Usine_A-000758,11833,1832.0,3.17,45.4,37.8,0.541,11.87,6.15,120.0,119.5,758,0,CNU-01,v2.4,5,83.5,RUN,NONE
2023-10-26 20:50:14,P-Usine_A-000759,11850,2153.0,3.05,51.5,43.0,0.532,13.53,7.14,120.0,123.3,759,0,CNU-02,v2.4,1,83.6,RUN,NONE
2023-10-26 20:41:28,P-Usine_A-000760,12327,1908.0,3.18,48.8,34.3,0.321,11.02,6.0,120.0,124.2,760,0,CNU-01,v2.4,5,83.6,RUN,NONE
2023-10-26 20:41:28,P-Usine_A-000760,12327,1908.0,3.18,48.8,34.3,0.321,11.02,6.0,120.0,124.2,760,0,CNU-01,v2.4,5,83.6,RUN,NONE
2023-10-26 20:46:17,P-Usine_A-000761,12411,1955.0,3.12,50.4,37.3,0.437,13.85,7.52,120.0,121.3,761,0,CNU-02,v2.4,3,84.5,RUN,NONE
2023-10-26 20:51:41,P-Usine_A-000762,12119,2158.0,2.88,49.1,41.4,0.622,10.86,6.5,120.0,120.0,762,0,CNU-01,v2.4,1,81.7,RUN,NONE
2023-10-26 20:45:10,P-Usine_A-000763,11927,1918.0,2.88,50.1,33.0,0.371,14.05,7.23,120.0,118.4,763,0,CNU-02,v2.4,4,86.1,RUN,NONE
2023-10-26 20:53:34,P-Usine_A-000764,12167,1815.0,2.82,48.5,39.1,0.456,10.81,7.8,120.0,121.8,764,0,CNU-01,v2.4,3,82.7,RUN,NONE
2023-10-26 20:49:07,P-Usine_A-000765,12024,1905.0,3.18,42.0,40.6,0.456,13.28,6.71,120.0,123.4,765,0,CNU-02,v2.4,5,84.4,RUN,NONE
2023-10-26 20:54:06,P-Usine_A-000766,11952,2015.0,3.05,41.8,42.9,0.278,11.11,7.48,120.0,121.3,766,0,CNU-01,v2.4,4,86.3,RUN,NONE
2023-10-26 20:55:48,P-Usine_A-000767,11775,1838.0,3.01,50.8,38.7,0.433,13.11,5.15,120.0,121.6,767,0,CNU-02,v2.4,3,85.0,RUN,NONE
2023-10-26 20:55:48,P-Usine_A-000767,11775,1838.0,3.01,50.8,38.7,0.433,13.11,5.15,120.0,121.6,767,0,CNU-02,v2.4,3,85.0,RUN,NONE
2023-10-26 20:51:34,P-Usine_A-000768,12060,1906.0,3.18,52.4,33.8,0.569,14.44,6.83,120.0,121.3,768,0,CNU-01,v2.4,5,84.5,RUN,NONE
2023-10-26 20:54:10,P-Usine_A-000769,12220,2068.0,2.99,47.8,44.4,0.499,11.27,5.45,120.0,120.2,769,0,CNU-02,v2.4,3,86.1,RUN,NONE
2023-10-26 20:55:33,P-Usine_A-000770,11961,1918.0,2.97,53.2,38.6,0.65,11.55,5.39,120.0,122.7,770,0,CNU-01,v2.4,5,89.6,RUN,NONE
2023-10-26 20:58:21,P-Usine_A-000771,12149,2174.0,3.2,50.7,42.3,0.506,10.5,6.64,120.0,123.1,771,0,CNU-02,v2.4,1,85.8,RUN,NONE
2023-10-26 20:53:07,P-Usine_A-000772,11793,2048.0,2.88,54.4,33.8,0.504,13.92,6.17,120.0,123.3,772,0,CNU-01,v2.4,1,89.9,999.9,NONE
2023-10-26 20:55:57,P-Usine_A-000773,11919,2173.0,2.83,49.4,35.2,0.508,14.21,6.28,120.0,121.3,773,0,CNU-02,v2.4,4,90.5,RUN,NONE
2023-10-26 21:02:57,P-Usine_A-000774,12154,1908.0,2.89,50.8,37.2,0.414,13.64,6.76,120.0,124.0,774,0,CNU-01,v2.4,5,90.9,RUN,NONE
2023-10-26 21:00:21,P-Usine_A-000775,11579,2135.0,3.12,48.8,32.9,0.48,14.42,6.96,120.0,120.2,775,0,CNU-02,v2.4,4,89.3,RUN,NONE
2023-10-26 21:00:17,P-Usine_A-000776,12087,2168.0,3.14,52.2,32.1,0.406,13.37,5.5,120.0,124.6,776,0,CNU-01,v2.4,2,88.6,RUN,NONE
2023-10-26 21:04:27,P-Usine_A-000777,11948,2045.0,3.06,45.5,41.4,0.489,13.96,6.73,120.0,118.6,777,0,CNU-02,v2.4,5,91.6,RUN,NONE
2023-10-26 21:02:36,P-Usine_A-000778,12073,1963.0,3.04,48.7,35.7,0.283,12.13,7.04,120.0,121.4,778,0,CNU-01,v2.4,3,91.8,RUN,NONE
2023-10-26 21:09:25,P-Usine_A-000779,11928,1972.0,2.86,53.4,39.7,0.442,12.15,5.95,120.0,119.6,779,0,CNU-02,v2.4,2,90.8,RUN,NONE
2023-10-26 21:06:37,P-Usine_A-000780,12043,2044.0,3.17,48.7,36.5,0.487,14.07,5.42,120.0,123.0,780,0,CNU-01,v2.4,4,92.5,RUN,NONE
2023-10-26 21:11:03,P-Usine_A-000781,11906,2183.0,2.93,54.8,42.5,0.363,13.37,7.7,120.0,122.2,781,0,CNU-02,v2.4,1,93.8,RUN,NONE
2023-10-26 21:10:27,P-Usine_A-000782,12213,2075.0,2.99,41.7,38.8,0.503,14.49,5.44,120.0,125.0,782,0,CNU-01,v2.4,1,94.5,RUN,NONE
2023-10-26 21:12:31,P-Usine_A-000783,12050,2160.0,2.96,45.8,42.1,0.523,11.22,6.73,120.0,123.3,783,0,CNU-02,v2.4,3,96.1,RUN,NONE
2023-10-26 21:04:52,P-Usine_A-000784,12510,1910.0,3.12,48.3,39.9,0.435,12.11,6.4,120.0,122.0,784,0,CNU-01,v2.4,3,96.5,RUN,NONE
2023-10-26 21:10:31,P-Usine_A-000785,11795,2053.0,2.95,40.7,34.4,0.354,14.29,7.62,120.0,124.1,785,0,CNU-02,v2.4,2,97.3,RUN,NONE
2023-10-26 21:11:00,P-Usine_A-000786,12324,1867.0,2.83,51.8,31.1,0.456,13.77,5.34,120.0,118.0,786,0,CNU-01,v2.4,1,95.3,RUN,NONE
2023-10-26 21:16:41,P-Usine_A-000787,12155,2035.0,3.01,50.9,37.4,0.488,13.01,6.14,120.0,121.0,787,0,CNU-02,v2.4,4,98.0,RUN,NONE
2023-10-26 21:12:12,P-Usine_A-000788,11779,2109.0,3.12,46.7,44.9,0.529,13.87,5.57,120.0,119.7,788,0,CNU-01,v2.4,4,94.2,RUN,NONE
2023-10-26 21:14:07,P-Usine_A-000789,11960,1859.0,2.83,43.4,40.0,0.549,13.98,7.55,120.0,123.7,789,0,CNU-02,v2.4,1,94.9,RUN,NONE
2023-10-26 21:15:51,P-Usine_A-000790,12031,1921.0,3.13,47.7,37.8,0.498,11.25,6.04,120.0,124.9,790,0,CNU-01,v2.4,1,99.6,RUN,NONE
2023-10-26 21:12:25,P-Usine_A-000791,12196,1892.0,3.06,50.7,33.5,0.524,11.6,7.33,120.0,118.1,791,0,CNU-02,v2.4,2,98.6,RUN,NONE
2023-10-26 21:12:25,P-Usine_A-000791,12196,1892.0,3.06,50.7,33.5,0.524,11.6,7.33,120.0,118.1,791,0,CNU-02,v2.4,2,98.6,RUN,NONE
2023-10-26 21:16:14,P-Usine_A-000792,11737,2130.0,3.07,43.2,37.0,0.536,11.52,6.07,120.0,119.8,792,0,CNU-01,v2.4,2,97.3,RUN,NONE
2023-10-26 21:18:15,P-Usine_A-000793,12059,2191.0,2.98,45.0,32.3,0.312,11.95,7.19,120.0,122.8,793,0,CNU-02,v2.4,3,99.2,RUN,NONE
2023-10-26 21:17:26,P-Usine_A-000794,12096,2196.0,3.05,40.2,35.4,0.321,13.63,6.96,120.0,121.4,794,0,CNU-01,v2.4,3,97.2,RUN,NONE
2023-10-26 21:20:14,P-Usine_A-000795,11938,2078.0,2.96,45.2,36.7,0.468,13.37,6.41,120.0,123.4,795,0,CNU-02,v2.4,2,100,RUN,NONE
2023-10-26 21:25:46,P-Usine_A-000796,12194,1878.0,2.98,51.3,32.1,0.571,13.84,5.42,120.0,124.1,796,0,CNU-01,v2.4,2,99.0,RUN,NONE
2023-10-26 21:25:46,P-Usine_A-000796,12194,1878.0,2.98,51.3,32.1,0.571,13.84,5.42,120.0,124.1,796,0,CNU-01,v2.4,2,99.0,RUN,NONE
2023-10-26 21:19:04,P-Usine_A-000797,12026,2067.0,2.96,48.8,34.6,0.538,12.86,7.08,120.0,122.7,797,0,CNU-02,v2.4,4,98.5,RUN,NONE
2023-10-26 21:24:24,P-Usine_A-000798,11896,1976.0,3.07,50.6,31.0,0.512,14.79,6.34,120.0,120.6,798,0,CNU-01,v2.4,3,99.9,RUN,NONE
2023-10-26 21:20:53,P-Usine_A-000799,12323,2185.0,3.15,52.6,39.4,0.574,12.35,5.95,120.0,120.2,799,0,CNU-02,v2.4,3,100,RUN,NONE
2023-10-26 21:27:49,P-Usine_A-000800,12132,2051.0,3.03,44.6,39.0,0.507,10.41,7.38,120.0,122.1,800,0,CNU-01,v2.4,1,1.5,RUN,NONE
2023-10-26 21:23:18,P-Usine_A-000801,11953,1895.0,3.08,48.2,31.7,0.593,11.46,7.21,120.0,121.9,801,0,CNU-02,v2.4,1,5.0,RUN,NONE
2023-10-26 21:23:50,P-Usine_A-000802,11870,1814.0,3.17,47.1,40.5,0.644,10.84,5.15,120.0,120.0,802,0,CNU-01,v2.4,5,3.0,RUN,NONE
2023-10-26 21:24:18,P-Usine_A-000803,12147,2120.0,3.02,53.3,40.4,0.676,13.04,5.47,120.0,119.4,803,0,CNU-02,v2.4,1,6.2,RUN,NONE
2023-10-26 21:28:17,P-Usine_A-000804,12096,1935.0,2.98,47.7,39.3,0.48,13.01,5.49,120.0,120.4,804,0,CNU-01,v2.4,2,4.8,RUN,NONE
2023-10-26 21:29:43,P-Usine_A-000805,12116,1852.0,2.94,51.9,31.1,0.704,14.52,5.14,120.0,120.6,805,0,CNU-02,v2.4,3,3.1,RUN,NONE
2023-10-26 21:33:38,P-Usine_A-000806,12241,2103.0,2.86,48.0,43.5,0.49,12.52,7.8,120.0,123.5,806,0,CNU-01,v2.4,3,5.1,RUN,NONE
2023-10-26 21:36:09,P-Usine_A-000807,12030,1853.0,2.81,46.9,42.1,0.525,12.93,5.15,120.0,126.5,807,0,CNU-02,v2.4,2,3.8,RUN,NONE
2023-10-26 21:33:09,P-Usine_A-000808,11969,1922.0,3.19,47.4,33.5,0.403,11.99,5.77,120.0,120.3,808,0,CNU-01,v2.4,2,6.4,,NONE
2023-10-26 21:38:20,P-Usine_A-000809,11935,2025.0,3.06,49.0,40.0,0.44,10.34,5.82,120.0,122.3,809,0,CNU-02,v2.4,2,5.6,RUN,NONE
2023-10-26 21:36:06,P-Usine_A-000810,12063,2143.0,2.81,44.9,41.9,0.411,10.12,5.79,120.0,121.1,810,0,CNU-01,v2.4,2,8.7,RUN,NONE
2023-10-26 21:36:05,P-Usine_A-000811,12117,1927.0,3.19,44.4,44.7,0.395,10.16,6.46,120.0,119.5,811,0,CNU-02,v2.4,4,7.2,RUN,NONE
2023-10-26 21:36:04,P-Usine_A-000812,12093,2031.0,3.05,54.1,32.3,0.482,12.63,7.49,120.0,119.8,812,0,CNU-01,v2.4,4,7.2,RUN,NONE
2023-10-26 21:42:50,P-Usine_A-000813,11724,2058.0,3.01,51.4,34.0,0.474,13.4,6.5,120.0,122.6,813,0,CNU-02,v2.4,5,9.4,RUN,NONE
2023-10-26 21:37:26,P-Usine_A-000814,11863,1972.0,2.92,51.8,36.2,0.456,11.98,5.73,120.0,120.7,814,0,CNU-01,v2.4,4,9.6,RUN,NONE
2023-10-26 21:39:57,P-Usine_A-000815,11879,2187.0,3.1,42.3,32.4,0.415,12.36,6.32,120.0,120.9,815,0,CNU-02,v2.4,3,11.7,RUN,NONE
2023-10-26 21:38:22,P-Usine_A-000816,11872,2072.0,2.96,48.4,34.8,0.468,14.39,6.29,120.0,118.8,816,0,CNU-01,v2.4,3,12.0,RUN,NONE
2023-10-26 21:41:58,P-Usine_A-000817,12018,2056.0,3.02,53.6,34.4,0.418,13.67,7.25,120.0,122.4,817,0,CNU-02,v2.4,3,10.7,RUN,NONE
2023-10-26 21:42:21,P-Usine_A-000818,11650,1819.0,3.15,52.4,37.8,0.49,10.58,6.33,120.0,120.0,818,0,CNU-01,v2.4,3,13.6,RUN,NONE
2023-10-26 21:42:21,P-Usine_A-000819,11878,1888.0,2.87,40.6,36.4,0.428,14.23,7.6,120.0,125.7,819,0,CNU-02,v2.4,5,11.8,RUN,NONE
2023-10-26 21:47:34,P-Usine_A-000820,11813,2040.0,2.95,42.7,42.9,0.62,13.19,6.63,120.0,123.0,820,0,CNU-01,v2.4,3,10.2,RUN,NONE
2023-10-26 21:49:22,P-Usine_A-000821,11899,1992.0,3.05,48.0,35.5,0.621,11.92,7.54,120.0,120.2,821,0,CNU-02,v2.4,4,14.9,RUN,NONE
2023-10-26 21:44:07,P-Usine_A-000822,11995,1802.0,3.11,44.8,37.4,0.555,14.21,5.71,120.0,124.8,822,0,CNU-01,v2.4,2,12.9,RUN,NONE
2023-10-26 21:50:30,P-Usine_A-000823,11960,1915.0,2.9,49.6,38.9,0.451,12.86,6.04,120.0,120.6,823,0,CNU-02,v2.4,5,12.0,RUN,NONE
2023-10-26 21:45:47,P-Usine_A-000824,11816,1826.0,2.83,42.7,40.1,0.56,14.62,5.92,120.0,123.9,824,0,CNU-01,v2.4,5,14.6,RUN,NONE
2023-10-26 21:53:14,P-Usine_A-000825,11863,1975.0,2.86,48.4,36.6,0.528,11.78,7.91,120.0,117.6,825,0,CNU-02,v2.4,4,15.4,RUN,NONE
2023-10-26 21:48:58,P-Usine_A-000826,12129,2036.0,3.16,46.9,36.0,0.595,13.02,6.26,120.0,121.0,826,0,CNU-01,v2.4,3,16.4,RUN,NONE
2023-10-26 21:49:14,P-Usine_A-000827,11815,1951.0,3.05,49.5,31.5,0.524,11.75,5.6,120.0,120.9,827,0,CNU-02,v2.4,2,15.5,RUN,NONE
2023-10-26 21:50:04,P-Usine_A-000828,11956,2169.0,2.98,46.5,30.4,0.536,13.42,7.62,120.0,120.2,828,0,CNU-01,v2.4,5,15.8,RUN,NONE
2023-10-26 21:55:33,P-Usine_A-000829,11860,2091.0,3.14,40.5,43.8,0.419,10.47,7.97,120.0,118.8,829,0,CNU-02,v2.4,3,15.8,RUN,NONE
2023-10-26 21:56:25,P-Usine_A-000830,11876,1981.0,3.0,47.8,,0.451,10.96,5.48,120.0,125.6,830,0,CNU-01,v2.4,3,19.8,RUN,NONE
2023-10-26 21:51:53,P-Usine_A-000831,12055,2034.0,2.88,42.6,36.6,0.584,14.94,7.86,120.0,124.3,831,0,CNU-02,v2.4,5,16.1,RUN,NONE
2023-10-26 21:59:51,P-Usine_A-000832,12200,2171.0,3.03,51.9,43.0,0.363,13.31,6.38,120.0,126.9,832,0,CNU-01,v2.4,1,20.4,RUN,NONE
2023-10-26 21:53:54,P-Usine_A-000833,12357,2121.0,3.12,44.5,34.8,0.534,13.25,7.88,120.0,122.3,833,0,CNU-02,v2.4,3,18.9,RUN,NONE
2023-10-26 21:59:41,P-Usine_A-000834,11948,2140.0,2.95,52.5,36.5,0.557,13.07,6.57,120.0,124.4,834,0,CNU-01,v2.4,3,19.8,RUN,NONE
2023-10-26 22:00:02,P-Usine_A-000835,12148,1976.0,2.83,46.4,38.3,0.373,13.33,6.35,120.0,121.1,835,0,CNU-02,v2.4,5,20.3,,NONE
2023-10-26 22:04:04,P-Usine_A-000836,12496,2014.0,2.89,54.9,34.4,0.57,14.55,5.32,120.0,123.1,836,0,CNU-01,v2.4,5,18.4,RUN,NONE
2023-10-26 22:02:58,P-Usine_A-000837,12427,2022.0,2.91,47.6,31.3,0.441,13.95,5.12,120.0,118.1,837,0,CNU-02,v2.4,1,22.7,RUN,NONE
2023-10-26 22:00:16,P-Usine_A-000838,11860,2119.0,2.83,47.2,33.4,0.296,14.1,5.4,120.0,122.3,838,0,CNU-01,v2.4,1,20.9,RUN,NONE
2023-10-26 22:04:56,P-Usine_A-000839,11824,1888.0,2.84,45.7,44.0,0.615,13.06,7.82,120.0,120.5,839,0,CNU-02,v2.4,5,23.5,RUN,NONE
2023-10-26 22:03:09,P-Usine_A-000840,11966,2007.0,3.01,49.3,43.8,0.467,13.4,5.44,120.0,123.2,840,0,CNU-01,v2.4,1,23.1,RUN,NONE
2023-10-26 22:04:20,P-Usine_A-000841,11818,2093.0,3.2,45.8,30.3,0.43,10.33,5.39,120.0,123.4,841,0,CNU-02,v2.4,5,21.2,RUN,NONE
2023-10-26 22:09:25,P-Usine_A-000842,12198,1823.0,3.14,49.1,33.0,0.554,14.85,5.9,120.0,126.4,842,0,CNU-01,v2.4,3,23.4,RUN,NONE
2023-10-26 22:11:56,P-Usine_A-000843,11869,1914.0,2.99,53.6,36.3,0.539,12.48,6.53,120.0,119.9,843,0,CNU-02,v2.4,5,23.0,RUN,NONE
2023-10-26 22:12:51,P-Usine_A-000844,12407,1835.0,2.94,53.0,37.1,0.427,11.32,6.48,120.0,124.2,844,0,CNU-01,v2.4,3,26.4,RUN,NONE
2023-10-26 22:10:16,P-Usine_A-000845,11950,2077.0,2.83,46.0,32.3,0.607,14.0,7.14,120.0,124.0,845,0,CNU-02,v2.4,5,22.9,RUN,NONE
2023-10-26 22:10:52,P-Usine_A-000846,11629,2085.0,3.06,44.6,37.4,0.682,11.05,7.07,120.0,122.1,846,0,CNU-01,v2.4,2,26.8,RUN,NONE
2023-10-26 22:10:52,P-Usine_A-000846,11629,2085.0,3.06,44.6,37.4,0.682,11.05,7.07,120.0,122.1,846,0,CNU-01,v2.4,2,26.8,RUN,NONE
2023-10-26 22:07:49,P-Usine_A-000847,12073,2110.0,3.08,42.7,43.3,0.582,14.49,6.12,120.0,124.0,847,0,CNU-02,v2.4,5,25.9,RUN,
2023-10-26 22:15:22,P-Usine_A-000848,12058,1934.0,2.84,41.1,33.0,0.458,10.86,5.75,120.0,121.3,848,0,CNU-01,v2.4,5,24.8,RUN,NONE
2023-10-26 22:18:44,P-Usine_A-000849,12143,,3.05,42.1,34.2,0.581,12.21,7.79,120.0,122.7,849,0,CNU-02,v2.4,1,24.6,RUN,NONE
2023-10-26 22:17:20,P-Usine_A-000850,11988,1835.0,3.03,47.5,37.0,0.476,10.87,7.48,120.0,122.7,850,0,CNU-01,v2.4,5,28.4,RUN,NONE
2023-10-26 22:13:47,P-Usine_A-000851,12119,1836.0,3.08,44.2,42.4,0.411,12.31,7.14,120.0,121.2,851,0,CNU-02,v2.4,1,26.1,RUN,NONE
2023-10-26 22:13:35,P-Usine_A-000852,11751,1942.0,2.85,53.0,36.7,0.704,11.93,5.18,120.0,123.1,852,0,CNU-01,v2.4,2,29.9,RUN,NONE
2023-10-26 22:13:35,P-Usine_A-000852,11751,1942.0,2.85,53.0,36.7,0.704,11.93,5.18,120.0,123.1,852,0,CNU-01,v2.4,2,29.9,RUN,NONE
2023-10-26 22:18:37,P-Usine_A-000853,11750,1844.0,2.93,50.1,34.0,0.453,10.27,7.63,120.0,121.9,853,0,CNU-02,v2.4,4,26.9,RUN,NONE
2023-10-26 22:20:30,P-Usine_A-000854,11800,1960.0,2.89,50.0,43.7,0.782,12.15,5.89,120.0,121.4,854,0,CNU-01,v2.4,4,31.0,RUN,NONE
2023-10-26 22:17:11,P-Usine_A-000855,12004,1859.0,3.02,46.1,32.1,0.468,13.68,6.12,120.0,123.1,855,0,CNU-02,v2.4,4,30.2,RUN,NONE
2023-10-26 22:22:27,P-Usine_A-000856,11821,2185.0,3.12,41.7,38.9,0.583,13.8,5.63,120.0,122.1,856,0,CNU-01,v2.4,3,30.3,RUN,NONE
2023-10-26 22:19:29,P-Usine_A-000857,12205,2170.0,2.81,47.8,33.8,0.596,14.54,6.18,120.0,120.2,857,0,CNU-02,v2.4,4,33.0,RUN,NONE
2023-10-26 22:22:07,P-Usine_A-000858,11696,2028.0,3.0,42.7,42.7,0.449,13.42,6.88,120.0,120.8,858,0,CNU-01,v2.4,1,33.8,RUN,NONE
2023-10-26 22:21:59,P-Usine_A-000859,12155,2105.0,3.15,51.1,36.1,0.399,11.66,6.96,120.0,120.6,859,0,CNU-02,v2.4,1,33.0,RUN,NONE
2023-10-26 22:25:52,P-Usine_A-000860,12097,2124.0,2.92,44.0,34.9,0.371,12.58,7.73,120.0,122.4,860,0,CNU-01,v2.4,4,31.7,RUN,NONE
2023-10-26 22:27:45,P-Usine_A-000861,12065,2082.0,3.15,54.7,38.9,0.34,13.84,6.14,120.0,120.9,861,0,CNU-02,v2.4,2,30.5,RUN,NONE
2023-10-26 22:23:25,P-Usine_A-000862,12024,1863.0,2.91,43.3,38.9,0.538,14.65,7.46,120.0,125.7,862,0,CNU-01,v2.4,3,32.7,RUN,NONE
2023-10-26 22:30:48,P-Usine_A-000863,11948,2140.0,3.16,49.1,36.6,0.51,10.46,5.27,120.0,119.3,863,0,CNU-02,v2.4,3,32.4,RUN,NONE
2023-10-26 22:27:31,P-Usine_A-000864,11932,2107.0,3.09,49.0,42.5,0.466,10.73,6.92,120.0,118.7,864,0,CNU-01,v2.4,5,35.7,RUN,NONE
2023-10-26 22:27:00,P-Usine_A-000865,11803,1819.0,3.06,54.3,30.2,0.546,14.37,5.73,120.0,124.8,865,0,CNU-02,v2.4,1,35.4,RUN,NONE
2023-10-26 22:27:02,P-Usine_A-000866,11878,2103.0,2.87,40.1,35.8,0.294,12.73,6.5,120.0,121.7,866,0,CNU-01,v2.4,2,37.5,RUN,NONE
2023-10-26 22:27:02,P-Usine_A-000866,11878,2103.0,2.87,40.1,35.8,0.294,12.73,6.5,120.0,121.7,866,0,CNU-01,v2.4,2,37.5,RUN,NONE
2023-10-26 22:34:36,P-Usine_A-000867,12153,1943.0,2.84,44.4,42.1,0.479,14.51,5.56,120.0,123.7,867,0,CNU-02,v2.4,2,34.9,RUN,NONE
2023-10-26 22:33:48,P-Usine_A-000868,11662,2035.0,2.94,42.1,34.0,0.404,14.49,7.84,120.0,120.6,868,0,CNU-01,v2.4,3,38.1,RUN,NONE
2023-10-26 22:30:38,P-Usine_A-000869,11854,2082.0,2.87,49.7,31.5,0.676,10.07,5.78,120.0,120.9,869,0,CNU-02,v2.4,1,36.5,RUN,NONE
2023-10-26 22:39:48,P-Usine_A-000870,11847,1877.0,3.0,51.6,35.2,0.486,13.36,5.1,120.0,120.4,870,0,CNU-01,v2.4,4,39.3,RUN,NONE
2023-10-26 22:31:46,P-Usine_A-000871,11911,2071.0,3.15,48.9,42.8,0.621,12.84,7.61,120.0,124.4,871,0,CNU-02,v2.4,4,40.0,RUN,NONE
2023-10-26 22:35:07,P-Usine_A-000872,11572,1866.0,3.17,53.1,36.4,0.456,12.93,7.05,120.0,125.5,872,0,CNU-01,v2.4,1,38.7,RUN,NONE
2023-10-26 22:38:04,P-Usine_A-000873,12176,1805.0,2.99,48.8,41.3,0.6,12.55,7.24,120.0,120.9,873,0,CNU-02,v2.4,5,40.8,RUN,NONE
2023-10-26 22:38:04,P-Usine_A-000873,12176,1805.0,2.99,48.8,41.3,0.6,12.55,7.24,120.0,120.9,873,0,CNU-02,v2.4,5,40.8,RUN,NONE
2023-10-26 22:34:59,P-Usine_A-000874,12227,1883.0,3.19,48.2,43.0,0.496,12.71,7.9,120.0,125.4,874,0,CNU-01,v2.4,2,39.9,RUN,NONE
2023-10-26 22:36:36,P-Usine_A-000875,11697,1867.0,2.93,42.6,35.8,0.562,12.58,6.64,120.0,121.1,875,0,CNU-02,v2.4,5,38.4,RUN,NONE
2023-10-26 22:38:32,P-Usine_A-000876,11697,2040.0,3.04,51.6,32.9,0.542,10.8,6.39,120.0,122.4,876,0,CNU-01,v2.4,2,39.0,RUN,NONE
2023-10-26 22:43:04,P-Usine_A-000877,12343,1821.0,2.98,45.6,41.7,0.411,11.56,6.06,120.0,123.4,877,0,CNU-02,v2.4,4,40.6,RUN,NONE
2023-10-26 22:42:22,P-Usine_A-000878,12024,2194.0,2.83,44.8,35.1,0.503,11.04,7.52,120.0,120.7,878,0,CNU-01,v2.4,5,39.1,RUN,NONE
2023-10-26 22:39:30,P-Usine_A-000879,12277,1807.0,3.07,41.8,43.5,0.594,11.35,7.99,120.0,120.6,879,0,CNU-02,v2.4,1,43.3,RUN,NONE
2023-10-26 22:46:58,P-Usine_A-000880,11844,1990.0,3.17,40.4,37.2,0.454,11.19,7.01,120.0,125.4,880,0,CNU-01,v2.4,4,41.4,RUN,NONE
2023-10-26 22:49:13,P-Usine_A-000881,12008,2137.0,3.09,46.0,38.6,0.472,10.68,6.12,120.0,119.3,881,0,CNU-02,v2.4,3,41.9,RUN,NONE
2023-10-26 22:42:31,P-Usine_A-000882,12040,1882.0,2.87,47.8,34.9,0.554,11.41,7.4,120.0,124.3,882,0,CNU-01,v2.4,1,41.1,RUN,NONE
2023-10-26 22:43:36,P-Usine_A-000883,11954,1932.0,2.91,43.7,34.0,0.537,13.23,5.27,120.0,125.6,883,0,CNU-02,v2.4,1,42.7,RUN,NONE
2023-10-26 22:50:10,P-Usine_A-000884,12090,2177.0,3.11,52.1,44.5,0.452,13.41,5.52,120.0,123.5,884,0,CNU-01,v2.4,3,46.4,RUN,NONE
2023-10-26 22:45:37,P-Usine_A-000885,11932,2049.0,3.07,42.5,39.1,0.579,14.97,6.42,120.0,124.3,885,0,CNU-02,v2.4,5,45.6,RUN,NONE
2023-10-26 22:46:53,P-Usine_A-000886,11522,2021.0,3.1,47.2,37.2,0.514,11.06,5.8,120.0,119.4,886,0,CNU-01,v2.4,5,46.8,RUN,NONE
2023-10-26 22:54:26,P-Usine_A-000887,12134,2151.0,3.06,40.7,37.9,0.472,13.44,6.1,120.0,121.9,887,0,CNU-02,v2.4,3,48.0,RUN,NONE
2023-10-26 22:54:21,P-Usine_A-000888,12058,2007.0,2.94,45.9,42.8,0.438,13.45,5.73,120.0,123.4,888,0,CNU-01,v2.4,5,44.4,RUN,NONE
2023-10-26 22:50:47,P-Usine_A-000889,11686,2104.0,3.18,44.4,37.1,0.491,14.89,6.46,120.0,116.6,889,0,CNU-02,v2.4,1,45.6,RUN,NONE
2023-10-26 22:50:36,P-Usine_A-000890,12035,2056.0,2.87,53.2,31.4,0.662,14.93,6.39,120.0,124.4,890,0,CNU-01,v2.4,2,48.0,RUN,NONE
2023-10-26 22:56:23,P-Usine_A-000891,11941,1809.0,2.85,48.3,31.2,0.442,10.45,6.05,120.0,126.4,891,0,CNU-02,v2.4,5,49.4,RUN,NONE
2023-10-26 22:54:56,P-Usine_A-000892,11660,2069.0,2.94,42.3,44.3,0.409,10.6,7.32,120.0,120.3,892,0,CNU-01,v2.4,4,46.5,RUN,NONE
2023-10-26 22:54:15,P-Usine_A-000893,11758,2087.0,2.96,48.5,36.2,0.371,11.64,7.48,120.0,122.2,893,0,CNU-02,v2.4,4,47.7,RUN,NONE
2023-10-26 22:54:35,P-Usine_A-000894,11923,1807.0,2.86,43.9,32.2,0.495,14.09,5.21,120.0,122.9,894,0,CNU-01,v2.4,2,50.1,RUN,NONE
2023-10-26 22:57:10,P-Usine_A-000895,11578,2026.0,3.05,48.7,33.7,0.452,11.69,5.47,120.0,122.2,895,0,CNU-02,v2.4,3,50.4,RUN,NONE
2023-10-26 22:56:35,P-Usine_A-000896,11903,1864.0,3.17,50.9,40.1,0.64,10.3,5.87,120.0,122.4,896,0,CNU-01,v2.4,4,49.8,RUN,NONE
2023-10-26 23:00:53,P-Usine_A-000897,11966,2043.0,3.09,44.0,37.5,0.541,14.39,5.94,120.0,122.2,897,0,CNU-02,v2.4,4,53.0,RUN,NONE
2023-10-26 23:00:32,P-Usine_A-000898,12154,1988.0,3.04,43.7,36.7,0.542,11.41,7.57,120.0,120.1,898,0,CNU-01,v2.4,5,49.8,RUN,NONE
2023-10-26 23:09:04,P-Usine_A-000899,12194,1986.0,2.89,46.8,42.8,0.629,11.76,6.4,120.0,122.4,899,0,CNU-02,v2.4,3,52.4,RUN,NONE
2023-10-26 23:02:10,P-Usine_A-000900,11796,2065.0,3.15,52.0,38.5,,10.73,7.04,120.0,124.1,900,0,CNU-01,v2.4,2,54.3,RUN,NONE
2023-10-26 23:02:36,P-Usine_A-000901,11845,1832.0,2.98,43.1,44.9,0.565,13.76,6.76,120.0,120.2,901,0,CNU-02,v2.4,4,54.0,RUN,NONE
2023-10-26 23:08:47,P-Usine_A-000902,11711,2027.0,2.9,53.6,34.8,0.417,10.3,7.5,120.0,119.6,902,0,CNU-01,v2.4,5,51.6,RUN,NONE
2023-10-26 23:09:43,P-Usine_A-000903,11912,2158.0,3.11,54.6,33.0,0.546,12.48,6.48,120.0,123.6,903,0,CNU-02,v2.4,4,53.6,RUN,NONE
2023-10-26 23:12:26,P-Usine_A-000904,11813,2189.0,2.9,51.6,35.1,0.429,10.35,7.33,120.0,120.4,904,0,CNU-01,v2.4,4,52.1,RUN,NONE
2023-10-26 23:15:30,P-Usine_A-000905,11816,2146.0,3.0,53.0,36.3,0.517,14.7,5.06,120.0,123.5,905,0,CNU-02,v2.4,5,55.7,RUN,NONE
2023-10-26 23:06:46,P-Usine_A-000906,12069,2155.0,3.14,42.4,33.2,0.625,12.25,5.17,120.0,118.5,906,0,CNU-01,v2.4,3,57.6,RUN,NONE
2023-10-26 23:16:02,P-Usine_A-000907,11677,2077.0,3.04,54.4,38.2,0.532,11.97,6.05,120.0,120.5,907,0,CNU-02,v2.4,5,54.2,RUN,NONE
2023-10-26 23:10:25,P-Usine_A-000908,11836,1992.0,2.84,54.7,32.5,0.382,11.07,5.1,120.0,120.5,908,0,CNU-01,v2.4,5,56.9,RUN,NONE
2023-10-26 23:17:17,P-Usine_A-000909,11829,1929.0,2.97,48.4,38.0,0.536,13.99,7.45,120.0,126.4,909,0,CNU-02,v2.4,5,58.2,RUN,NONE
2023-10-26 23:18:28,P-Usine_A-000910,12211,1934.0,2.97,47.1,31.4,0.492,12.77,7.98,120.0,120.9,910,0,CNU-01,v2.4,2,55.0,RUN,NONE
2023-10-26 23:11:55,P-Usine_A-000911,12024,2152.0,3.03,48.7,44.4,0.626,10.06,5.53,120.0,121.8,911,0,CNU-02,v2.4,4,56.4,RUN,NONE
2023-10-26 23:13:03,P-Usine_A-000912,12174,2200.0,2.96,50.3,41.4,0.526,10.57,5.48,120.0,123.0,912,0,CNU-01,v2.4,4,60.0,RUN,NONE
2023-10-26 23:17:41,P-Usine_A-000913,11895,1854.0,3.08,54.8,38.9,0.52,13.99,6.53,120.0,119.6,913,0,CNU-02,v2.4,2,57.5,RUN,NONE
2023-10-26 23:23:29,P-Usine_A-000914,12374,1962.0,3.1,49.8,32.0,0.796,10.81,7.04,120.0,122.9,914,0,CNU-01,v2.4,5,59.6,RUN,NONE
2023-10-26 23:23:09,P-Usine_A-000915,11929,2105.0,2.89,45.8,30.6,0.647,10.43,5.19,120.0,122.0,915,0,CNU-02,v2.4,4,59.5,RUN,NONE
2023-10-26 23:22:55,P-Usine_A-000916,11878,1943.0,2.85,49.1,38.2,0.617,13.22,5.11,120.0,116.8,916,0,CNU-01,v2.4,4,62.8,RUN,NONE
2023-10-26 23:18:56,P-Usine_A-000917,11965,1948.0,2.9,48.3,44.1,0.332,10.15,5.29,120.0,123.3,917,0,CNU-02,v2.4,5,61.4,RUN,NONE
2023-10-26 23:21:32,P-Usine_A-000918,11949,2070.0,2.92,46.0,44.5,0.426,14.69,6.49,120.0,121.2,918,0,CNU-01,v2.4,1,63.8,RUN,NONE
2023-10-26 23:21:23,P-Usine_A-000919,12198,1931.0,2.83,41.0,39.3,0.249,14.06,7.73,120.0,123.6,919,0,CNU-02,v2.4,2,60.4,RUN,NONE
2023-10-26 23:24:12,P-Usine_A-000920,12045,2183.0,2.86,42.6,38.8,0.496,12.97,7.58,120.0,120.5,920,0,CNU-01,v2.4,5,61.2,RUN,NONE
2023-10-26 23:27:43,P-Usine_A-000921,11944,1897.0,3.01,52.3,42.7,0.488,14.91,5.53,120.0,120.6,921,0,CNU-02,v2.4,5,62.8,RUN,NONE
2023-10-26 23:23:59,P-Usine_A-000922,12049,1826.0,2.97,46.2,32.3,0.531,13.88,5.61,120.0,122.9,922,0,CNU-01,v2.4,3,62.1,RUN,NONE
2023-10-26 23:26:31,P-Usine_A-000923,12246,2005.0,2.88,46.1,44.4,0.617,12.85,7.27,120.0,125.9,923,0,CNU-02,v2.4,4,65.4,RUN,NONE
2023-10-26 23:27:51,P-Usine_A-000924,11626,2028.0,3.01,47.0,35.2,0.584,12.68,5.8,120.0,120.8,924,0,CNU-01,v2.4,1,64.4,RUN,NONE
2023-10-26 23:28:47,P-Usine_A-000925,11773,1932.0,3.11,48.0,38.4,0.519,11.26,5.89,120.0,119.4,925,0,CNU-02,v2.4,3,62.5,RUN,NONE
2023-10-26 23:32:06,P-Usine_A-000926,11815,2166.0,3.19,53.5,41.8,0.469,11.43,5.02,120.0,124.5,926,0,CNU-01,v2.4,5,66.2,RUN,NONE
2023-10-26 23:28:13,P-Usine_A-000927,12269,1809.0,2.8,51.4,35.5,0.549,12.71,7.77,120.0,120.6,927,0,CNU-02,v2.4,2,68.5,RUN,NONE
2023-10-26 23:36:29,P-Usine_A-000928,12305,2190.0,3.09,47.0,31.2,0.523,10.67,6.57,120.0,119.7,928,0,CNU-01,v2.4,1,67.0,RUN,NONE
2023-10-26 23:30:20,P-Usine_A-000929,12021,2191.0,3.0,51.3,39.3,0.567,10.9,7.53,120.0,120.8,929,0,CNU-02,v2.4,5,67.3,RUN,NONE
2023-10-26 23:32:34,P-Usine_A-000930,11887,2068.0,3.06,43.9,43.3,0.266,10.51,5.79,120.0,121.9,930,0,CNU-01,v2.4,5,68.0,RUN,NONE
2023-10-26 23:35:28,P-Usine_A-000931,11902,1931.0,3.06,49.1,30.7,0.474,12.8,6.32,120.0,122.8,931,0,CNU-02,v2.4,,69.7,RUN,NONE
2023-10-26 23:39:30,P-Usine_A-000932,11812,1973.0,3.17,50.6,42.3,0.424,12.46,7.03,120.0,123.7,932,0,CNU-01,v2.4,4,70.6,RUN,NONE
2023-10-26 23:34:40,P-Usine_A-000933,12281,1899.0,2.9,43.5,43.2,0.437,11.98,5.9,120.0,121.9,933,0,CNU-02,v2.4,5,69.5,RUN,NONE
2023-10-26 23:43:04,P-Usine_A-000934,11762,2100.0,2.9,47.0,37.3,0.438,999.9,7.17,120.0,119.7,934,0,CNU-01,v2.4,1,67.7,RUN,NONE
2023-10-26 23:39:19,P-Usine_A-000935,11619,2126.0,3.19,54.7,44.1,0.606,10.22,5.82,120.0,124.0,935,0,CNU-02,v2.4,1,70.2,RUN,NONE
2023-10-26 23:44:10,P-Usine_A-000936,12324,1821.0,3.15,43.2,41.4,0.684,14.37,6.84,120.0,122.3,936,0,CNU-01,v2.4,1,70.8,RUN,NONE
2023-10-26 23:36:25,P-Usine_A-000937,12123,2010.0,2.86,50.6,34.7,0.504,11.22,6.64,120.0,118.7,937,0,CNU-02,v2.4,4,72.2,RUN,NONE
2023-10-26 23:37:25,P-Usine_A-000938,11995,2149.0,3.2,49.0,44.9,0.457,13.56,6.14,120.0,120.8,938,0,CNU-01,v2.4,2,70.5,,NONE
2023-10-26 23:45:32,P-Usine_A-000939,11410,1906.0,3.01,50.7,37.8,0.332,11.3,7.84,120.0,122.0,939,0,CNU-02,v2.4,4,73.2,RUN,NONE
2023-10-26 23:39:47,P-Usine_A-000940,12053,1959.0,3.14,48.9,37.8,0.471,13.15,7.62,120.0,124.6,940,0,CNU-01,v2.4,5,70.0,RUN,NONE
2023-10-26 23:41:22,P-Usine_A-000941,11910,2195.0,2.85,54.8,31.6,0.544,10.43,7.39,120.0,123.7,941,0,CNU-02,v2.4,1,74.8,RUN,NONE
2023-10-26 23:46:39,P-Usine_A-000942,12042,2038.0,2.91,44.8,30.5,0.462,12.28,5.42,120.0,122.5,942,0,CNU-01,v2.4,2,72.3,RUN,NONE
2023-10-26 23:48:37,P-Usine_A-000943,12052,2104.0,2.86,40.6,41.9,0.614,13.63,7.68,120.0,123.8,943,0,CNU-02,v2.4,3,74.4,RUN,NONE
2023-10-26 23:51:44,P-Usine_A-000944,12304,1916.0,2.87,50.8,34.4,0.59,11.27,6.33,120.0,120.1,944,0,CNU-01,v2.4,2,73.2,RUN,NONE
2023-10-26 23:51:54,P-Usine_A-000945,11719,2163.0,3.11,51.9,37.8,0.404,11.59,5.84,120.0,122.0,945,0,CNU-02,v2.4,1,76.7,RUN,NONE
2023-10-26 23:49:58,P-Usine_A-000946,11977,1881.0,3.04,40.5,32.3,0.61,13.07,6.15,120.0,120.7,946,0,CNU-01,v2.4,1,77.5,RUN,NONE
2023-10-26 23:48:38,P-Usine_A-000947,12046,1903.0,2.84,41.3,31.2,0.677,14.39,5.42,120.0,120.8,947,0,CNU-02,v2.4,2,78.1,RUN,NONE
2023-10-26 23:54:23,P-Usine_A-000948,11924,2175.0,3.03,40.8,39.3,0.62,11.39,6.79,120.0,117.4,948,0,CNU-01,v2.4,1,77.2,RUN,NONE
2023-10-26 23:56:13,P-Usine_A-000949,12007,2129.0,3.05,49.4,41.1,0.406,10.91,5.66,120.0,119.4,949,0,CNU-02,v2.4,3,79.3,RUN,NONE
2023-10-26 23:55:12,P-Usine_A-000950,11843,1866.0,3.15,41.2,33.0,0.374,12.27,5.52,120.0,122.6,950,0,CNU-01,v2.4,4,77.8,RUN,NONE
2023-10-26 23:55:42,P-Usine_A-000951,11872,2023.0,3.18,44.1,31.2,0.515,11.95,7.99,120.0,122.8,951,0,CNU-02,v2.4,4,80.4,RUN,NONE
2023-10-26 23:55:29,P-Usine_A-000952,11999,1956.0,3.01,40.4,33.4,0.607,11.71,5.86,120.0,121.9,952,0,CNU-01,v2.4,1,79.5,RUN,NONE
2023-10-26 23:59:47,P-Usine_A-000953,12077,2127.0,2.96,54.8,44.9,0.418,11.36,7.13,120.0,123.4,953,0,CNU-02,v2.4,1,80.0,RUN,NONE
2023-10-26 23:58:06,P-Usine_A-000954,12109,2147.0,2.85,43.3,32.3,0.571,10.27,7.67,120.0,123.2,954,0,CNU-01,v2.4,5,81.2,RUN,NONE
2023-10-27 00:00:23,P-Usine_A-000955,12095,2033.0,2.82,52.5,37.1,0.556,11.62,7.18,120.0,124.2,955,0,CNU-02,v2.4,3,80.7,RUN,NONE
2023-10-27 00:04:20,P-Usine_A-000956,12109,2157.0,2.98,50.1,30.0,0.385,13.24,7.06,120.0,121.3,956,0,CNU-01,v2.4,4,82.9,RUN,NONE
2023-10-26 23:58:02,P-Usine_A-000957,12095,1964.0,2.91,45.7,37.4,0.449,12.89,6.39,120.0,120.3,957,0,CNU-02,v2.4,3,81.7,RUN,NONE
2023-10-27 00:06:26,P-Usine_A-000958,12133,1853.0,3.08,40.1,38.8,0.364,11.64,6.35,120.0,123.9,958,0,CNU-01,v2.4,1,83.9,RUN,NONE
2023-10-27 00:04:15,P-Usine_A-000959,11783,2129.0,3.08,45.3,35.5,0.266,11.36,7.88,120.0,119.1,959,0,CNU-02,v2.4,4,81.6,RUN,NONE
2023-10-27 00:05:46,P-Usine_A-000960,12133,1883.0,2.9,46.9,35.3,0.531,10.21,5.89,120.0,118.9,960,0,CNU-01,v2.4,2,83.4,RUN,NONE
2023-10-27 00:07:59,P-Usine_A-000961,11908,2177.0,2.98,47.3,42.3,0.49,13.26,5.96,120.0,122.1,961,0,CNU-02,v2.4,2,84.5,RUN,NONE
2023-10-27 00:03:13,P-Usine_A-000962,12203,2055.0,3.02,49.8,41.4,0.491,10.75,5.87,120.0,123.1,962,0,CNU-01,v2.4,3,85.5,RUN,NONE
2023-10-27 00:03:05,P-Usine_A-000963,11665,2073.0,3.14,50.2,31.6,0.355,11.29,5.65,120.0,125.0,963,0,CNU-02,v2.4,1,84.3,RUN,NONE
2023-10-27 00:14:01,P-Usine_A-000964,11996,1918.0,3.06,43.0,43.0,0.642,12.06,6.01,120.0,121.5,964,0,CNU-01,v2.4,2,84.5,RUN,NONE
2023-10-27 00:08:44,P-Usine_A-000965,12230,2174.0,3.16,41.8,44.0,0.437,11.81,6.99,120.0,125.7,965,0,CNU-02,v2.4,3,84.7,RUN,NONE
2023-10-27 00:10:17,P-Usine_A-000966,12374,2133.0,2.96,41.2,31.9,0.368,,7.31,120.0,119.1,966,0,CNU-01,v2.4,5,87.5,RUN,NONE
2023-10-27 00:11:07,P-Usine_A-000967,11769,2008.0,3.14,46.4,31.7,0.429,12.94,7.43,120.0,119.7,967,0,CNU-02,v2.4,1,84.9,RUN,NONE
2023-10-27 00:11:25,P-Usine_A-000968,11977,2116.0,3.08,50.2,42.0,0.44,11.95,7.34,120.0,122.1,968,0,CNU-01,v2.4,5,87.9,RUN,NONE
2023-10-27 00:10:01,P-Usine_A-000969,12078,1825.0,2.81,42.3,35.6,0.474,14.23,6.57,120.0,122.9,969,0,CNU-02,v2.4,5,89.3,RUN,NONE
2023-10-27 00:13:40,P-Usine_A-000970,12504,2169.0,2.8,53.0,42.5,0.402,13.07,6.42,120.0,124.7,970,0,CNU-01,v2.4,1,87.9,RUN,NONE
2023-10-27 00:14:29,P-Usine_A-000971,11775,2101.0,3.08,45.7,35.3,0.285,10.95,6.06,120.0,121.8,971,0,CNU-02,v2.4,1,86.3,RUN,NONE
2023-10-27 00:14:56,P-Usine_A-000972,12324,2094.0,3.2,40.9,42.2,0.469,13.4,6.52,120.0,120.4,972,0,CNU-01,v2.4,1,86.3,RUN,NONE
2023-10-27 00:20:47,P-Usine_A-000973,12099,2015.0,3.18,54.8,32.7,0.466,11.14,6.05,120.0,124.5,973,0,CNU-02,v2.4,3,88.0,RUN,NONE
2023-10-27 00:20:10,P-Usine_A-000974,12058,1902.0,3.01,44.5,40.9,0.448,13.34,6.68,120.0,123.1,,0,CNU-01,v2.4,3,91.2,RUN,NONE
2023-10-27 00:24:55,P-Usine_A-000975,12123,1863.0,3.14,54.6,30.8,0.395,11.61,5.53,120.0,119.1,975,0,CNU-02,v2.4,3,89.3,RUN,NONE
2023-10-27 00:20:54,P-Usine_A-000976,12570,1978.0,3.03,41.5,34.6,0.412,14.46,5.11,120.0,125.9,976,0,CNU-01,v2.4,1,88.8,RUN,NONE
2023-10-27 00:26:30,P-Usine_A-000977,11925,2133.0,3.01,40.0,32.9,0.57,12.07,6.67,120.0,124.6,977,0,CNU-02,v2.4,5,92.9,RUN,NONE
2023-10-27 00:20:37,P-Usine_A-000978,11898,2033.0,2.99,51.0,35.6,0.454,13.65,6.36,120.0,122.8,978,0,CNU-01,v2.4,1,91.8,RUN,NONE
2023-10-27 00:24:49,P-Usine_A-000979,11915,2184.0,2.84,46.4,36.6,0.586,10.05,5.52,120.0,122.5,979,0,CNU-02,v2.4,1,90.6,RUN,NONE
2023-10-27 00:25:58,P-Usine_A-000980,12399,1950.0,2.91,40.5,33.5,0.483,10.02,6.3,120.0,122.7,980,0,CNU-01,v2.4,4,92.8,RUN,NONE
2023-10-27 00:26:44,P-Usine_A-000981,12002,1875.0,3.19,42.4,42.3,0.414,12.14,5.52,120.0,120.8,981,0,CNU-02,v2.4,1,90.8,RUN,NONE
2023-10-27 00:26:44,P-Usine_A-000981,12002,1875.0,3.19,42.4,42.3,0.414,12.14,5.52,120.0,120.8,981,0,CNU-02,v2.4,1,90.8,RUN,NONE
2023-10-27 00:27:42,P-Usine_A-000982,11973,2050.0,3.11,42.4,37.1,0.622,14.82,5.35,120.0,121.6,982,0,CNU-01,v2.4,3,92.7,RUN,NONE
2023-10-27 00:33:12,P-Usine_A-000983,11944,1905.0,3.17,40.5,44.6,0.467,12.92,6.76,120.0,120.6,983,0,CNU-02,v2.4,5,95.6,RUN,NONE
2023-10-27 00:30:47,P-Usine_A-000984,12097,1869.0,3.05,49.3,34.5,0.369,13.16,6.16,120.0,119.7,984,0,CNU-01,v2.4,1,96.0,RUN,NONE
2023-10-27 00:31:32,P-Usine_A-000985,12231,2067.0,2.89,52.7,44.2,0.589,11.04,6.79,120.0,125.4,985,0,CNU-02,v2.4,1,96.6,RUN,NONE
2023-10-27 00:33:31,P-Usine_A-000986,12094,1813.0,3.19,54.8,40.8,0.531,10.62,6.69,120.0,120.9,986,0,CNU-01,v2.4,5,95.3,RUN,NONE
2023-10-27 00:34:24,P-Usine_A-000987,11952,2046.0,3.15,48.3,34.9,0.592,14.13,5.92,120.0,125.7,987,0,CNU-02,v2.4,3,95.4,RUN,NONE
2023-10-27 00:32:20,P-Usine_A-000988,12040,2063.0,3.11,41.5,34.0,0.407,13.48,7.33,120.0,122.8,988,0,CNU-01,v2.4,1,96.8,RUN,NONE
2023-10-27 00:31:16,P-Usine_A-000989,11706,2102.0,3.17,41.2,40.4,0.341,14.21,7.29,120.0,122.9,989,0,CNU-02,v2.4,4,99.5,RUN,NONE
2023-10-27 00:33:25,P-Usine_A-000990,11891,1955.0,3.18,46.5,30.4,0.631,10.43,6.42,120.0,123.4,990,0,CNU-01,v2.4,5,98.3,RUN,NONE
2023-10-27 00:41:04,P-Usine_A-000991,11862,1961.0,3.12,47.2,40.3,0.456,10.37,7.06,120.0,118.8,991,0,CNU-02,v2.4,5,96.5,RUN,NONE
2023-10-27 00:36:26,P-Usine_A-000992,11991,1851.0,2.84,53.5,37.9,0.456,12.04,7.29,120.0,123.7,992,0,CNU-01,v2.4,2,97.9,RUN,NONE
2023-10-27 00:38:06,P-Usine_A-000993,12214,1997.0,2.99,51.4,39.9,0.529,13.65,5.15,120.0,122.9,993,0,CNU-02,v2.4,2,100,RUN,NONE
2023-10-27 00:43:27,P-Usine_A-000994,11853,2016.0,2.96,50.8,40.5,0.503,12.57,6.69,120.0,119.7,994,0,CNU-01,v2.4,5,100,RUN,NONE
2023-10-27 00:43:30,P-Usine_A-000995,12097,2190.0,3.1,52.6,40.2,0.68,13.99,6.98,120.0,120.7,995,0,CNU-02,v2.4,1,97.6,RUN,NONE
2023-10-27 00:40:14,P-Usine_A-000996,12041,1822.0,2.8,54.0,34.5,0.459,10.53,7.5,120.0,122.8,996,0,CNU-01,v2.4,5,100,RUN,NONE
2023-10-27 00:41:00,P-Usine_A-000997,12111,1961.0,2.82,40.1,30.3,0.595,11.74,5.9,120.0,122.7,997,0,CNU-02,v2.4,3,100,RUN,NONE
2023-10-27 00:44:39,P-Usine_A-000998,12080,2071.0,3.16,49.8,33.9,0.569,12.76,7.25,120.0,120.7,998,0,CNU-01,v2.4,3,100.0,RUN,NONE
2023-10-27 00:45:06,P-Usine_A-000999,11968,2032.0,3.19,42.4,34.4,0.411,12.69,6.31,120.0,120.8,999,0,CNU-02,v2.4,4,100,RUN,NONE
2023-10-27 00:45:50,P-Usine_A-001000,12014,2130.0,3.07,50.5,38.4,0.479,14.38,7.83,120.0,122.0,1000,0,CNU-01,v2.4,2,1.9,RUN,NONE
