timestamp,part_id,id_piece,dim_x,dim_y,dim_z,tol_min,tol_max,ecart_nominale,resultat,type_defaut,id_operateur
2023-10-26 08:40:38,P-Usine_A-000001,P-Usine_A-000001,100.03,49.997,24.984,-0.05,0.05,0.03,OK,NONE,AUTO-VIS-01
2023-10-26 08:44:15,P-Usine_A-000002,P-Usine_A-000002,99.984,50.007,25.006,999.9,0.05,0.016,OK,NONE,AUTO-VIS-01
2023-10-26 08:45:24,P-Usine_A-000003,P-Usine_A-000003,99.978,49.983,25.015,-0.05,0.05,0.022,OK,NONE,AUTO-VIS-01
2023-10-26 08:40:40,P-Usine_A-000004,P-Usine_A-000004,100.006,49.999,25.003,-0.05,0.05,0.006,OK,NONE,AUTO-VIS-01
2023-10-26 08:48:39,P-Usine_A-000005,P-Usine_A-000005,99.988,50.004,24.996,-0.05,0.05,0.012,OK,NONE,AUTO-VIS-01
2023-10-26 08:45:27,P-Usine_A-000006,P-Usine_A-000006,99.992,49.99,25.014,-0.05,0.05,0.014,OK,NONE,AUTO-VIS-01
2023-10-26 08:52:25,P-Usine_A-000007,P-Usine_A-000007,100.023,50.007,25.019,-0.05,0.05,0.023,OK,NONE,AUTO-VIS-01
2023-10-26 08:48:36,P-Usine_A-000008,P-Usine_A-000008,99.985,49.989,24.992,-0.05,0.05,0.015,OK,NONE,AUTO-VIS-01
2023-10-26 08:46:30,P-Usine_A-000009,P-Usine_A-000009,100.01,50.038,25.013,-0.05,0.05,0.038,OK,NONE,AUTO-VIS-01
2023-10-26 08:53:58,P-Usine_A-000010,P-Usine_A-000010,99.981,49.971,25.008,-0.05,0.05,0.029,OK,NONE,AUTO-VIS-01
2023-10-26 08:53:06,P-Usine_A-000011,P-Usine_A-000011,100.029,49.988,25.035,-0.05,0.05,0.035,OK,NONE,AUTO-VIS-01
2023-10-26 08:48:30,P-Usine_A-000012,P-Usine_A-000012,99.987,50.003,25.008,-0.05,0.05,0.013,OK,NONE,AUTO-VIS-01
2023-10-26 08:48:54,P-Usine_A-000013,P-Usine_A-000013,99.994,50.035,24.98,-0.05,0.05,0.035,OK,NONE,AUTO-VIS-01
2023-10-26 08:49:46,P-Usine_A-000014,P-Usine_A-000014,99.989,49.987,25.011,-0.05,0.05,0.013,OK,NONE,AUTO-VIS-01
2023-10-26 08:54:08,P-Usine_A-000015,P-Usine_A-000015,99.998,50.019,24.969,-0.05,0.05,0.031,OK,NONE,AUTO-VIS-01
2023-10-26 08:58:29,P-Usine_A-000016,P-Usine_A-000016,100.012,49.993,25.035,-0.05,0.05,0.035,OK,NONE,AUTO-VIS-01
2023-10-26 09:01:40,P-Usine_A-000017,P-Usine_A-000017,100.002,49.987,25.001,-0.05,0.05,0.013,OK,NONE,AUTO-VIS-01
2023-10-26 09:03:04,P-Usine_A-000018,P-Usine_A-000018,100.006,50.006,25.019,-0.05,0.05,0.019,OK,NONE,AUTO-VIS-01
2023-10-26 08:59:46,P-Usine_A-000019,P-Usine_A-000019,99.996,50.001,25.036,-0.05,0.05,0.036,OK,NONE,AUTO-VIS-01
2023-10-26 09:04:00,P-Usine_A-000020,P-Usine_A-000020,100.016,49.986,24.985,-0.05,0.05,0.016,OK,NONE,AUTO-VIS-01
2023-10-26 09:04:56,P-Usine_A-000021,P-Usine_A-000021,100.041,49.984,25.014,-0.05,0.05,0.041,OK,NONE,AUTO-VIS-01
2023-10-26 09:03:12,P-Usine_A-000022,P-Usine_A-000022,100.01,49.971,24.974,-0.05,0.05,0.029,OK,NONE,AUTO-VIS-01
2023-10-26 09:03:12,P-Usine_A-000022,P-Usine_A-000022,100.01,49.971,24.974,-0.05,0.05,0.029,OK,NONE,AUTO-VIS-01
2023-10-26 09:04:48,P-Usine_A-000023,P-Usine_A-000023,99.998,49.978,25.009,-0.05,0.05,0.022,OK,NONE,AUTO-VIS-01
2023-10-26 09:06:22,P-Usine_A-000024,P-Usine_A-000024,100.008,50.037,25.004,-0.05,0.05,0.037,OK,NONE,AUTO-VIS-01
2023-10-26 09:07:46,P-Usine_A-000025,P-Usine_A-000025,99.989,49.991,24.991,-0.05,0.05,0.011,OK,NONE,AUTO-VIS-01
2023-10-26 09:03:35,P-Usine_A-000026,P-Usine_A-000026,100.047,50.021,25.019,-0.05,0.05,0.047,OK,NONE,AUTO-VIS-01
2023-10-26 09:05:25,P-Usine_A-000027,P-Usine_A-000027,99.991,50.023,24.993,-0.05,0.05,0.023,OK,NONE,AUTO-VIS-01
2023-10-26 09:05:18,P-Usine_A-000028,P-Usine_A-000028,99.994,50.032,25.011,-0.05,0.05,0.032,OK,NONE,AUTO-VIS-01
2023-10-26 09:05:08,P-Usine_A-000029,P-Usine_A-000029,100.009,49.979,24.994,-0.05,0.05,0.021,OK,NONE,AUTO-VIS-01
2023-10-26 09:10:26,P-Usine_A-000030,P-Usine_A-000030,100.005,50.037,25.008,-0.05,0.05,0.037,OK,NONE,AUTO-VIS-01
2023-10-26 09:14:11,P-Usine_A-000031,P-Usine_A-000031,100.001,50.029,24.976,-0.05,0.05,0.029,OK,NONE,AUTO-VIS-01
2023-10-26 09:10:55,P-Usine_A-000032,P-Usine_A-000032,100.036,49.983,24.99,-0.05,0.05,0.036,OK,NONE,AUTO-VIS-01
2023-10-26 09:16:24,P-Usine_A-000033,P-Usine_A-000033,99.981,50.008,25.018,-0.05,0.05,0.019,OK,NONE,AUTO-VIS-01
2023-10-26 09:17:22,P-Usine_A-000034,P-Usine_A-000034,99.977,50.025,25.008,-0.05,0.05,0.025,OK,NONE,AUTO-VIS-01
2023-10-26 09:18:24,P-Usine_A-000035,P-Usine_A-000035,100.035,50.019,25.035,-0.05,0.05,0.035,OK,NONE,AUTO-VIS-01
2023-10-26 09:15:31,P-Usine_A-000036,P-Usine_A-000036,100.014,50.02,24.992,-0.05,0.05,0.02,OK,NONE,AUTO-VIS-01
2023-10-26 09:17:33,P-Usine_A-000037,P-Usine_A-000037,99.988,49.986,24.985,-0.05,0.05,0.015,OK,NONE,AUTO-VIS-01
2023-10-26 09:19:42,P-Usine_A-000038,P-Usine_A-000038,99.962,50.02,25.025,-0.05,0.05,0.038,OK,NONE,AUTO-VIS-01
2023-10-26 09:14:57,P-Usine_A-000039,P-Usine_A-000039,100.016,49.995,25.001,-0.05,0.05,0.016,OK,NONE,AUTO-VIS-01
2023-10-26 09:20:50,P-Usine_A-000040,P-Usine_A-000040,100.001,49.956,25.031,-0.05,0.05,0.044,OK,NONE,AUTO-VIS-01
2023-10-26 09:21:55,P-Usine_A-000041,P-Usine_A-000041,99.987,49.975,24.983,-0.05,0.05,0.025,OK,NONE,AUTO-VIS-01
2023-10-26 09:25:56,P-Usine_A-000042,P-Usine_A-000042,100.018,50.016,25.012,-0.05,0.05,0.018,OK,NONE,AUTO-VIS-01
2023-10-26 09:27:28,P-Usine_A-000043,P-Usine_A-000043,99.975,50.003,25.041,-0.05,0.05,0.041,OK,NONE,AUTO-VIS-01
2023-10-26 09:23:58,P-Usine_A-000044,P-Usine_A-000044,100.032,50.005,25.019,-0.05,0.05,0.032,OK,NONE,AUTO-VIS-01
2023-10-26 09:25:23,P-Usine_A-000045,P-Usine_A-000045,99.983,49.987,24.989,-0.05,0.05,0.017,OK,NONE,AUTO-VIS-01
2023-10-26 09:25:23,P-Usine_A-000045,P-Usine_A-000045,99.983,49.987,24.989,-0.05,0.05,0.017,OK,NONE,AUTO-VIS-01
2023-10-26 09:25:26,P-Usine_A-000046,P-Usine_A-000046,100.001,50.015,24.996,-0.05,0.05,0.015,OK,NONE,AUTO-VIS-01
2023-10-26 09:26:46,P-Usine_A-000047,P-Usine_A-000047,100.021,50.002,25.015,-0.05,0.05,0.021,OK,NONE,AUTO-VIS-01
2023-10-26 09:24:36,P-Usine_A-000048,P-Usine_A-000048,99.986,49.995,24.995,-0.05,0.05,0.014,OK,NONE,AUTO-VIS-01
2023-10-26 09:25:38,P-Usine_A-000049,P-Usine_A-000049,100.035,49.994,25.015,-0.05,0.05,0.035,OK,NONE,AUTO-VIS-01
2023-10-26 09:33:35,P-Usine_A-000050,P-Usine_A-000050,99.993,49.98,24.977,-0.05,0.05,0.023,OK,NONE,AUTO-VIS-01
2023-10-26 09:26:30,P-Usine_A-000051,P-Usine_A-000051,99.979,50.029,25.026,-0.05,0.05,0.029,OK,NONE,AUTO-VIS-01
2023-10-26 09:26:30,P-Usine_A-000051,P-Usine_A-000051,99.979,50.029,25.026,-0.05,0.05,0.029,OK,NONE,AUTO-VIS-01
2023-10-26 09:28:04,P-Usine_A-000052,P-Usine_A-000052,99.988,49.987,24.968,-0.05,0.05,0.032,OK,NONE,AUTO-VIS-01
2023-10-26 09:36:06,P-Usine_A-000053,P-Usine_A-000053,99.999,50.015,25.008,-0.05,0.05,0.015,OK,NONE,AUTO-VIS-01
2023-10-26 09:29:41,P-Usine_A-000054,P-Usine_A-000054,99.995,50.012,24.986,-0.05,0.05,0.014,OK,NONE,AUTO-VIS-01
2023-10-26 09:38:05,P-Usine_A-000055,P-Usine_A-000055,99.962,50.02,24.98,-0.05,0.05,0.038,OK,NONE,AUTO-VIS-01
2023-10-26 09:39:29,P-Usine_A-000056,P-Usine_A-000056,100.01,49.984,25.004,-0.05,0.05,0.016,OK,NONE,AUTO-VIS-01
2023-10-26 09:32:35,P-Usine_A-000057,P-Usine_A-000057,99.986,49.996,25.012,-0.05,0.05,0.014,OK,NONE,AUTO-VIS-01
2023-10-26 09:40:03,P-Usine_A-000058,P-Usine_A-000058,100.012,50.0,25.01,-0.05,0.05,0.012,OK,NONE,AUTO-VIS-01
2023-10-26 09:43:19,P-Usine_A-000059,P-Usine_A-000059,99.991,50.019,25.01,-0.05,0.05,0.019,OK,NONE,AUTO-VIS-01
2023-10-26 09:44:13,P-Usine_A-000060,P-Usine_A-000060,99.98,49.983,25.011,-0.05,0.05,0.02,OK,NONE,AUTO-VIS-01
2023-10-26 09:44:00,P-Usine_A-000061,P-Usine_A-000061,100.009,50.011,25.006,-0.05,0.05,0.011,OK,NONE,AUTO-VIS-01
2023-10-26 09:43:45,P-Usine_A-000062,P-Usine_A-000062,100.0,49.996,24.976,-0.05,0.05,,OK,NONE,AUTO-VIS-01
2023-10-26 09:46:38,P-Usine_A-000063,P-Usine_A-000063,99.995,50.009,25.003,-0.05,0.05,0.009,OK,NONE,AUTO-VIS-01
2023-10-26 09:39:35,P-Usine_A-000064,P-Usine_A-000064,100.04,50.024,24.961,-0.05,0.05,0.04,OK,NONE,AUTO-VIS-01
2023-10-26 09:40:19,P-Usine_A-000065,P-Usine_A-000065,99.982,49.974,24.977,-0.05,0.05,0.026,OK,NONE,AUTO-VIS-01
2023-10-26 09:40:52,P-Usine_A-000066,P-Usine_A-000066,100.017,50.032,24.985,-0.05,0.05,0.032,OK,NONE,AUTO-VIS-01
2023-10-26 09:48:16,P-Usine_A-000067,P-Usine_A-000067,99.964,50.031,25.028,-0.05,0.05,0.036,OK,NONE,AUTO-VIS-01
2023-10-26 09:42:41,P-Usine_A-000068,P-Usine_A-000068,100.005,49.991,24.993,-0.05,0.05,0.009,OK,NONE,AUTO-VIS-01
2023-10-26 09:47:18,P-Usine_A-000069,P-Usine_A-000069,99.989,50.024,24.978,-0.05,0.05,0.024,OK,NONE,AUTO-VIS-01
2023-10-26 09:47:18,P-Usine_A-000069,P-Usine_A-000069,99.989,50.024,24.978,-0.05,0.05,0.024,OK,NONE,AUTO-VIS-01
2023-10-26 09:52:29,P-Usine_A-000070,P-Usine_A-000070,99.983,49.97,24.971,-0.05,0.05,0.03,OK,NONE,AUTO-VIS-01
2023-10-26 09:53:51,P-Usine_A-000071,P-Usine_A-000071,100.005,50.012,25.039,-0.05,,0.039,OK,NONE,AUTO-VIS-01
2023-10-26 09:47:59,P-Usine_A-000072,P-Usine_A-000072,100.035,50.003,25.006,-0.05,0.05,0.035,OK,NONE,AUTO-VIS-01
2023-10-26 09:55:10,P-Usine_A-000073,P-Usine_A-000073,100.003,50.004,25.01,-0.05,0.05,0.01,OK,NONE,AUTO-VIS-01
2023-10-26 09:51:18,P-Usine_A-000074,P-Usine_A-000074,99.967,49.986,25.008,-0.05,0.05,0.033,OK,NONE,AUTO-VIS-01
2023-10-26 09:51:19,P-Usine_A-000075,P-Usine_A-000075,99.993,49.987,24.996,-0.05,0.05,0.013,OK,NONE,AUTO-VIS-01
2023-10-26 09:53:08,P-Usine_A-000076,P-Usine_A-000076,99.993,49.994,24.982,-0.05,0.05,0.018,OK,NONE,AUTO-VIS-01
2023-10-26 10:01:51,P-Usine_A-000077,P-Usine_A-000077,100.036,50.01,25.012,-0.05,0.05,0.036,OK,NONE,AUTO-VIS-01
2023-10-26 09:58:27,P-Usine_A-000078,P-Usine_A-000078,99.994,49.974,24.953,-0.05,0.05,0.047,OK,NONE,AUTO-VIS-01
2023-10-26 10:00:57,P-Usine_A-000079,P-Usine_A-000079,99.995,50.052,24.988,-0.05,0.05,0.052,OK,NONE,AUTO-VIS-01
2023-10-26 10:04:33,P-Usine_A-000080,P-Usine_A-000080,100.014,49.988,25.027,-0.05,0.05,0.027,OK,NONE,AUTO-VIS-01
2023-10-26 09:57:48,P-Usine_A-000081,P-Usine_A-000081,99.993,49.988,25.01,-0.05,0.05,0.012,OK,NONE,AUTO-VIS-01
2023-10-26 10:03:42,P-Usine_A-000082,P-Usine_A-000082,99.969,49.991,24.98,-0.05,0.05,0.031,OK,NONE,AUTO-VIS-01
2023-10-26 10:01:42,P-Usine_A-000083,P-Usine_A-000083,99.996,50.028,24.976,-0.05,0.05,0.028,OK,NONE,AUTO-VIS-01
2023-10-26 10:00:49,P-Usine_A-000084,P-Usine_A-000084,99.993,49.981,25.001,-0.05,0.05,0.019,OK,NONE,AUTO-VIS-01
2023-10-26 10:02:26,P-Usine_A-000085,P-Usine_A-000085,99.981,50.026,24.986,-0.05,0.05,0.026,OK,NONE,AUTO-VIS-01
2023-10-26 10:05:21,P-Usine_A-000086,P-Usine_A-000086,99.999,49.955,24.994,-0.05,0.05,0.045,OK,NONE,AUTO-VIS-01
2023-10-26 10:04:04,P-Usine_A-000087,P-Usine_A-000087,100.018,49.988,24.981,-0.05,0.05,0.019,OK,NONE,AUTO-VIS-01
2023-10-26 10:07:59,P-Usine_A-000088,P-Usine_A-000088,100.014,50.025,24.992,-0.05,0.05,0.025,OK,NONE,AUTO-VIS-01
2023-10-26 10:09:33,P-Usine_A-000089,P-Usine_A-000089,100.014,50.003,24.987,-0.05,0.05,0.014,OK,NONE,AUTO-VIS-01
2023-10-26 10:09:13,P-Usine_A-000090,P-Usine_A-000090,100.02,50.011,25.017,-0.05,0.05,0.02,OK,NONE,AUTO-VIS-01
2023-10-26 10:12:13,P-Usine_A-000091,P-Usine_A-000091,99.996,49.99,24.984,-0.05,0.05,0.016,OK,NONE,AUTO-VIS-01
2023-10-26 10:13:46,P-Usine_A-000092,P-Usine_A-000092,100.009,50.014,24.998,-0.05,0.05,0.014,OK,NONE,AUTO-VIS-01
2023-10-26 10:16:57,P-Usine_A-000093,P-Usine_A-000093,99.976,50.001,24.942,-0.05,0.05,0.058,OK,NONE,AUTO-VIS-01
2023-10-26 10:14:05,P-Usine_A-000094,P-Usine_A-000094,100.007,50.019,25.008,-0.05,0.05,0.019,OK,NONE,AUTO-VIS-01
2023-10-26 10:14:05,P-Usine_A-000094,P-Usine_A-000094,100.007,50.019,25.008,-0.05,0.05,0.019,OK,NONE,AUTO-VIS-01
2023-10-26 10:14:29,P-Usine_A-000095,P-Usine_A-000095,100.01,50.01,24.983,-0.05,0.05,0.017,OK,NONE,AUTO-VIS-01
2023-10-26 10:16:46,P-Usine_A-000096,P-Usine_A-000096,99.973,50.035,24.994,-0.05,0.05,0.035,999.9,NONE,AUTO-VIS-01
2023-10-26 10:20:34,P-Usine_A-000097,P-Usine_A-000097,99.985,50.011,25.022,-0.05,0.05,0.022,OK,NONE,AUTO-VIS-01
2023-10-26 10:14:36,P-Usine_A-000098,P-Usine_A-000098,100.011,49.98,24.987,-0.05,0.05,0.02,OK,NONE,AUTO-VIS-01
2023-10-26 10:23:06,P-Usine_A-000099,P-Usine_A-000099,99.993,49.966,24.997,-0.05,0.05,0.034,OK,NONE,AUTO-VIS-01
2023-10-26 10:19:14,P-Usine_A-000100,P-Usine_A-000100,99.961,49.974,25.006,-0.05,0.05,0.039,OK,NONE,AUTO-VIS-01
2023-10-26 10:16:34,P-Usine_A-000101,P-Usine_A-000101,100.015,49.941,24.991,-0.05,0.05,0.059,OK,NONE,AUTO-VIS-01
2023-10-26 10:21:46,P-Usine_A-000102,P-Usine_A-000102,99.992,49.999,25.004,-0.05,0.05,0.008,OK,NONE,AUTO-VIS-01
2023-10-26 10:19:44,P-Usine_A-000103,P-Usine_A-000103,100.027,49.983,25.033,-0.05,0.05,0.033,OK,NONE,AUTO-VIS-01
2023-10-26 10:22:37,P-Usine_A-000104,P-Usine_A-000104,99.963,50.013,24.999,-0.05,0.05,0.037,OK,NONE,AUTO-VIS-01
2023-10-26 10:24:28,P-Usine_A-000105,P-Usine_A-000105,100.039,49.979,25.008,-0.05,0.05,0.039,OK,NONE,AUTO-VIS-01
2023-10-26 10:29:09,P-Usine_A-000106,P-Usine_A-000106,99.996,50.027,24.966,-0.05,0.05,0.034,OK,NONE,AUTO-VIS-01
2023-10-26 10:27:43,P-Usine_A-000107,P-Usine_A-000107,99.997,49.965,24.937,-0.05,0.05,0.063,OK,NONE,AUTO-VIS-01
2023-10-26 10:28:07,P-Usine_A-000108,P-Usine_A-000108,100.002,49.988,25.005,-0.05,0.05,0.012,OK,NONE,AUTO-VIS-01
2023-10-26 10:31:36,P-Usine_A-000109,P-Usine_A-000109,99.993,50.01,25.017,-0.05,0.05,0.017,OK,NONE,AUTO-VIS-01
2023-10-26 10:27:57,P-Usine_A-000110,P-Usine_A-000110,99.989,50.008,25.001,-0.05,0.05,0.011,OK,NONE,AUTO-VIS-01
2023-10-26 10:36:11,P-Usine_A-000111,P-Usine_A-000111,99.989,49.998,25.002,-0.05,0.05,0.011,OK,NONE,AUTO-VIS-01
2023-10-26 10:35:14,P-Usine_A-000112,P-Usine_A-000112,99.985,49.987,25.004,-0.05,0.05,0.015,OK,NONE,AUTO-VIS-01
2023-10-26 10:36:06,P-Usine_A-000113,P-Usine_A-000113,99.961,50.001,24.973,-0.05,0.05,0.039,OK,NONE,AUTO-VIS-01
2023-10-26 10:34:12,P-Usine_A-000114,P-Usine_A-000114,99.99,49.988,25.017,-0.05,0.05,0.017,OK,NONE,AUTO-VIS-01
2023-10-26 10:34:33,P-Usine_A-000115,P-Usine_A-000115,100.034,49.987,24.999,-0.05,0.05,0.034,OK,NONE,AUTO-VIS-01
2023-10-26 10:41:03,P-Usine_A-000116,P-Usine_A-000116,100.003,49.993,25.036,-0.05,0.05,0.036,OK,NONE,AUTO-VIS-01
2023-10-26 10:41:22,P-Usine_A-000117,P-Usine_A-000117,99.99,50.002,25.002,-0.05,0.05,0.01,OK,NONE,AUTO-VIS-01
2023-10-26 10:35:50,P-Usine_A-000118,P-Usine_A-000118,100.003,49.99,24.993,-0.05,0.05,0.01,OK,NONE,AUTO-VIS-01
2023-10-26 10:41:48,P-Usine_A-000119,P-Usine_A-000119,100.003,50.015,24.98,-0.05,0.05,0.02,OK,NONE,AUTO-VIS-01
2023-10-26 10:40:43,P-Usine_A-000120,P-Usine_A-000120,100.015,50.018,24.992,-0.05,0.05,0.018,OK,NONE,AUTO-VIS-01
2023-10-26 10:39:14,P-Usine_A-000121,P-Usine_A-000121,100.002,50.056,24.975,-0.05,0.05,0.056,OK,NONE,AUTO-VIS-01
2023-10-26 10:46:18,P-Usine_A-000122,P-Usine_A-000122,100.03,50.003,24.983,-0.05,0.05,0.03,OK,NONE,AUTO-VIS-01
2023-10-26 10:46:29,P-Usine_A-000123,P-Usine_A-000123,100.023,50.006,24.998,-0.05,0.05,0.023,OK,NONE,AUTO-VIS-01
2023-10-26 10:39:27,P-Usine_A-000124,P-Usine_A-000124,99.977,50.026,24.966,-0.05,0.05,0.034,OK,NONE,AUTO-VIS-01
2023-10-26 10:46:04,P-Usine_A-000125,P-Usine_A-000125,100.003,49.969,24.967,-0.05,0.05,0.033,OK,NONE,AUTO-VIS-01
2023-10-26 10:45:02,P-Usine_A-000126,P-Usine_A-000126,100.004,50.001,25.012,-0.05,0.05,0.012,OK,NONE,AUTO-VIS-01
2023-10-26 10:43:24,P-Usine_A-000127,P-Usine_A-000127,100.023,50.027,25.018,-0.05,0.05,0.027,OK,NONE,AUTO-VIS-01
2023-10-26 10:50:34,P-Usine_A-000128,P-Usine_A-000128,100.022,49.998,25.032,-0.05,0.05,0.032,OK,NONE,AUTO-VIS-01
2023-10-26 10:54:18,P-Usine_A-000129,P-Usine_A-000129,99.982,50.001,24.991,-0.05,0.05,0.018,OK,NONE,AUTO-VIS-01
2023-10-26 10:51:51,P-Usine_A-000130,P-Usine_A-000130,99.992,49.969,24.994,-0.05,0.05,0.031,OK,NONE,AUTO-VIS-01
2023-10-26 10:56:06,P-Usine_A-000131,P-Usine_A-000131,99.977,50.004,25.013,-0.05,0.05,0.023,OK,NONE,AUTO-VIS-01
2023-10-26 10:49:46,P-Usine_A-000132,P-Usine_A-000132,100.011,50.022,25.029,-0.05,0.05,0.029,OK,NONE,AUTO-VIS-01
2023-10-26 10:53:50,P-Usine_A-000133,P-Usine_A-000133,99.987,49.976,24.975,-0.05,0.05,0.025,OK,NONE,AUTO-VIS-01
2023-10-26 10:57:13,P-Usine_A-000134,P-Usine_A-000134,99.998,49.988,25.007,-0.05,0.05,0.012,OK,NONE,AUTO-VIS-01
2023-10-26 10:56:10,P-Usine_A-000135,P-Usine_A-000135,99.993,49.977,24.98,-0.05,0.05,0.023,OK,NONE,AUTO-VIS-01
2023-10-26 10:53:29,P-Usine_A-000136,P-Usine_A-000136,100.028,49.989,24.957,-0.05,0.05,0.043,OK,NONE,AUTO-VIS-01
2023-10-26 11:01:48,P-Usine_A-000137,P-Usine_A-000137,100.033,50.026,25.016,-0.05,0.05,0.033,OK,NONE,AUTO-VIS-01
2023-10-26 10:53:26,P-Usine_A-000138,P-Usine_A-000138,99.999,49.999,25.002,-0.05,0.05,0.002,OK,NONE,AUTO-VIS-01
2023-10-26 10:56:37,P-Usine_A-000139,P-Usine_A-000139,100.005,49.999,24.999,-0.05,0.05,0.005,OK,NONE,AUTO-VIS-01
2023-10-26 11:03:00,P-Usine_A-000140,P-Usine_A-000140,100.026,49.974,24.996,-0.05,0.05,0.026,OK,NONE,AUTO-VIS-01
2023-10-26 11:04:53,P-Usine_A-000141,P-Usine_A-000141,100.007,50.002,24.983,-0.05,0.05,0.017,OK,NONE,AUTO-VIS-01
2023-10-26 10:59:47,P-Usine_A-000142,P-Usine_A-000142,100.026,49.989,25.012,-0.05,0.05,0.026,OK,NONE,AUTO-VIS-01
2023-10-26 11:07:14,P-Usine_A-000143,P-Usine_A-000143,100.012,49.98,25.035,-0.05,0.05,0.035,OK,NONE,AUTO-VIS-01
2023-10-26 11:08:30,P-Usine_A-000144,P-Usine_A-000144,100.026,50.01,24.996,-0.05,0.05,0.026,OK,NONE,AUTO-VIS-01
2023-10-26 11:02:32,P-Usine_A-000145,P-Usine_A-000145,100.032,49.999,25.018,-0.05,0.05,0.032,OK,NONE,AUTO-VIS-01
2023-10-26 11:06:56,P-Usine_A-000146,P-Usine_A-000146,100.019,49.986,25.016,-0.05,0.05,0.019,OK,NONE,AUTO-VIS-01
2023-10-26 11:06:19,P-Usine_A-000147,P-Usine_A-000147,99.999,49.992,25.007,-0.05,0.05,0.008,OK,NONE,AUTO-VIS-01
2023-10-26 11:10:43,P-Usine_A-000148,P-Usine_A-000148,99.988,49.982,24.992,-0.05,0.05,0.018,OK,NONE,AUTO-VIS-01
2023-10-26 11:09:24,P-Usine_A-000149,P-Usine_A-000149,100.03,50.003,25.003,-0.05,0.05,0.03,OK,NONE,AUTO-VIS-01
2023-10-26 11:06:47,P-Usine_A-000150,P-Usine_A-000150,99.976,49.987,25.021,-0.05,0.05,0.024,OK,NONE,AUTO-VIS-01
2023-10-26 11:12:12,P-Usine_A-000151,P-Usine_A-000151,100.011,50.021,25.017,-0.05,0.05,0.021,OK,NONE,AUTO-VIS-01
2023-10-26 11:13:51,P-Usine_A-000152,P-Usine_A-000152,99.94,49.971,25.003,-0.05,0.05,0.06,OK,NONE,AUTO-VIS-01
2023-10-26 11:10:17,P-Usine_A-000153,P-Usine_A-000153,100.011,50.028,24.973,-0.05,0.05,0.028,OK,NONE,AUTO-VIS-01
2023-10-26 11:17:57,P-Usine_A-000154,P-Usine_A-000154,100.023,49.986,25.004,-0.05,0.05,0.023,OK,NONE,AUTO-VIS-01
2023-10-26 11:10:39,P-Usine_A-000155,P-Usine_A-000155,100.002,50.023,25.032,-0.05,0.05,0.032,OK,NONE,AUTO-VIS-01
2023-10-26 11:19:09,P-Usine_A-000156,P-Usine_A-000156,99.967,49.966,25.01,-0.05,0.05,999.9,OK,NONE,AUTO-VIS-01
2023-10-26 11:19:28,P-Usine_A-000157,P-Usine_A-000157,99.995,49.986,,-0.05,0.05,0.02,OK,NONE,AUTO-VIS-01
2023-10-26 11:16:12,P-Usine_A-000158,P-Usine_A-000158,100.009,50.009,25.014,-0.05,0.05,0.014,OK,NONE,AUTO-VIS-01
2023-10-26 11:18:51,P-Usine_A-000159,P-Usine_A-000159,99.983,50.014,24.956,-0.05,0.05,0.044,OK,NONE,AUTO-VIS-01
2023-10-26 11:18:51,P-Usine_A-000160,P-Usine_A-000160,100.009,50.023,24.992,-0.05,0.05,0.023,OK,NONE,AUTO-VIS-01
2023-10-26 11:18:14,P-Usine_A-000161,P-Usine_A-000161,,49.991,25.012,-0.05,0.05,0.012,OK,NONE,AUTO-VIS-01
2023-10-26 11:19:45,P-Usine_A-000162,P-Usine_A-000162,99.959,49.972,25.002,-0.05,0.05,0.041,OK,NONE,AUTO-VIS-01
2023-10-26 11:27:47,P-Usine_A-000163,P-Usine_A-000163,100.025,50.032,25.02,-0.05,0.05,0.032,OK,NONE,AUTO-VIS-01
2023-10-26 11:29:13,P-Usine_A-000164,P-Usine_A-000164,100.013,50.009,24.971,-0.05,0.05,0.029,OK,NONE,AUTO-VIS-01
2023-10-26 11:24:13,P-Usine_A-000165,P-Usine_A-000165,100.011,50.028,25.023,-0.05,0.05,0.028,OK,NONE,AUTO-VIS-01
2023-10-26 11:29:49,P-Usine_A-000166,P-Usine_A-000166,99.982,50.016,25.009,-0.05,0.05,0.018,OK,NONE,AUTO-VIS-01
2023-10-26 11:25:17,P-Usine_A-000167,P-Usine_A-000167,100.021,49.997,24.997,-0.05,0.05,0.021,OK,NONE,AUTO-VIS-01
2023-10-26 11:28:13,P-Usine_A-000168,P-Usine_A-000168,99.977,49.984,24.981,-0.05,0.05,0.023,OK,NONE,AUTO-VIS-01
2023-10-26 11:32:56,P-Usine_A-000169,P-Usine_A-000169,100.02,50.005,25.014,-0.05,0.05,0.02,OK,NONE,AUTO-VIS-01
2023-10-26 11:33:08,P-Usine_A-000170,P-Usine_A-000170,100.003,49.98,24.96,-0.05,0.05,0.04,OK,NONE,AUTO-VIS-01
2023-10-26 11:27:41,P-Usine_A-000171,P-Usine_A-000171,99.992,50.037,25.011,-0.05,0.05,0.037,OK,NONE,AUTO-VIS-01
2023-10-26 11:32:54,P-Usine_A-000172,P-Usine_A-000172,99.993,50.003,999.9,-0.05,0.05,0.02,OK,NONE,AUTO-VIS-01
2023-10-26 11:35:12,P-Usine_A-000173,P-Usine_A-000173,99.999,49.983,25.023,-0.05,0.05,0.023,OK,NONE,AUTO-VIS-01
2023-10-26 11:34:57,P-Usine_A-000174,P-Usine_A-000174,100.008,50.008,25.009,-0.05,0.05,0.009,OK,NONE,AUTO-VIS-01
2023-10-26 11:34:54,P-Usine_A-000175,P-Usine_A-000175,100.028,50.007,25.016,-0.05,0.05,0.028,OK,NONE,AUTO-VIS-01
2023-10-26 11:33:10,P-Usine_A-000176,P-Usine_A-000176,99.984,49.994,24.978,-0.05,0.05,0.022,OK,NONE,AUTO-VIS-01
2023-10-26 11:35:52,P-Usine_A-000177,P-Usine_A-000177,99.997,50.006,24.979,-0.05,0.05,0.021,OK,NONE,AUTO-VIS-01
2023-10-26 11:33:16,P-Usine_A-000178,P-Usine_A-000178,99.994,50.003,25.01,-0.05,0.05,0.01,OK,NONE,AUTO-VIS-01
2023-10-26 11:34:27,P-Usine_A-000179,P-Usine_A-000179,100.016,50.008,24.996,-0.05,0.05,0.016,OK,NONE,AUTO-VIS-01
2023-10-26 11:42:42,P-Usine_A-000180,P-Usine_A-000180,100.016,50.004,24.998,-0.05,0.05,0.016,OK,NONE,AUTO-VIS-01
2023-10-26 11:45:33,P-Usine_A-000181,P-Usine_A-000181,100.004,50.009,24.983,-0.05,0.05,0.017,OK,NONE,AUTO-VIS-01
2023-10-26 11:43:13,P-Usine_A-000182,P-Usine_A-000182,99.97,49.974,24.998,-0.05,0.05,0.03,OK,NONE,AUTO-VIS-01
2023-10-26 11:44:29,P-Usine_A-000183,P-Usine_A-000183,100.005,49.994,25.031,-0.05,0.05,0.031,OK,NONE,AUTO-VIS-01
2023-10-26 11:41:02,P-Usine_A-000184,P-Usine_A-000184,100.013,49.999,24.986,-0.05,0.05,0.014,OK,NONE,AUTO-VIS-01
2023-10-26 11:47:10,P-Usine_A-000185,P-Usine_A-000185,100.04,50.001,25.034,-0.05,0.05,0.04,OK,NONE,AUTO-VIS-01
2023-10-26 11:46:38,P-Usine_A-000186,P-Usine_A-000186,100.002,49.992,25.043,-0.05,0.05,999.9,OK,NONE,AUTO-VIS-01
2023-10-26 11:47:41,P-Usine_A-000187,P-Usine_A-000187,99.988,49.996,24.981,-0.05,0.05,0.019,OK,NONE,AUTO-VIS-01
2023-10-26 11:49:19,P-Usine_A-000188,P-Usine_A-000188,100.003,50.004,24.985,-0.05,0.05,0.015,OK,NONE,AUTO-VIS-01
2023-10-26 11:48:08,P-Usine_A-000189,P-Usine_A-000189,99.981,50.009,25.01,-0.05,0.05,0.019,OK,NONE,AUTO-VIS-01
2023-10-26 11:53:27,P-Usine_A-000190,P-Usine_A-000190,99.963,49.999,24.99,-0.05,0.05,0.037,OK,NONE,AUTO-VIS-01
2023-10-26 11:53:24,P-Usine_A-000191,P-Usine_A-000191,99.988,49.998,25.027,-0.05,0.05,0.027,OK,NONE,AUTO-VIS-01
2023-10-26 11:50:48,P-Usine_A-000192,P-Usine_A-000192,99.971,49.994,25.007,-0.05,0.05,0.029,OK,NONE,AUTO-VIS-01
2023-10-26 11:47:48,P-Usine_A-000193,P-Usine_A-000193,100.005,49.998,24.992,-0.05,0.05,0.008,OK,NONE,AUTO-VIS-01
2023-10-26 11:55:58,P-Usine_A-000194,P-Usine_A-000194,99.991,50.05,24.994,-0.05,0.05,0.05,OK,NONE,AUTO-VIS-01
2023-10-26 11:58:01,P-Usine_A-000195,P-Usine_A-000195,100.012,50.019,24.975,-0.05,0.05,0.025,OK,NONE,AUTO-VIS-01
2023-10-26 12:00:37,P-Usine_A-000196,P-Usine_A-000196,99.996,50.003,25.059,-0.05,0.05,0.059,OK,NONE,AUTO-VIS-01
2023-10-26 11:56:54,P-Usine_A-000197,P-Usine_A-000197,100.002,50.012,25.008,-0.05,0.05,0.012,OK,NONE,AUTO-VIS-01
2023-10-26 11:59:05,P-Usine_A-000198,P-Usine_A-000198,100.033,49.998,25.017,-0.05,0.05,0.033,OK,NONE,AUTO-VIS-01
2023-10-26 12:01:49,P-Usine_A-000199,P-Usine_A-000199,100.004,50.029,24.988,-0.05,0.05,0.029,OK,NONE,AUTO-VIS-01
2023-10-26 12:02:18,P-Usine_A-000200,P-Usine_A-000200,100.026,50.009,24.992,-0.05,0.05,0.026,OK,NONE,AUTO-VIS-01
2023-10-26 11:59:11,P-Usine_A-000201,P-Usine_A-000201,100.015,50.017,24.996,-0.05,0.05,0.017,OK,NONE,AUTO-VIS-01
2023-10-26 12:02:50,P-Usine_A-000202,P-Usine_A-000202,100.009,50.025,25.029,-0.05,0.05,0.029,OK,NONE,AUTO-VIS-01
2023-10-26 12:04:52,P-Usine_A-000203,P-Usine_A-000203,100.02,49.972,,-0.05,0.05,0.028,OK,NONE,AUTO-VIS-01
2023-10-26 12:00:21,P-Usine_A-000204,P-Usine_A-000204,99.981,50.035,25.021,-0.05,0.05,0.035,OK,NONE,AUTO-VIS-01
2023-10-26 12:06:22,P-Usine_A-000205,P-Usine_A-000205,100.012,50.02,24.995,-0.05,0.05,0.02,OK,NONE,AUTO-VIS-01
2023-10-26 12:06:05,P-Usine_A-000206,P-Usine_A-000206,99.993,49.997,25.026,-0.05,0.05,0.026,OK,NONE,AUTO-VIS-01
2023-10-26 12:06:05,P-Usine_A-000206,P-Usine_A-000206,99.993,49.997,25.026,-0.05,0.05,0.026,OK,NONE,AUTO-VIS-01
2023-10-26 12:05:14,P-Usine_A-000207,P-Usine_A-000207,100.031,50.006,25.031,-0.05,0.05,0.031,OK,NONE,AUTO-VIS-01
2023-10-26 12:09:41,P-Usine_A-000208,P-Usine_A-000208,100.02,50.009,25.002,-0.05,0.05,0.02,OK,NONE,AUTO-VIS-01
2023-10-26 12:08:02,P-Usine_A-000209,P-Usine_A-000209,99.985,50.022,24.99,-0.05,0.05,0.022,OK,NONE,AUTO-VIS-01
2023-10-26 12:08:27,P-Usine_A-000210,P-Usine_A-000210,99.999,50.004,24.984,-0.05,0.05,0.016,OK,NONE,AUTO-VIS-01
2023-10-26 12:12:14,P-Usine_A-000211,P-Usine_A-000211,100.011,49.965,24.974,-0.05,0.05,0.035,OK,NONE,AUTO-VIS-01
2023-10-26 12:12:39,P-Usine_A-000212,P-Usine_A-000212,100.032,49.988,25.01,-0.05,0.05,0.032,OK,NONE,AUTO-VIS-01
2023-10-26 12:12:31,P-Usine_A-000213,P-Usine_A-000213,99.994,50.028,24.981,-0.05,0.05,0.028,OK,NONE,AUTO-VIS-01
2023-10-26 12:08:58,P-Usine_A-000214,P-Usine_A-000214,100.011,49.978,25.011,-0.05,0.05,0.022,OK,NONE,AUTO-VIS-01
2023-10-26 12:13:23,P-Usine_A-000215,P-Usine_A-000215,99.978,49.977,25.021,-0.05,0.05,0.023,OK,NONE,AUTO-VIS-01
2023-10-26 12:12:57,P-Usine_A-000216,P-Usine_A-000216,99.996,49.987,25.021,-0.05,0.05,0.021,999.9,NONE,AUTO-VIS-01
2023-10-26 12:14:52,P-Usine_A-000217,P-Usine_A-000217,100.019,49.999,25.021,-0.05,0.05,0.021,OK,NONE,AUTO-VIS-01
2023-10-26 12:21:06,P-Usine_A-000218,P-Usine_A-000218,99.996,50.006,25.023,-0.05,0.05,0.023,OK,NONE,AUTO-VIS-01
2023-10-26 12:22:51,P-Usine_A-000219,P-Usine_A-000219,99.986,49.993,24.993,-0.05,0.05,0.014,OK,NONE,AUTO-VIS-01
2023-10-26 12:16:06,P-Usine_A-000220,P-Usine_A-000220,99.954,50.013,25.002,-0.05,0.05,0.046,OK,NONE,AUTO-VIS-01
2023-10-26 12:17:14,P-Usine_A-000221,P-Usine_A-000221,100.017,50.007,24.958,-0.05,0.05,0.042,OK,NONE,AUTO-VIS-01
2023-10-26 12:19:57,P-Usine_A-000222,P-Usine_A-000222,99.986,50.032,25.013,-0.05,0.05,0.032,OK,NONE,AUTO-VIS-01
2023-10-26 12:23:36,P-Usine_A-000223,P-Usine_A-000223,100.001,49.971,25.003,-0.05,0.05,0.029,OK,NONE,AUTO-VIS-01
2023-10-26 12:27:44,P-Usine_A-000224,P-Usine_A-000224,100.004,49.988,25.013,-0.05,0.05,0.013,OK,NONE,AUTO-VIS-01
2023-10-26 12:22:54,P-Usine_A-000225,P-Usine_A-000225,99.994,50.017,24.989,-0.05,0.05,0.017,OK,NONE,AUTO-VIS-01
2023-10-26 12:25:17,P-Usine_A-000226,P-Usine_A-000226,100.012,49.987,25.002,-0.05,0.05,0.013,OK,NONE,AUTO-VIS-01
2023-10-26 12:26:41,P-Usine_A-000227,P-Usine_A-000227,99.977,50.01,25.0,-0.05,0.05,0.023,OK,NONE,AUTO-VIS-01
2023-10-26 12:28:54,P-Usine_A-000228,P-Usine_A-000228,100.011,50.02,25.031,-0.05,0.05,0.031,OK,NONE,AUTO-VIS-01
2023-10-26 12:29:59,P-Usine_A-000229,P-Usine_A-000229,100.018,50.0,24.97,-0.05,0.05,0.03,OK,NONE,AUTO-VIS-01
2023-10-26 12:25:19,P-Usine_A-000230,P-Usine_A-000230,100.005,50.015,24.997,-0.05,0.05,0.015,OK,NONE,AUTO-VIS-01
2023-10-26 12:31:26,P-Usine_A-000231,P-Usine_A-000231,99.998,49.981,24.959,-0.05,0.05,0.041,OK,NONE,AUTO-VIS-01
2023-10-26 12:33:11,P-Usine_A-000232,P-Usine_A-000232,99.991,50.018,25.011,-0.05,0.05,0.018,OK,NONE,AUTO-VIS-01
2023-10-26 12:34:41,P-Usine_A-000233,P-Usine_A-000233,99.975,50.003,24.972,-0.05,0.05,0.028,OK,NONE,AUTO-VIS-01
2023-10-26 12:36:27,P-Usine_A-000234,P-Usine_A-000234,100.014,49.976,25.015,-0.05,0.05,0.024,OK,NONE,AUTO-VIS-01
2023-10-26 12:36:27,P-Usine_A-000234,P-Usine_A-000234,100.014,49.976,25.015,-0.05,0.05,0.024,OK,NONE,AUTO-VIS-01
2023-10-26 12:39:11,P-Usine_A-000235,P-Usine_A-000235,99.966,49.991,25.013,-0.05,0.05,0.034,OK,NONE,AUTO-VIS-01
2023-10-26 12:35:28,P-Usine_A-000236,P-Usine_A-000236,99.996,49.994,24.999,-0.05,0.05,0.006,OK,NONE,AUTO-VIS-01
2023-10-26 12:33:32,P-Usine_A-000237,P-Usine_A-000237,99.979,49.959,24.996,-0.05,0.05,,OK,NONE,AUTO-VIS-01
2023-10-26 12:33:07,P-Usine_A-000238,P-Usine_A-000238,100.024,50.015,24.988,-0.05,0.05,0.024,OK,NONE,AUTO-VIS-01
2023-10-26 12:33:55,P-Usine_A-000239,P-Usine_A-000239,100.007,50.052,25.019,-0.05,0.05,0.052,OK,NONE,AUTO-VIS-01
2023-10-26 12:35:10,P-Usine_A-000240,P-Usine_A-000240,99.993,49.986,25.01,-0.05,0.05,0.014,OK,NONE,AUTO-VIS-01
2023-10-26 12:40:55,P-Usine_A-000241,P-Usine_A-000241,99.988,50.023,24.99,-0.05,0.05,0.023,OK,NONE,AUTO-VIS-01
2023-10-26 12:37:34,P-Usine_A-000242,P-Usine_A-000242,99.998,50.007,24.993,-0.05,0.05,0.007,OK,NONE,AUTO-VIS-01
2023-10-26 12:46:03,P-Usine_A-000243,P-Usine_A-000243,99.972,49.93,25.006,-0.05,0.05,0.07,OK,NONE,AUTO-VIS-01
2023-10-26 12:47:17,P-Usine_A-000244,P-Usine_A-000244,99.97,49.993,24.974,-0.05,0.05,0.03,OK,NONE,AUTO-VIS-01
2023-10-26 12:43:26,P-Usine_A-000245,P-Usine_A-000245,99.981,50.006,24.994,-0.05,0.05,0.019,OK,NONE,AUTO-VIS-01
2023-10-26 12:46:05,P-Usine_A-000246,P-Usine_A-000246,99.993,49.984,24.98,-0.05,0.05,0.02,OK,NONE,AUTO-VIS-01
2023-10-26 12:43:09,P-Usine_A-000247,P-Usine_A-000247,99.98,50.007,25.003,-0.05,0.05,0.02,OK,NONE,AUTO-VIS-01
2023-10-26 12:46:01,P-Usine_A-000248,P-Usine_A-000248,100.014,49.977,24.987,-0.05,0.05,0.023,OK,NONE,AUTO-VIS-01
2023-10-26 12:52:04,P-Usine_A-000249,P-Usine_A-000249,99.971,50.013,24.952,-0.05,0.05,0.048,OK,NONE,AUTO-VIS-01
2023-10-26 12:50:58,P-Usine_A-000250,P-Usine_A-000250,99.952,50.039,24.963,-0.05,0.05,0.048,OK,NONE,AUTO-VIS-01
2023-10-26 12:46:13,P-Usine_A-000251,P-Usine_A-000251,100.0,50.016,25.034,-0.05,0.05,0.034,OK,NONE,AUTO-VIS-01
2023-10-26 12:55:14,P-Usine_A-000252,P-Usine_A-000252,100.009,49.99,24.983,-0.05,0.05,0.017,OK,NONE,AUTO-VIS-01
2023-10-26 12:54:44,P-Usine_A-000253,P-Usine_A-000253,99.985,49.995,25.029,-0.05,0.05,0.029,OK,NONE,AUTO-VIS-01
2023-10-26 12:49:26,P-Usine_A-000254,P-Usine_A-000254,99.985,50.001,24.975,-0.05,0.05,0.025,OK,NONE,AUTO-VIS-01
2023-10-26 12:57:07,P-Usine_A-000255,P-Usine_A-000255,99.968,50.01,24.974,-0.05,0.05,0.032,OK,NONE,AUTO-VIS-01
2023-10-26 12:58:42,P-Usine_A-000256,P-Usine_A-000256,100.031,50.01,24.987,-0.05,0.05,0.031,OK,NONE,AUTO-VIS-01
2023-10-26 12:56:37,P-Usine_A-000257,P-Usine_A-000257,100.016,50.009,24.993,-0.05,0.05,0.016,OK,NONE,AUTO-VIS-01
2023-10-26 13:01:45,P-Usine_A-000258,,99.969,50.0,25.011,-0.05,0.05,0.031,OK,NONE,AUTO-VIS-01
2023-10-26 12:54:39,P-Usine_A-000259,P-Usine_A-000259,100.013,50.053,24.993,-0.05,0.05,0.053,OK,NONE,AUTO-VIS-01
2023-10-26 13:03:15,P-Usine_A-000260,P-Usine_A-000260,99.975,50.019,25.02,-0.05,0.05,0.025,OK,NONE,AUTO-VIS-01
2023-10-26 13:02:08,P-Usine_A-000261,P-Usine_A-000261,99.971,50.004,24.996,-0.05,0.05,0.029,OK,NONE,AUTO-VIS-01
2023-10-26 13:03:02,P-Usine_A-000262,P-Usine_A-000262,100.007,49.99,25.01,-0.05,0.05,0.01,OK,NONE,AUTO-VIS-01
2023-10-26 13:00:52,P-Usine_A-000263,P-Usine_A-000263,100.01,50.0,25.035,-0.05,0.05,0.035,OK,NONE,AUTO-VIS-01
2023-10-26 13:00:52,P-Usine_A-000263,P-Usine_A-000263,100.01,50.0,25.035,-0.05,0.05,0.035,OK,NONE,AUTO-VIS-01
2023-10-26 13:01:24,P-Usine_A-000264,P-Usine_A-000264,100.004,50.024,25.018,-0.05,0.05,0.024,OK,NONE,AUTO-VIS-01
2023-10-26 13:02:01,P-Usine_A-000265,P-Usine_A-000265,99.984,50.057,24.992,-0.05,0.05,0.057,OK,NONE,AUTO-VIS-01
2023-10-26 13:04:50,P-Usine_A-000266,P-Usine_A-000266,100.026,50.012,25.009,-0.05,0.05,0.026,OK,NONE,AUTO-VIS-01
2023-10-26 13:10:04,P-Usine_A-000267,P-Usine_A-000267,99.98,50.001,24.967,-0.05,0.05,0.033,OK,NONE,AUTO-VIS-01
2023-10-26 13:03:33,P-Usine_A-000268,P-Usine_A-000268,99.972,49.985,24.947,-0.05,0.05,0.053,OK,NONE,AUTO-VIS-01
2023-10-26 13:08:47,P-Usine_A-000269,P-Usine_A-000269,99.986,50.004,25.011,-0.05,0.05,0.014,OK,NONE,AUTO-VIS-01
2023-10-26 13:09:48,P-Usine_A-000270,P-Usine_A-000270,100.032,50.014,24.969,-0.05,0.05,0.032,OK,NONE,AUTO-VIS-01
2023-10-26 13:12:12,P-Usine_A-000271,P-Usine_A-000271,99.984,50.009,25.037,-0.05,0.05,0.037,OK,NONE,AUTO-VIS-01
2023-10-26 13:14:09,P-Usine_A-000272,P-Usine_A-000272,100.005,50.015,25.067,-0.05,0.05,0.067,OK,NONE,AUTO-VIS-01
2023-10-26 13:13:46,P-Usine_A-000273,P-Usine_A-000273,100.007,49.994,24.98,-0.05,0.05,0.02,OK,NONE,AUTO-VIS-01
2023-10-26 13:13:38,P-Usine_A-000274,P-Usine_A-000274,100.002,49.972,24.991,-0.05,0.05,0.028,OK,NONE,AUTO-VIS-01
2023-10-26 13:09:28,P-Usine_A-000275,P-Usine_A-000275,100.014,49.961,25.011,-0.05,0.05,0.039,OK,NONE,AUTO-VIS-01
2023-10-26 13:13:44,P-Usine_A-000276,P-Usine_A-000276,99.988,50.011,24.991,-0.05,0.05,0.012,OK,NONE,AUTO-VIS-01
2023-10-26 13:19:02,P-Usine_A-000277,P-Usine_A-000277,100.004,49.991,25.06,-0.05,0.05,0.06,OK,NONE,AUTO-VIS-01
2023-10-26 13:21:00,P-Usine_A-000278,P-Usine_A-000278,99.987,50.027,25.049,-0.05,0.05,0.049,OK,NONE,AUTO-VIS-01
2023-10-26 13:16:24,P-Usine_A-000279,P-Usine_A-000279,100.036,50.019,25.03,-0.05,0.05,0.036,OK,NONE,AUTO-VIS-01
2023-10-26 13:21:38,P-Usine_A-000280,P-Usine_A-000280,99.991,50.01,25.009,-0.05,0.05,0.01,OK,NONE,AUTO-VIS-01
2023-10-26 13:25:12,P-Usine_A-000281,P-Usine_A-000281,100.007,50.016,25.005,-0.05,0.05,0.016,OK,NONE,AUTO-VIS-01
2023-10-26 13:17:47,P-Usine_A-000282,P-Usine_A-000282,99.984,49.998,25.0,-0.05,0.05,0.016,OK,NONE,AUTO-VIS-01
2023-10-26 13:22:56,P-Usine_A-000283,P-Usine_A-000283,99.999,50.011,24.985,-0.05,0.05,0.015,OK,NONE,AUTO-VIS-01
2023-10-26 13:21:51,P-Usine_A-000284,P-Usine_A-000284,100.022,50.015,24.982,-0.05,0.05,0.022,OK,NONE,AUTO-VIS-01
2023-10-26 13:25:33,P-Usine_A-000285,P-Usine_A-000285,99.988,50.005,25.031,-0.05,0.05,0.031,OK,NONE,AUTO-VIS-01
2023-10-26 13:27:17,P-Usine_A-000286,P-Usine_A-000286,99.989,50.028,25.003,-0.05,0.05,0.028,OK,,AUTO-VIS-01
2023-10-26 13:22:12,P-Usine_A-000287,P-Usine_A-000287,100.026,50.009,24.974,-0.05,0.05,0.026,OK,NONE,AUTO-VIS-01
2023-10-26 13:23:34,P-Usine_A-000288,P-Usine_A-000288,99.976,50.003,25.01,-0.05,0.05,0.024,OK,NONE,AUTO-VIS-01
2023-10-26 13:31:56,P-Usine_A-000289,P-Usine_A-000289,100.007,50.007,25.017,-0.05,0.05,0.017,OK,NONE,AUTO-VIS-01
2023-10-26 13:28:03,P-Usine_A-000290,P-Usine_A-000290,100.027,49.998,24.984,-0.05,0.05,0.027,OK,NONE,AUTO-VIS-01
2023-10-26 13:32:16,P-Usine_A-000291,P-Usine_A-000291,99.997,50.035,24.979,-0.05,0.05,0.035,OK,NONE,AUTO-VIS-01
2023-10-26 13:33:48,P-Usine_A-000292,P-Usine_A-000292,,50.003,25.004,-0.05,0.05,0.007,OK,NONE,AUTO-VIS-01
2023-10-26 13:33:32,P-Usine_A-000293,P-Usine_A-000293,100.002,50.0,25.005,-0.05,0.05,0.005,OK,NONE,AUTO-VIS-01
2023-10-26 13:38:31,P-Usine_A-000294,P-Usine_A-000294,99.988,50.008,25.01,-0.05,0.05,0.012,OK,NONE,AUTO-VIS-01
2023-10-26 13:30:07,P-Usine_A-000295,P-Usine_A-000295,100.004,49.969,24.982,-0.05,0.05,0.031,OK,NONE,AUTO-VIS-01
2023-10-26 13:38:47,P-Usine_A-000296,P-Usine_A-000296,100.007,50.005,999.9,-0.05,0.05,0.032,OK,NONE,AUTO-VIS-01
2023-10-26 13:32:24,P-Usine_A-000297,P-Usine_A-000297,99.991,50.02,24.985,-0.05,0.05,0.02,OK,NONE,AUTO-VIS-01
2023-10-26 13:34:05,P-Usine_A-000298,P-Usine_A-000298,100.0,49.997,24.98,-0.05,0.05,0.02,OK,NONE,AUTO-VIS-01
2023-10-26 13:34:52,P-Usine_A-000299,P-Usine_A-000299,100.001,49.991,24.993,-0.05,0.05,0.009,OK,NONE,AUTO-VIS-01
2023-10-26 13:43:23,P-Usine_A-000300,P-Usine_A-000300,100.002,49.98,25.012,-0.05,0.05,0.02,OK,NONE,AUTO-VIS-01
2023-10-26 13:37:06,P-Usine_A-000301,P-Usine_A-000301,100.009,50.025,25.006,-0.05,0.05,0.025,OK,NONE,AUTO-VIS-01
2023-10-26 13:37:53,P-Usine_A-000302,P-Usine_A-000302,100.009,49.976,24.967,-0.05,0.05,0.033,OK,NONE,AUTO-VIS-01
2023-10-26 13:38:58,P-Usine_A-000303,P-Usine_A-000303,100.015,49.962,24.99,-0.05,0.05,0.038,OK,NONE,AUTO-VIS-01
2023-10-26 13:45:12,P-Usine_A-000304,P-Usine_A-000304,99.978,50.013,24.978,-0.05,0.05,0.022,OK,NONE,AUTO-VIS-01
2023-10-26 13:43:00,P-Usine_A-000305,P-Usine_A-000305,100.003,49.964,25.01,-0.05,0.05,0.036,OK,NONE,AUTO-VIS-01
2023-10-26 13:46:53,P-Usine_A-000306,P-Usine_A-000306,99.999,50.022,25.043,-0.05,0.05,0.043,OK,NONE,AUTO-VIS-01
2023-10-26 13:49:56,P-Usine_A-000307,P-Usine_A-000307,99.994,49.982,25.004,-0.05,0.05,0.018,OK,NONE,AUTO-VIS-01
2023-10-26 13:45:34,P-Usine_A-000308,P-Usine_A-000308,99.985,49.961,25.01,-0.05,0.05,0.039,OK,NONE,AUTO-VIS-01
2023-10-26 13:51:04,P-Usine_A-000309,P-Usine_A-000309,100.011,49.982,24.972,-0.05,0.05,0.028,OK,NONE,AUTO-VIS-01
2023-10-26 13:49:52,P-Usine_A-000310,P-Usine_A-000310,100.02,50.016,24.999,-0.05,0.05,0.02,OK,NONE,AUTO-VIS-01
2023-10-26 13:46:38,P-Usine_A-000311,P-Usine_A-000311,99.992,50.028,24.953,-0.05,0.05,0.047,OK,NONE,AUTO-VIS-01
2023-10-26 13:49:39,P-Usine_A-000312,P-Usine_A-000312,99.974,50.019,25.011,-0.05,0.05,0.026,OK,NONE,AUTO-VIS-01
2023-10-26 13:53:45,P-Usine_A-000313,P-Usine_A-000313,99.994,49.979,24.994,-0.05,0.05,0.021,OK,NONE,AUTO-VIS-01
2023-10-26 13:58:15,P-Usine_A-000314,P-Usine_A-000314,99.992,50.006,24.989,-0.05,0.05,0.011,OK,NONE,AUTO-VIS-01
2023-10-26 13:49:54,P-Usine_A-000315,P-Usine_A-000315,100.024,49.981,24.987,-0.05,0.05,0.024,OK,NONE,AUTO-VIS-01
2023-10-26 14:00:28,P-Usine_A-000316,P-Usine_A-000316,100.014,50.002,24.989,-0.05,0.05,0.014,OK,NONE,AUTO-VIS-01
2023-10-26 13:59:48,P-Usine_A-000317,P-Usine_A-000317,100.003,49.982,25.032,-0.05,0.05,0.032,OK,NONE,AUTO-VIS-01
2023-10-26 13:53:08,P-Usine_A-000318,P-Usine_A-000318,99.997,50.003,24.987,-0.05,0.05,0.013,OK,NONE,AUTO-VIS-01
2023-10-26 13:54:12,,P-Usine_A-000319,100.023,49.97,25.017,-0.05,0.05,0.03,OK,NONE,AUTO-VIS-01
2023-10-26 13:57:51,P-Usine_A-000320,P-Usine_A-000320,100.018,49.958,25.014,-0.05,0.05,0.042,OK,NONE,AUTO-VIS-01
2023-10-26 13:59:25,P-Usine_A-000321,P-Usine_A-000321,100.0,50.038,25.005,-0.05,0.05,0.038,OK,NONE,AUTO-VIS-01
2023-10-26 13:58:07,P-Usine_A-000322,P-Usine_A-000322,100.004,49.982,24.983,-0.05,0.05,0.018,OK,NONE,AUTO-VIS-01
2023-10-26 14:00:38,P-Usine_A-000323,P-Usine_A-000323,99.977,50.016,25.014,-0.05,0.05,0.023,OK,NONE,AUTO-VIS-01
2023-10-26 14:07:21,P-Usine_A-000324,P-Usine_A-000324,100.005,49.985,24.994,-0.05,0.05,0.015,OK,NONE,AUTO-VIS-01
2023-10-26 14:08:28,P-Usine_A-000325,P-Usine_A-000325,99.996,49.971,25.003,-0.05,0.05,0.029,OK,NONE,AUTO-VIS-01
2023-10-26 14:08:54,P-Usine_A-000326,P-Usine_A-000326,99.982,50.002,25.049,-0.05,0.05,0.049,OK,NONE,AUTO-VIS-01
2023-10-26 14:03:19,P-Usine_A-000327,P-Usine_A-000327,99.984,49.997,24.967,-0.05,0.05,0.033,OK,NONE,AUTO-VIS-01
2023-10-26 14:06:47,P-Usine_A-000328,P-Usine_A-000328,100.01,49.99,24.999,-0.05,0.05,0.01,OK,NONE,AUTO-VIS-01
2023-10-26 14:13:13,P-Usine_A-000329,P-Usine_A-000329,100.0,49.99,24.975,-0.05,0.05,0.025,OK,NONE,AUTO-VIS-01
2023-10-26 14:09:27,P-Usine_A-000330,P-Usine_A-000330,99.99,49.975,24.965,-0.05,0.05,0.035,OK,NONE,AUTO-VIS-01
2023-10-26 14:14:26,P-Usine_A-000331,P-Usine_A-000331,100.007,50.039,24.991,-0.05,0.05,0.039,OK,NONE,AUTO-VIS-01
2023-10-26 14:13:22,P-Usine_A-000332,P-Usine_A-000332,99.973,50.004,24.988,-0.05,0.05,0.027,OK,NONE,AUTO-VIS-01
2023-10-26 14:17:34,P-Usine_A-000333,P-Usine_A-000333,100.004,49.996,24.991,-0.05,0.05,0.009,OK,NONE,AUTO-VIS-01
2023-10-26 14:10:19,P-Usine_A-000334,P-Usine_A-000334,99.992,49.975,25.002,999.9,0.05,0.025,OK,NONE,AUTO-VIS-01
2023-10-26 14:17:45,P-Usine_A-000335,P-Usine_A-000335,100.023,49.981,25.008,-0.05,0.05,0.023,OK,NONE,AUTO-VIS-01
2023-10-26 14:19:35,P-Usine_A-000336,P-Usine_A-000336,100.042,50.031,24.998,-0.05,0.05,0.042,OK,NONE,AUTO-VIS-01
2023-10-26 14:22:07,P-Usine_A-000337,P-Usine_A-000337,99.982,50.009,25.005,-0.05,0.05,0.018,OK,NONE,AUTO-VIS-01
2023-10-26 14:13:52,P-Usine_A-000338,P-Usine_A-000338,100.025,49.986,25.01,-0.05,0.05,0.025,OK,NONE,AUTO-VIS-01
2023-10-26 14:15:12,P-Usine_A-000339,P-Usine_A-000339,100.039,50.004,24.999,-0.05,0.05,0.039,OK,NONE,AUTO-VIS-01
2023-10-26 14:19:16,P-Usine_A-000340,P-Usine_A-000340,99.969,50.019,24.976,-0.05,0.05,0.031,OK,NONE,AUTO-VIS-01
2023-10-26 14:23:11,P-Usine_A-000341,P-Usine_A-000341,100.01,49.992,25.006,-0.05,0.05,0.01,OK,NONE,AUTO-VIS-01
2023-10-26 14:26:49,P-Usine_A-000342,P-Usine_A-000342,99.993,49.973,25.015,-0.05,0.05,0.027,OK,NONE,AUTO-VIS-01
2023-10-26 14:24:49,P-Usine_A-000343,P-Usine_A-000343,99.964,50.002,24.995,-0.05,0.05,0.036,OK,NONE,AUTO-VIS-01
2023-10-26 14:27:21,P-Usine_A-000344,P-Usine_A-000344,99.991,50.017,25.027,-0.05,0.05,0.027,OK,NONE,AUTO-VIS-01
2023-10-26 14:27:09,P-Usine_A-000345,P-Usine_A-000345,99.973,50.016,25.007,-0.05,0.05,0.027,OK,NONE,AUTO-VIS-01
2023-10-26 14:23:44,P-Usine_A-000346,P-Usine_A-000346,100.001,49.987,25.029,-0.05,0.05,0.029,OK,NONE,AUTO-VIS-01
2023-10-26 14:22:14,P-Usine_A-000347,P-Usine_A-000347,100.001,50.004,25.026,-0.05,0.05,0.026,OK,NONE,AUTO-VIS-01
2023-10-26 14:23:35,P-Usine_A-000348,P-Usine_A-000348,99.984,49.986,25.019,-0.05,0.05,0.019,OK,NONE,AUTO-VIS-01
2023-10-26 14:28:01,,P-Usine_A-000349,100.036,50.008,25.02,-0.05,0.05,0.036,OK,NONE,AUTO-VIS-01
2023-10-26 14:34:39,P-Usine_A-000350,P-Usine_A-000350,99.977,49.985,25.004,-0.05,0.05,0.023,OK,NONE,AUTO-VIS-01
2023-10-26 14:29:57,P-Usine_A-000351,P-Usine_A-000351,100.022,49.987,25.017,-0.05,0.05,0.022,OK,NONE,AUTO-VIS-01
2023-10-26 14:34:44,P-Usine_A-000352,P-Usine_A-000352,100.017,49.998,25.021,-0.05,0.05,0.021,OK,NONE,AUTO-VIS-01
2023-10-26 14:32:53,P-Usine_A-000353,P-Usine_A-000353,100.021,50.017,24.98,-0.05,0.05,0.021,OK,NONE,AUTO-VIS-01
2023-10-26 14:29:14,P-Usine_A-000354,P-Usine_A-000354,100.01,50.002,25.008,-0.05,,0.01,OK,NONE,AUTO-VIS-01
2023-10-26 14:38:50,P-Usine_A-000355,P-Usine_A-000355,99.992,49.971,25.019,-0.05,0.05,0.029,OK,NONE,AUTO-VIS-01
2023-10-26 14:33:27,P-Usine_A-000356,P-Usine_A-000356,99.996,49.964,25.031,-0.05,0.05,0.036,OK,NONE,AUTO-VIS-01
2023-10-26 14:32:05,P-Usine_A-000357,P-Usine_A-000357,99.992,50.021,25.008,-0.05,0.05,0.021,OK,NONE,AUTO-VIS-01
2023-10-26 14:42:26,P-Usine_A-000358,P-Usine_A-000358,100.039,50.022,24.986,-0.05,0.05,0.039,OK,NONE,AUTO-VIS-01
2023-10-26 14:39:24,P-Usine_A-000359,P-Usine_A-000359,100.028,49.967,24.985,-0.05,0.05,0.033,OK,NONE,AUTO-VIS-01
2023-10-26 14:43:51,P-Usine_A-000360,P-Usine_A-000360,99.999,49.987,25.015,-0.05,0.05,0.015,OK,NONE,AUTO-VIS-01
2023-10-26 14:41:15,P-Usine_A-000361,P-Usine_A-000361,100.028,49.987,25.016,-0.05,0.05,0.028,OK,NONE,AUTO-VIS-01
2023-10-26 14:44:17,P-Usine_A-000362,P-Usine_A-000362,100.032,50.025,25.003,-0.05,0.05,0.032,OK,NONE,AUTO-VIS-01
2023-10-26 14:40:34,P-Usine_A-000363,P-Usine_A-000363,100.033,50.01,24.998,-0.05,0.05,0.033,OK,NONE,AUTO-VIS-01
2023-10-26 14:44:25,P-Usine_A-000364,P-Usine_A-000364,100.037,49.981,25.0,-0.05,0.05,0.037,OK,NONE,AUTO-VIS-01
2023-10-26 14:44:51,P-Usine_A-000365,P-Usine_A-000365,100.025,50.046,25.01,-0.05,0.05,0.046,OK,NONE,AUTO-VIS-01
2023-10-26 14:49:11,P-Usine_A-000366,P-Usine_A-000366,99.961,50.011,25.012,-0.05,0.05,0.039,OK,NONE,AUTO-VIS-01
2023-10-26 14:50:31,P-Usine_A-000367,P-Usine_A-000367,100.021,49.991,25.033,-0.05,0.05,0.033,OK,NONE,AUTO-VIS-01
2023-10-26 14:47:30,P-Usine_A-000368,P-Usine_A-000368,99.988,49.987,24.988,-0.05,0.05,0.013,OK,NONE,AUTO-VIS-01
2023-10-26 14:43:38,P-Usine_A-000369,P-Usine_A-000369,99.998,50.025,24.96,-0.05,0.05,0.04,OK,NONE,AUTO-VIS-01
2023-10-26 14:45:35,P-Usine_A-000370,P-Usine_A-000370,100.023,49.987,24.974,-0.05,0.05,0.026,OK,NONE,AUTO-VIS-01
2023-10-26 14:50:59,P-Usine_A-000371,P-Usine_A-000371,100.001,49.962,25.003,-0.05,0.05,0.038,OK,NONE,AUTO-VIS-01
2023-10-26 14:50:03,P-Usine_A-000372,P-Usine_A-000372,99.976,49.997,24.969,-0.05,0.05,0.031,OK,NONE,AUTO-VIS-01
2023-10-26 14:50:58,P-Usine_A-000373,P-Usine_A-000373,99.984,50.018,25.018,-0.05,0.05,0.018,OK,NONE,AUTO-VIS-01
2023-10-26 14:56:54,P-Usine_A-000374,P-Usine_A-000374,99.988,50.024,24.993,-0.05,0.05,0.024,OK,NONE,AUTO-VIS-01
2023-10-26 14:52:51,P-Usine_A-000375,P-Usine_A-000375,100.018,50.026,25.013,-0.05,0.05,0.026,OK,NONE,AUTO-VIS-01
2023-10-26 14:53:52,P-Usine_A-000376,P-Usine_A-000376,100.027,49.975,24.988,-0.05,0.05,0.027,OK,NONE,AUTO-VIS-01
2023-10-26 15:00:48,P-Usine_A-000377,P-Usine_A-000377,99.951,50.026,24.988,-0.05,0.05,0.049,OK,NONE,AUTO-VIS-01
2023-10-26 14:59:51,P-Usine_A-000378,P-Usine_A-000378,100.011,49.993,24.999,-0.05,0.05,0.011,OK,NONE,AUTO-VIS-01
2023-10-26 14:56:13,P-Usine_A-000379,P-Usine_A-000379,100.016,49.995,24.96,-0.05,0.05,0.04,OK,NONE,AUTO-VIS-01
2023-10-26 14:57:43,P-Usine_A-000380,P-Usine_A-000380,100.031,50.017,25.046,-0.05,0.05,0.046,OK,NONE,AUTO-VIS-01
2023-10-26 14:55:48,P-Usine_A-000381,P-Usine_A-000381,99.988,50.0,25.02,-0.05,0.05,999.9,OK,NONE,AUTO-VIS-01
2023-10-26 15:01:55,P-Usine_A-000382,P-Usine_A-000382,99.967,49.995,25.001,-0.05,0.05,0.033,OK,NONE,AUTO-VIS-01
2023-10-26 15:03:36,P-Usine_A-000383,P-Usine_A-000383,99.979,50.007,25.003,-0.05,0.05,0.021,OK,NONE,AUTO-VIS-01
2023-10-26 15:03:35,P-Usine_A-000384,P-Usine_A-000384,100.003,50.002,25.018,-0.05,0.05,0.018,OK,NONE,AUTO-VIS-01
2023-10-26 15:04:03,P-Usine_A-000385,P-Usine_A-000385,99.973,50.017,24.998,-0.05,0.05,0.027,OK,NONE,AUTO-VIS-01
2023-10-26 15:03:27,P-Usine_A-000386,P-Usine_A-000386,100.032,49.975,25.017,-0.05,0.05,0.032,OK,NONE,AUTO-VIS-01
2023-10-26 15:05:55,P-Usine_A-000387,P-Usine_A-000387,99.998,49.992,25.006,-0.05,0.05,0.008,OK,NONE,AUTO-VIS-01
2023-10-26 15:04:22,P-Usine_A-000388,P-Usine_A-000388,99.996,49.957,24.972,-0.05,0.05,0.043,OK,NONE,AUTO-VIS-01
2023-10-26 15:13:44,P-Usine_A-000389,P-Usine_A-000389,99.976,50.001,24.976,-0.05,0.05,0.024,OK,NONE,AUTO-VIS-01
2023-10-26 15:07:03,P-Usine_A-000390,P-Usine_A-000390,99.988,50.026,25.015,-0.05,0.05,0.026,OK,NONE,AUTO-VIS-01
2023-10-26 15:07:03,P-Usine_A-000390,P-Usine_A-000390,99.988,50.026,25.015,-0.05,0.05,0.026,OK,NONE,AUTO-VIS-01
2023-10-26 15:08:38,P-Usine_A-000391,P-Usine_A-000391,99.988,49.997,24.986,-0.05,0.05,0.014,OK,NONE,AUTO-VIS-01
2023-10-26 15:07:06,P-Usine_A-000392,P-Usine_A-000392,100.038,50.003,25.055,-0.05,0.05,0.055,OK,NONE,AUTO-VIS-01
2023-10-26 15:13:43,P-Usine_A-000393,P-Usine_A-000393,99.997,49.999,25.008,-0.05,0.05,0.008,OK,NONE,AUTO-VIS-01
2023-10-26 15:14:24,P-Usine_A-000394,P-Usine_A-000394,100.016,50.005,24.976,-0.05,0.05,0.024,OK,NONE,AUTO-VIS-01
2023-10-26 15:16:35,P-Usine_A-000395,P-Usine_A-000395,99.974,49.996,25.02,-0.05,0.05,0.026,OK,NONE,AUTO-VIS-01
2023-10-26 15:15:39,P-Usine_A-000396,P-Usine_A-000396,99.968,49.996,25.025,-0.05,0.05,0.032,OK,NONE,AUTO-VIS-01
2023-10-26 15:12:19,P-Usine_A-000397,P-Usine_A-000397,99.998,49.968,24.997,-0.05,0.05,0.032,OK,NONE,AUTO-VIS-01
2023-10-26 15:18:46,P-Usine_A-000398,P-Usine_A-000398,99.976,50.023,25.002,-0.05,0.05,0.024,OK,NONE,AUTO-VIS-01
2023-10-26 15:20:11,P-Usine_A-000399,P-Usine_A-000399,99.97,50.029,25.015,-0.05,0.05,0.03,OK,NONE,AUTO-VIS-01
2023-10-26 15:17:55,P-Usine_A-000400,P-Usine_A-000400,100.015,50.003,24.98,-0.05,0.05,0.02,OK,NONE,AUTO-VIS-01
2023-10-26 15:23:45,P-Usine_A-000401,P-Usine_A-000401,100.016,49.994,24.989,-0.05,0.05,0.016,OK,NONE,AUTO-VIS-01
2023-10-26 15:19:09,P-Usine_A-000402,P-Usine_A-000402,99.996,49.997,24.981,-0.05,0.05,0.019,OK,NONE,AUTO-VIS-01
2023-10-26 15:27:17,P-Usine_A-000403,P-Usine_A-000403,99.998,50.037,24.96,-0.05,0.05,0.04,OK,NONE,AUTO-VIS-01
2023-10-26 15:25:59,P-Usine_A-000404,P-Usine_A-000404,100.032,50.022,24.986,-0.05,0.05,0.032,OK,NONE,AUTO-VIS-01
2023-10-26 15:25:27,P-Usine_A-000405,P-Usine_A-000405,100.011,50.01,25.014,-0.05,0.05,0.014,OK,NONE,AUTO-VIS-01
2023-10-26 15:24:16,P-Usine_A-000406,P-Usine_A-000406,99.997,49.993,24.973,-0.05,0.05,0.027,OK,NONE,AUTO-VIS-01
2023-10-26 15:26:39,P-Usine_A-000407,P-Usine_A-000407,99.99,49.996,25.03,-0.05,0.05,0.03,OK,NONE,AUTO-VIS-01
2023-10-26 15:30:19,P-Usine_A-000408,P-Usine_A-000408,99.989,50.018,24.999,-0.05,0.05,0.018,OK,NONE,AUTO-VIS-01
2023-10-26 15:30:40,P-Usine_A-000409,P-Usine_A-000409,99.992,50.009,25.04,-0.05,0.05,0.04,OK,NONE,AUTO-VIS-01
2023-10-26 15:31:00,P-Usine_A-000410,P-Usine_A-000410,100.002,50.017,24.976,-0.05,0.05,0.024,OK,NONE,AUTO-VIS-01
2023-10-26 15:30:23,P-Usine_A-000411,P-Usine_A-000411,100.02,50.019,24.978,-0.05,0.05,0.022,OK,NONE,AUTO-VIS-01
2023-10-26 15:30:23,P-Usine_A-000411,P-Usine_A-000411,100.02,50.019,24.978,-0.05,0.05,0.022,OK,NONE,AUTO-VIS-01
2023-10-26 15:35:40,P-Usine_A-000412,P-Usine_A-000412,100.024,49.992,25.038,-0.05,0.05,0.038,OK,NONE,AUTO-VIS-01
2023-10-26 15:29:47,P-Usine_A-000413,P-Usine_A-000413,99.986,49.986,25.035,-0.05,0.05,0.035,OK,NONE,AUTO-VIS-01
2023-10-26 15:31:54,P-Usine_A-000414,P-Usine_A-000414,99.998,50.027,25.042,-0.05,0.05,0.042,OK,NONE,AUTO-VIS-01
2023-10-26 15:33:50,P-Usine_A-000415,P-Usine_A-000415,99.979,49.999,25.025,-0.05,0.05,0.025,OK,NONE,AUTO-VIS-01
2023-10-26 15:31:34,P-Usine_A-000416,P-Usine_A-000416,100.016,50.041,25.029,-0.05,0.05,0.041,OK,NONE,AUTO-VIS-01
2023-10-26 15:40:39,P-Usine_A-000417,P-Usine_A-000417,100.021,49.993,25.025,-0.05,0.05,0.025,OK,NONE,AUTO-VIS-01
2023-10-26 15:35:54,P-Usine_A-000418,P-Usine_A-000418,100.017,50.016,24.971,-0.05,0.05,0.029,OK,NONE,AUTO-VIS-01
2023-10-26 15:33:34,P-Usine_A-000419,P-Usine_A-000419,99.986,50.012,25.037,-0.05,0.05,0.037,OK,NONE,AUTO-VIS-01
2023-10-26 15:34:11,P-Usine_A-000420,P-Usine_A-000420,100.016,49.989,24.993,-0.05,0.05,0.016,OK,NONE,AUTO-VIS-01
2023-10-26 15:44:27,P-Usine_A-000421,P-Usine_A-000421,99.993,50.009,25.017,-0.05,0.05,0.017,OK,NONE,AUTO-VIS-01
2023-10-26 15:36:46,P-Usine_A-000422,P-Usine_A-000422,100.008,49.981,24.981,-0.05,0.05,0.019,OK,NONE,AUTO-VIS-01
2023-10-26 15:42:56,P-Usine_A-000423,P-Usine_A-000423,100.011,49.994,24.969,-0.05,0.05,0.031,OK,NONE,AUTO-VIS-01
2023-10-26 15:43:43,P-Usine_A-000424,P-Usine_A-000424,99.994,50.008,24.985,-0.05,0.05,0.015,OK,NONE,AUTO-VIS-01
2023-10-26 15:44:52,P-Usine_A-000425,P-Usine_A-000425,100.02,50.008,25.009,-0.05,0.05,0.02,OK,NONE,AUTO-VIS-01
2023-10-26 15:47:52,P-Usine_A-000426,P-Usine_A-000426,99.995,50.009,24.988,-0.05,0.05,0.012,OK,NONE,AUTO-VIS-01
2023-10-26 15:42:07,P-Usine_A-000427,P-Usine_A-000427,99.976,50.026,25.0,-0.05,0.05,0.026,OK,NONE,AUTO-VIS-01
2023-10-26 15:47:29,P-Usine_A-000428,P-Usine_A-000428,100.01,49.959,24.989,-0.05,0.05,0.041,OK,NONE,AUTO-VIS-01
2023-10-26 15:51:56,P-Usine_A-000429,P-Usine_A-000429,100.025,50.018,25.016,-0.05,0.05,0.025,OK,NONE,AUTO-VIS-01
2023-10-26 15:46:14,P-Usine_A-000430,P-Usine_A-000430,100.008,50.017,25.0,-0.05,0.05,0.017,OK,NONE,AUTO-VIS-01
2023-10-26 15:49:13,P-Usine_A-000431,P-Usine_A-000431,100.005,50.005,24.997,-0.05,0.05,0.005,OK,NONE,AUTO-VIS-01
2023-10-26 15:48:14,P-Usine_A-000432,P-Usine_A-000432,100.008,49.992,24.972,-0.05,0.05,0.028,OK,NONE,AUTO-VIS-01
2023-10-26 15:55:04,P-Usine_A-000433,P-Usine_A-000433,99.952,50.001,24.989,-0.05,0.05,0.048,OK,NONE,AUTO-VIS-01
2023-10-26 15:52:35,P-Usine_A-000434,P-Usine_A-000434,99.968,50.009,24.995,-0.05,0.05,0.032,OK,NONE,AUTO-VIS-01
2023-10-26 15:49:07,P-Usine_A-000435,P-Usine_A-000435,100.004,50.02,24.986,-0.05,0.05,0.02,OK,NONE,AUTO-VIS-01
2023-10-26 15:55:35,P-Usine_A-000436,P-Usine_A-000436,99.991,49.965,25.008,-0.05,0.05,0.035,OK,NONE,AUTO-VIS-01
2023-10-26 15:55:52,P-Usine_A-000437,P-Usine_A-000437,100.006,49.991,25.013,-0.05,0.05,0.013,OK,NONE,AUTO-VIS-01
2023-10-26 16:00:00,P-Usine_A-000438,P-Usine_A-000438,100.016,50.014,25.003,-0.05,0.05,0.016,OK,NONE,AUTO-VIS-01
2023-10-26 15:54:49,P-Usine_A-000439,P-Usine_A-000439,99.996,49.994,24.999,-0.05,0.05,0.006,OK,NONE,AUTO-VIS-01
2023-10-26 16:03:24,P-Usine_A-000440,P-Usine_A-000440,100.001,49.995,24.983,-0.05,0.05,0.017,OK,NONE,AUTO-VIS-01
2023-10-26 16:04:47,P-Usine_A-000441,P-Usine_A-000441,99.96,49.995,25.014,-0.05,0.05,0.04,OK,NONE,AUTO-VIS-01
2023-10-26 15:56:13,P-Usine_A-000442,P-Usine_A-000442,99.983,50.004,24.982,-0.05,0.05,0.018,OK,NONE,AUTO-VIS-01
2023-10-26 16:04:27,P-Usine_A-000443,P-Usine_A-000443,100.001,50.018,24.984,-0.05,0.05,0.018,OK,NONE,AUTO-VIS-01
2023-10-26 15:58:42,,P-Usine_A-000444,100.04,50.017,24.99,-0.05,0.05,0.04,OK,NONE,AUTO-VIS-01
2023-10-26 16:07:52,P-Usine_A-000445,P-Usine_A-000445,100.02,50.021,25.0,-0.05,0.05,0.021,OK,NONE,AUTO-VIS-01
2023-10-26 16:08:40,P-Usine_A-000446,P-Usine_A-000446,100.0,49.983,24.97,-0.05,0.05,0.03,OK,NONE,AUTO-VIS-01
2023-10-26 16:01:04,P-Usine_A-000447,P-Usine_A-000447,99.977,50.006,24.995,-0.05,,0.023,OK,NONE,AUTO-VIS-01
2023-10-26 16:03:08,P-Usine_A-000448,P-Usine_A-000448,99.999,50.034,24.971,-0.05,0.05,0.034,OK,NONE,AUTO-VIS-01
2023-10-26 16:08:24,P-Usine_A-000449,P-Usine_A-000449,100.029,49.993,24.98,-0.05,0.05,0.029,OK,NONE,AUTO-VIS-01
2023-10-26 16:04:41,P-Usine_A-000450,P-Usine_A-000450,99.971,50.022,25.01,-0.05,0.05,0.029,OK,NONE,AUTO-VIS-01
2023-10-26 16:09:19,P-Usine_A-000451,P-Usine_A-000451,100.012,49.995,25.006,-0.05,0.05,0.012,OK,NONE,AUTO-VIS-01
2023-10-26 16:10:14,P-Usine_A-000452,P-Usine_A-000452,100.021,49.978,24.959,-0.05,0.05,0.041,OK,NONE,AUTO-VIS-01
2023-10-26 16:11:33,P-Usine_A-000453,P-Usine_A-000453,99.989,50.019,25.0,-0.05,0.05,0.019,OK,NONE,AUTO-VIS-01
2023-10-26 16:12:04,P-Usine_A-000454,P-Usine_A-000454,100.032,50.015,999.9,-0.05,0.05,0.045,OK,NONE,AUTO-VIS-01
2023-10-26 16:13:52,P-Usine_A-000455,P-Usine_A-000455,99.986,49.979,25.023,-0.05,0.05,0.023,OK,NONE,AUTO-VIS-01
2023-10-26 16:10:41,P-Usine_A-000456,P-Usine_A-000456,99.994,49.99,25.001,-0.05,0.05,0.01,OK,NONE,AUTO-VIS-01
2023-10-26 16:11:51,P-Usine_A-000457,P-Usine_A-000457,100.035,50.026,24.998,-0.05,0.05,0.035,OK,NONE,AUTO-VIS-01
2023-10-26 16:20:34,P-Usine_A-000458,P-Usine_A-000458,100.0,49.978,24.965,-0.05,0.05,0.035,OK,NONE,AUTO-VIS-01
2023-10-26 16:13:16,P-Usine_A-000459,P-Usine_A-000459,99.98,49.987,25.0,-0.05,0.05,0.02,OK,NONE,AUTO-VIS-01
2023-10-26 16:15:47,P-Usine_A-000460,P-Usine_A-000460,100.007,50.05,25.015,-0.05,0.05,0.05,OK,NONE,AUTO-VIS-01
2023-10-26 16:19:37,P-Usine_A-000461,P-Usine_A-000461,100.013,50.017,24.995,-0.05,0.05,0.017,OK,NONE,AUTO-VIS-01
2023-10-26 16:22:03,P-Usine_A-000462,P-Usine_A-000462,99.992,50.009,24.988,-0.05,0.05,0.012,OK,NONE,AUTO-VIS-01
2023-10-26 16:18:07,P-Usine_A-000463,P-Usine_A-000463,99.963,49.987,24.989,-0.05,0.05,0.037,OK,NONE,AUTO-VIS-01
2023-10-26 16:20:35,P-Usine_A-000464,P-Usine_A-000464,100.011,49.993,24.978,-0.05,0.05,0.022,OK,NONE,AUTO-VIS-01
2023-10-26 16:22:55,P-Usine_A-000465,P-Usine_A-000465,99.983,49.985,24.982,-0.05,0.05,0.018,OK,NONE,AUTO-VIS-01
2023-10-26 16:27:34,P-Usine_A-000466,P-Usine_A-000466,99.994,49.978,25.034,-0.05,0.05,0.034,OK,NONE,AUTO-VIS-01
2023-10-26 16:30:34,P-Usine_A-000467,P-Usine_A-000467,100.009,49.979,24.998,-0.05,0.05,0.021,OK,NONE,AUTO-VIS-01
2023-10-26 16:30:08,P-Usine_A-000468,P-Usine_A-000468,99.96,49.998,25.004,-0.05,0.05,0.04,OK,NONE,AUTO-VIS-01
2023-10-26 16:28:12,P-Usine_A-000469,P-Usine_A-000469,100.003,50.007,25.041,-0.05,0.05,0.041,OK,NONE,AUTO-VIS-01
2023-10-26 16:30:32,P-Usine_A-000470,P-Usine_A-000470,100.001,49.984,24.98,-0.05,0.05,0.02,OK,NONE,AUTO-VIS-01
2023-10-26 16:25:04,P-Usine_A-000471,P-Usine_A-000471,100.019,49.973,24.98,-0.05,0.05,0.027,OK,NONE,AUTO-VIS-01
2023-10-26 16:31:00,P-Usine_A-000472,P-Usine_A-000472,99.988,50.016,25.01,-0.05,0.05,0.016,OK,NONE,AUTO-VIS-01
2023-10-26 16:31:10,P-Usine_A-000473,P-Usine_A-000473,100.01,50.025,25.021,-0.05,0.05,0.025,OK,NONE,AUTO-VIS-01
2023-10-26 16:32:14,P-Usine_A-000474,P-Usine_A-000474,100.011,50.009,24.991,-0.05,0.05,0.011,OK,NONE,AUTO-VIS-01
2023-10-26 16:38:49,P-Usine_A-000475,P-Usine_A-000475,99.956,49.991,25.014,-0.05,0.05,0.044,OK,NONE,AUTO-VIS-01
2023-10-26 16:30:55,P-Usine_A-000476,P-Usine_A-000476,99.989,49.977,24.983,-0.05,0.05,0.023,OK,NONE,AUTO-VIS-01
2023-10-26 16:39:54,P-Usine_A-000477,P-Usine_A-000477,100.031,50.003,24.988,-0.05,0.05,0.031,OK,NONE,AUTO-VIS-01
2023-10-26 16:39:40,P-Usine_A-000478,P-Usine_A-000478,100.018,50.016,25.014,-0.05,0.05,0.018,OK,NONE,AUTO-VIS-01
2023-10-26 16:33:53,P-Usine_A-000479,P-Usine_A-000479,99.981,50.004,24.999,-0.05,0.05,0.019,OK,NONE,AUTO-VIS-01
2023-10-26 16:43:32,P-Usine_A-000480,P-Usine_A-000480,99.982,50.026,25.039,-0.05,0.05,0.039,OK,NONE,AUTO-VIS-01
2023-10-26 16:36:33,P-Usine_A-000481,P-Usine_A-000481,99.971,50.011,25.009,-0.05,0.05,0.029,OK,NONE,AUTO-VIS-01
2023-10-26 16:39:08,P-Usine_A-000482,P-Usine_A-000482,100.009,49.983,24.96,-0.05,0.05,0.04,OK,NONE,AUTO-VIS-01
2023-10-26 16:42:13,P-Usine_A-000483,P-Usine_A-000483,99.946,50.004,25.016,-0.05,0.05,0.054,OK,NONE,AUTO-VIS-01
2023-10-26 16:42:13,P-Usine_A-000483,P-Usine_A-000483,99.946,50.004,25.016,-0.05,0.05,0.054,OK,NONE,AUTO-VIS-01
2023-10-26 16:46:13,P-Usine_A-000484,P-Usine_A-000484,99.991,50.03,24.935,-0.05,0.05,0.065,OK,NONE,AUTO-VIS-01
2023-10-26 16:46:41,P-Usine_A-000485,P-Usine_A-000485,99.992,49.982,25.022,-0.05,0.05,0.022,OK,NONE,AUTO-VIS-01
2023-10-26 16:46:07,P-Usine_A-000486,P-Usine_A-000486,99.98,50.039,24.984,-0.05,0.05,0.039,OK,NONE,AUTO-VIS-01
2023-10-26 16:44:06,P-Usine_A-000487,P-Usine_A-000487,100.01,49.99,25.018,-0.05,0.05,0.018,OK,NONE,AUTO-VIS-01
2023-10-26 16:51:49,P-Usine_A-000488,P-Usine_A-000488,100.004,50.001,25.021,-0.05,0.05,0.021,OK,NONE,AUTO-VIS-01
2023-10-26 16:51:54,P-Usine_A-000489,P-Usine_A-000489,99.976,50.022,25.007,-0.05,0.05,0.024,OK,NONE,AUTO-VIS-01
2023-10-26 16:49:01,P-Usine_A-000490,P-Usine_A-000490,99.966,50.051,25.004,-0.05,0.05,0.051,OK,NONE,AUTO-VIS-01
2023-10-26 16:48:22,P-Usine_A-000491,P-Usine_A-000491,100.001,49.994,24.989,-0.05,0.05,0.011,OK,NONE,AUTO-VIS-01
2023-10-26 16:48:07,P-Usine_A-000492,P-Usine_A-000492,100.038,49.982,25.011,-0.05,0.05,0.038,OK,NONE,AUTO-VIS-01
2023-10-26 16:49:33,P-Usine_A-000493,P-Usine_A-000493,100.026,49.988,24.981,-0.05,0.05,0.026,OK,NONE,AUTO-VIS-01
2023-10-26 16:54:34,P-Usine_A-000494,P-Usine_A-000494,100.029,50.012,25.013,-0.05,0.05,0.029,OK,NONE,AUTO-VIS-01
2023-10-26 16:56:23,P-Usine_A-000495,P-Usine_A-000495,99.997,50.01,24.965,-0.05,0.05,0.035,OK,NONE,AUTO-VIS-01
2023-10-26 16:52:57,P-Usine_A-000496,P-Usine_A-000496,100.032,50.024,24.983,-0.05,0.05,0.032,OK,NONE,AUTO-VIS-01
2023-10-26 16:52:21,P-Usine_A-000497,P-Usine_A-000497,100.007,49.97,25.011,-0.05,0.05,0.03,OK,NONE,AUTO-VIS-01
2023-10-26 16:52:21,P-Usine_A-000497,P-Usine_A-000497,100.007,49.97,25.011,-0.05,0.05,0.03,OK,NONE,AUTO-VIS-01
2023-10-26 16:54:56,P-Usine_A-000498,P-Usine_A-000498,100.0,50.02,24.986,-0.05,0.05,0.02,OK,NONE,AUTO-VIS-01
2023-10-26 16:56:59,P-Usine_A-000499,P-Usine_A-000499,99.993,50.028,25.024,-0.05,0.05,0.028,OK,NONE,AUTO-VIS-01
2023-10-26 16:59:07,P-Usine_A-000500,P-Usine_A-000500,100.008,50.014,25.026,-0.05,0.05,0.026,OK,NONE,AUTO-VIS-01
2023-10-26 16:58:41,P-Usine_A-000501,P-Usine_A-000501,99.989,50.022,25.029,-0.05,0.05,0.029,OK,NONE,AUTO-VIS-01
2023-10-26 17:02:53,P-Usine_A-000502,P-Usine_A-000502,99.99,49.995,25.027,-0.05,0.05,0.027,OK,NONE,AUTO-VIS-01
2023-10-26 16:58:04,P-Usine_A-000503,P-Usine_A-000503,99.995,49.991,25.009,-0.05,0.05,0.009,OK,NONE,AUTO-VIS-01
2023-10-26 17:01:59,P-Usine_A-000504,P-Usine_A-000504,99.996,50.001,24.96,-0.05,0.05,0.04,OK,NONE,AUTO-VIS-01
2023-10-26 17:02:40,P-Usine_A-000505,,99.997,50.012,25.025,-0.05,0.05,0.025,OK,NONE,AUTO-VIS-01
2023-10-26 17:09:26,P-Usine_A-000506,P-Usine_A-000506,100.002,49.997,24.981,-0.05,0.05,0.019,OK,NONE,AUTO-VIS-01
2023-10-26 17:11:46,P-Usine_A-000507,P-Usine_A-000507,99.958,49.943,24.997,-0.05,0.05,0.057,OK,NONE,AUTO-VIS-01
2023-10-26 17:07:44,P-Usine_A-000508,P-Usine_A-000508,100.011,49.982,24.984,-0.05,0.05,0.018,OK,NONE,AUTO-VIS-01
2023-10-26 17:07:44,P-Usine_A-000508,P-Usine_A-000508,100.011,49.982,24.984,-0.05,0.05,0.018,OK,NONE,AUTO-VIS-01
2023-10-26 17:05:32,P-Usine_A-000509,P-Usine_A-000509,100.034,49.963,24.992,-0.05,0.05,0.037,OK,NONE,AUTO-VIS-01
2023-10-26 17:06:03,P-Usine_A-000510,P-Usine_A-000510,99.979,49.992,25.022,-0.05,0.05,0.022,OK,NONE,AUTO-VIS-01
2023-10-26 17:10:47,P-Usine_A-000511,P-Usine_A-000511,99.972,49.961,25.01,-0.05,0.05,0.039,OK,NONE,AUTO-VIS-01
2023-10-26 17:13:18,P-Usine_A-000512,P-Usine_A-000512,99.994,50.002,24.988,-0.05,0.05,0.012,OK,NONE,AUTO-VIS-01
2023-10-26 17:10:23,P-Usine_A-000513,P-Usine_A-000513,99.987,50.034,24.983,-0.05,0.05,0.034,OK,NONE,AUTO-VIS-01
2023-10-26 17:12:01,P-Usine_A-000514,P-Usine_A-000514,99.964,49.998,25.041,-0.05,0.05,0.041,OK,NONE,AUTO-VIS-01
2023-10-26 17:13:58,P-Usine_A-000515,P-Usine_A-000515,100.016,50.012,24.96,-0.05,0.05,0.04,OK,NONE,AUTO-VIS-01
2023-10-26 17:20:15,P-Usine_A-000516,P-Usine_A-000516,100.024,50.032,25.015,-0.05,0.05,0.032,OK,NONE,AUTO-VIS-01
2023-10-26 17:14:54,P-Usine_A-000517,P-Usine_A-000517,99.996,49.987,25.003,-0.05,0.05,0.013,OK,NONE,AUTO-VIS-01
2023-10-26 17:15:43,P-Usine_A-000518,P-Usine_A-000518,100.036,50.001,24.981,-0.05,0.05,0.036,OK,NONE,AUTO-VIS-01
2023-10-26 17:19:05,P-Usine_A-000519,P-Usine_A-000519,100.002,49.974,25.032,-0.05,0.05,0.032,OK,NONE,AUTO-VIS-01
2023-10-26 17:24:19,P-Usine_A-000520,P-Usine_A-000520,99.996,49.977,25.036,-0.05,0.05,0.036,OK,NONE,AUTO-VIS-01
2023-10-26 17:15:57,P-Usine_A-000521,P-Usine_A-000521,99.96,49.999,25.008,-0.05,0.05,0.04,OK,NONE,AUTO-VIS-01
2023-10-26 17:18:49,P-Usine_A-000522,P-Usine_A-000522,99.992,50.008,25.001,-0.05,0.05,0.008,OK,NONE,AUTO-VIS-01
2023-10-26 17:19:33,P-Usine_A-000523,P-Usine_A-000523,100.028,50.004,25.011,-0.05,0.05,0.028,OK,NONE,AUTO-VIS-01
2023-10-26 17:27:14,P-Usine_A-000524,P-Usine_A-000524,99.981,49.943,25.026,-0.05,0.05,0.057,OK,NONE,AUTO-VIS-01
2023-10-26 17:24:47,P-Usine_A-000525,P-Usine_A-000525,99.983,50.027,25.001,-0.05,0.05,0.027,OK,NONE,AUTO-VIS-01
2023-10-26 17:26:44,P-Usine_A-000526,P-Usine_A-000526,99.948,50.018,25.014,-0.05,0.05,0.052,OK,NONE,AUTO-VIS-01
2023-10-26 17:30:58,P-Usine_A-000527,P-Usine_A-000527,99.989,50.006,25.037,-0.05,0.05,0.037,OK,NONE,AUTO-VIS-01
2023-10-26 17:28:05,P-Usine_A-000528,P-Usine_A-000528,99.988,50.015,24.987,-0.05,0.05,0.015,OK,NONE,AUTO-VIS-01
2023-10-26 17:24:05,P-Usine_A-000529,P-Usine_A-000529,99.99,50.018,25.015,-0.05,0.05,0.018,OK,NONE,
2023-10-26 17:26:23,P-Usine_A-000530,P-Usine_A-000530,100.031,49.987,24.993,-0.05,0.05,0.031,OK,NONE,AUTO-VIS-01
2023-10-26 17:32:07,P-Usine_A-000531,P-Usine_A-000531,100.002,49.972,24.986,-0.05,0.05,0.028,OK,NONE,AUTO-VIS-01
2023-10-26 17:28:26,P-Usine_A-000532,P-Usine_A-000532,99.981,49.991,25.003,-0.05,0.05,0.019,OK,NONE,AUTO-VIS-01
2023-10-26 17:29:05,P-Usine_A-000533,P-Usine_A-000533,100.035,49.998,24.996,-0.05,0.05,0.035,OK,NONE,AUTO-VIS-01
2023-10-26 17:30:15,P-Usine_A-000534,P-Usine_A-000534,99.98,49.992,25.028,-0.05,0.05,0.028,OK,NONE,AUTO-VIS-01
2023-10-26 17:36:33,P-Usine_A-000535,P-Usine_A-000535,100.028,50.01,24.977,-0.05,0.05,0.028,OK,NONE,AUTO-VIS-01
2023-10-26 17:37:42,P-Usine_A-000536,P-Usine_A-000536,100.007,50.015,25.005,-0.05,0.05,0.015,OK,NONE,AUTO-VIS-01
2023-10-26 17:35:28,P-Usine_A-000537,P-Usine_A-000537,100.001,49.984,25.024,-0.05,0.05,0.024,OK,NONE,AUTO-VIS-01
2023-10-26 17:37:45,P-Usine_A-000538,P-Usine_A-000538,100.024,49.987,25.031,-0.05,0.05,0.031,OK,NONE,AUTO-VIS-01
2023-10-26 17:36:06,P-Usine_A-000539,P-Usine_A-000539,100.012,50.0,24.97,-0.05,0.05,0.03,OK,NONE,AUTO-VIS-01
2023-10-26 17:40:39,P-Usine_A-000540,P-Usine_A-000540,99.986,50.008,24.993,-0.05,0.05,0.014,OK,NONE,AUTO-VIS-01
2023-10-26 17:38:15,P-Usine_A-000541,P-Usine_A-000541,100.017,50.012,25.018,-0.05,0.05,0.018,OK,NONE,AUTO-VIS-01
2023-10-26 17:46:19,P-Usine_A-000542,P-Usine_A-000542,100.009,49.972,24.984,-0.05,0.05,0.028,OK,NONE,AUTO-VIS-01
2023-10-26 17:44:40,P-Usine_A-000543,P-Usine_A-000543,100.016,50.0,24.98,-0.05,0.05,0.02,OK,NONE,AUTO-VIS-01
2023-10-26 17:40:53,P-Usine_A-000544,P-Usine_A-000544,100.01,49.988,25.005,-0.05,0.05,0.012,OK,NONE,AUTO-VIS-01
2023-10-26 17:39:32,P-Usine_A-000545,P-Usine_A-000545,99.999,50.042,25.005,-0.05,0.05,0.042,OK,NONE,AUTO-VIS-01
2023-10-26 17:46:59,P-Usine_A-000546,P-Usine_A-000546,100.019,49.986,24.998,-0.05,0.05,0.019,OK,NONE,AUTO-VIS-01
2023-10-26 17:44:52,P-Usine_A-000547,P-Usine_A-000547,100.003,50.019,24.973,-0.05,0.05,0.027,OK,NONE,AUTO-VIS-01
2023-10-26 17:47:09,P-Usine_A-000548,P-Usine_A-000548,100.058,49.97,25.003,-0.05,0.05,0.058,OK,NONE,AUTO-VIS-01
2023-10-26 17:51:18,P-Usine_A-000549,P-Usine_A-000549,100.046,49.981,24.956,-0.05,0.05,0.046,OK,NONE,AUTO-VIS-01
2023-10-26 17:52:36,P-Usine_A-000550,P-Usine_A-000550,99.991,50.038,24.986,-0.05,0.05,0.038,OK,NONE,AUTO-VIS-01
2023-10-26 17:50:26,P-Usine_A-000551,P-Usine_A-000551,100.03,50.006,25.014,-0.05,0.05,0.03,OK,NONE,AUTO-VIS-01
2023-10-26 17:48:02,P-Usine_A-000552,P-Usine_A-000552,99.949,50.0,25.02,-0.05,0.05,0.051,OK,NONE,AUTO-VIS-01
2023-10-26 17:47:36,P-Usine_A-000553,P-Usine_A-000553,100.009,50.004,24.957,-0.05,0.05,0.043,OK,NONE,AUTO-VIS-01
2023-10-26 17:47:36,P-Usine_A-000553,P-Usine_A-000553,100.009,50.004,24.957,-0.05,0.05,0.043,OK,NONE,AUTO-VIS-01
2023-10-26 17:52:31,P-Usine_A-000554,P-Usine_A-000554,100.004,49.994,25.011,-0.05,0.05,0.011,OK,NONE,AUTO-VIS-01
2023-10-26 17:57:14,P-Usine_A-000555,P-Usine_A-000555,100.033,49.996,24.989,-0.05,0.05,0.033,OK,NONE,AUTO-VIS-01
2023-10-26 17:51:22,P-Usine_A-000556,P-Usine_A-000556,100.022,50.026,24.997,-0.05,0.05,0.026,OK,NONE,AUTO-VIS-01
2023-10-26 17:52:12,P-Usine_A-000557,P-Usine_A-000557,100.025,50.049,25.0,-0.05,0.05,0.049,OK,NONE,AUTO-VIS-01
2023-10-26 17:57:26,P-Usine_A-000558,P-Usine_A-000558,100.035,49.966,25.014,-0.05,999.9,0.035,OK,NONE,AUTO-VIS-01
2023-10-26 17:55:54,P-Usine_A-000559,P-Usine_A-000559,100.02,49.994,24.997,-0.05,0.05,0.02,OK,NONE,AUTO-VIS-01
2023-10-26 17:56:37,P-Usine_A-000560,P-Usine_A-000560,99.995,49.974,24.984,-0.05,0.05,0.026,OK,NONE,AUTO-VIS-01
2023-10-26 18:01:59,P-Usine_A-000561,P-Usine_A-000561,99.996,50.014,25.028,-0.05,0.05,0.028,OK,NONE,AUTO-VIS-01
2023-10-26 17:58:04,P-Usine_A-000562,P-Usine_A-000562,99.978,50.007,24.99,-0.05,0.05,0.022,OK,NONE,AUTO-VIS-01
2023-10-26 18:01:07,P-Usine_A-000563,P-Usine_A-000563,99.994,49.959,25.024,-0.05,0.05,0.041,OK,NONE,AUTO-VIS-01
2023-10-26 18:03:45,P-Usine_A-000564,P-Usine_A-000564,99.988,50.0,24.975,-0.05,0.05,0.025,OK,NONE,AUTO-VIS-01
2023-10-26 18:08:53,P-Usine_A-000565,P-Usine_A-000565,100.015,50.01,25.005,-0.05,0.05,0.015,OK,NONE,AUTO-VIS-01
2023-10-26 18:06:22,P-Usine_A-000566,P-Usine_A-000566,99.999,49.995,25.005,-0.05,0.05,0.005,OK,NONE,AUTO-VIS-01
2023-10-26 18:08:12,P-Usine_A-000567,P-Usine_A-000567,99.997,49.983,24.97,-0.05,0.05,0.03,OK,NONE,AUTO-VIS-01
2023-10-26 18:08:08,P-Usine_A-000568,P-Usine_A-000568,99.968,49.973,24.974,-0.05,0.05,0.032,OK,NONE,AUTO-VIS-01
2023-10-26 18:10:52,P-Usine_A-000569,P-Usine_A-000569,99.97,49.991,24.978,-0.05,0.05,0.03,OK,NONE,AUTO-VIS-01
2023-10-26 18:08:09,P-Usine_A-000570,P-Usine_A-000570,99.997,49.99,24.993,-0.05,0.05,0.01,OK,NONE,AUTO-VIS-01
2023-10-26 18:12:12,P-Usine_A-000571,P-Usine_A-000571,99.994,49.982,25.007,-0.05,0.05,0.018,OK,NONE,AUTO-VIS-01
2023-10-26 18:16:27,P-Usine_A-000572,P-Usine_A-000572,100.009,50.017,24.996,-0.05,0.05,0.017,OK,NONE,AUTO-VIS-01
2023-10-26 18:08:45,P-Usine_A-000573,P-Usine_A-000573,100.019,49.996,25.028,-0.05,0.05,0.028,OK,NONE,AUTO-VIS-01
2023-10-26 18:13:44,P-Usine_A-000574,P-Usine_A-000574,99.996,50.008,24.997,-0.05,0.05,0.008,OK,NONE,AUTO-VIS-01
2023-10-26 18:17:49,P-Usine_A-000575,P-Usine_A-000575,99.998,49.995,24.957,-0.05,0.05,0.043,OK,NONE,AUTO-VIS-01
2023-10-26 18:13:03,P-Usine_A-000576,P-Usine_A-000576,100.002,50.013,25.002,-0.05,0.05,0.013,OK,NONE,AUTO-VIS-01
2023-10-26 18:13:31,P-Usine_A-000577,P-Usine_A-000577,99.972,50.04,24.985,-0.05,0.05,0.04,OK,NONE,AUTO-VIS-01
2023-10-26 18:18:44,P-Usine_A-000578,P-Usine_A-000578,100.036,49.962,24.991,-0.05,0.05,0.038,OK,NONE,AUTO-VIS-01
2023-10-26 18:21:40,P-Usine_A-000579,P-Usine_A-000579,100.008,49.994,24.988,-0.05,0.05,0.012,OK,NONE,AUTO-VIS-01
2023-10-26 18:20:28,P-Usine_A-000580,P-Usine_A-000580,100.043,49.988,24.999,-0.05,0.05,0.043,OK,NONE,AUTO-VIS-01
2023-10-26 18:21:56,P-Usine_A-000581,P-Usine_A-000581,100.006,50.007,25.009,-0.05,0.05,0.009,OK,NONE,AUTO-VIS-01
2023-10-26 18:21:56,P-Usine_A-000581,P-Usine_A-000581,100.006,50.007,25.009,-0.05,0.05,0.009,OK,NONE,AUTO-VIS-01
2023-10-26 18:21:52,P-Usine_A-000582,P-Usine_A-000582,99.965,49.989,25.015,-0.05,0.05,0.035,OK,NONE,AUTO-VIS-01
2023-10-26 18:21:36,P-Usine_A-000583,P-Usine_A-000583,100.02,49.978,25.028,-0.05,0.05,0.028,OK,NONE,AUTO-VIS-01
2023-10-26 18:26:31,P-Usine_A-000584,P-Usine_A-000584,100.007,49.985,25.007,-0.05,0.05,0.015,OK,NONE,AUTO-VIS-01
2023-10-26 18:21:19,P-Usine_A-000585,P-Usine_A-000585,100.043,49.991,25.005,-0.05,0.05,0.043,OK,NONE,AUTO-VIS-01
2023-10-26 18:22:39,P-Usine_A-000586,P-Usine_A-000586,100.032,50.022,25.014,-0.05,0.05,0.032,OK,NONE,AUTO-VIS-01
2023-10-26 18:22:39,P-Usine_A-000586,P-Usine_A-000586,100.032,50.022,25.014,-0.05,0.05,0.032,OK,NONE,AUTO-VIS-01
2023-10-26 18:27:39,P-Usine_A-000587,P-Usine_A-000587,100.002,50.017,25.022,-0.05,0.05,0.022,OK,NONE,AUTO-VIS-01
2023-10-26 18:23:27,P-Usine_A-000588,P-Usine_A-000588,100.015,49.988,25.015,-0.05,0.05,0.015,OK,NONE,AUTO-VIS-01
2023-10-26 18:28:33,P-Usine_A-000589,P-Usine_A-000589,100.006,49.998,25.02,-0.05,0.05,0.02,OK,NONE,AUTO-VIS-01
2023-10-26 18:29:26,P-Usine_A-000590,P-Usine_A-000590,99.987,49.985,24.979,-0.05,0.05,0.021,OK,NONE,AUTO-VIS-01
2023-10-26 18:27:36,P-Usine_A-000591,P-Usine_A-000591,100.038,50.017,24.989,-0.05,0.05,0.038,OK,NONE,AUTO-VIS-01
2023-10-26 18:36:10,P-Usine_A-000592,P-Usine_A-000592,99.972,50.001,24.998,-0.05,0.05,0.028,OK,NONE,AUTO-VIS-01
2023-10-26 18:31:11,P-Usine_A-000593,P-Usine_A-000593,99.993,49.969,24.999,-0.05,0.05,0.031,OK,NONE,AUTO-VIS-01
2023-10-26 18:28:53,P-Usine_A-000594,P-Usine_A-000594,99.993,50.011,25.05,-0.05,0.05,0.05,OK,999.9,AUTO-VIS-01
2023-10-26 18:33:27,P-Usine_A-000595,P-Usine_A-000595,99.987,50.037,24.999,-0.05,0.05,0.037,OK,NONE,AUTO-VIS-01
2023-10-26 18:36:55,P-Usine_A-000596,P-Usine_A-000596,99.994,49.967,24.996,-0.05,0.05,0.033,OK,NONE,AUTO-VIS-01
2023-10-26 18:34:57,P-Usine_A-000597,P-Usine_A-000597,100.015,50.025,24.983,-0.05,0.05,0.025,OK,NONE,AUTO-VIS-01
2023-10-26 18:41:55,P-Usine_A-000598,P-Usine_A-000598,100.01,50.007,24.962,-0.05,0.05,0.038,OK,NONE,AUTO-VIS-01
2023-10-26 18:43:05,P-Usine_A-000599,P-Usine_A-000599,99.988,49.989,24.999,-0.05,0.05,0.012,OK,NONE,AUTO-VIS-01
2023-10-26 18:44:29,P-Usine_A-000600,P-Usine_A-000600,100.004,49.974,25.021,-0.05,0.05,0.026,OK,NONE,AUTO-VIS-01
2023-10-26 18:43:04,P-Usine_A-000601,P-Usine_A-000601,99.999,49.979,25.057,-0.05,0.05,0.057,OK,NONE,AUTO-VIS-01
2023-10-26 18:45:38,P-Usine_A-000602,P-Usine_A-000602,99.998,50.013,24.995,-0.05,0.05,0.013,OK,NONE,AUTO-VIS-01
2023-10-26 18:43:59,P-Usine_A-000603,P-Usine_A-000603,100.018,50.009,24.966,-0.05,0.05,0.034,OK,NONE,AUTO-VIS-01
2023-10-26 18:40:54,P-Usine_A-000604,P-Usine_A-000604,99.987,50.001,24.975,-0.05,0.05,0.025,OK,NONE,AUTO-VIS-01
2023-10-26 18:42:26,P-Usine_A-000605,P-Usine_A-000605,99.963,49.953,25.005,-0.05,0.05,0.047,OK,NONE,AUTO-VIS-01
2023-10-26 18:43:20,P-Usine_A-000606,P-Usine_A-000606,99.983,49.998,24.99,-0.05,,0.017,OK,NONE,AUTO-VIS-01
2023-10-26 18:45:32,P-Usine_A-000607,P-Usine_A-000607,100.007,49.998,24.976,-0.05,0.05,0.024,OK,NONE,AUTO-VIS-01
2023-10-26 18:52:03,P-Usine_A-000608,P-Usine_A-000608,100.016,49.991,24.988,-0.05,0.05,0.016,OK,NONE,AUTO-VIS-01
2023-10-26 18:53:11,P-Usine_A-000609,P-Usine_A-000609,100.003,50.005,24.999,-0.05,0.05,0.005,OK,NONE,AUTO-VIS-01
2023-10-26 18:52:16,P-Usine_A-000610,P-Usine_A-000610,99.991,49.969,25.021,-0.05,0.05,0.031,OK,NONE,AUTO-VIS-01
2023-10-26 18:49:34,P-Usine_A-000611,P-Usine_A-000611,100.016,50.01,24.999,-0.05,0.05,0.016,OK,NONE,AUTO-VIS-01
2023-10-26 18:53:49,P-Usine_A-000612,P-Usine_A-000612,100.003,50.0,24.975,-0.05,0.05,0.025,OK,NONE,AUTO-VIS-01
2023-10-26 18:48:17,P-Usine_A-000613,P-Usine_A-000613,100.029,49.997,24.989,-0.05,0.05,0.029,OK,NONE,AUTO-VIS-01
2023-10-26 18:56:36,P-Usine_A-000614,P-Usine_A-000614,100.005,50.005,25.004,-0.05,0.05,0.005,OK,NONE,AUTO-VIS-01
2023-10-26 18:56:36,P-Usine_A-000614,P-Usine_A-000614,100.005,50.005,25.004,-0.05,0.05,0.005,OK,NONE,AUTO-VIS-01
2023-10-26 18:50:36,P-Usine_A-000615,P-Usine_A-000615,100.015,49.994,24.985,-0.05,0.05,0.015,OK,NONE,AUTO-VIS-01
2023-10-26 18:59:43,P-Usine_A-000616,P-Usine_A-000616,100.014,50.038,25.01,-0.05,0.05,0.038,OK,NONE,AUTO-VIS-01
2023-10-26 19:00:15,P-Usine_A-000617,P-Usine_A-000617,100.0,50.027,25.008,-0.05,0.05,0.027,OK,,AUTO-VIS-01
2023-10-26 18:57:37,P-Usine_A-000618,P-Usine_A-000618,100.025,49.984,25.001,-0.05,0.05,0.025,OK,NONE,AUTO-VIS-01
2023-10-26 18:58:00,P-Usine_A-000619,P-Usine_A-000619,100.03,50.019,25.013,-0.05,0.05,0.03,OK,NONE,AUTO-VIS-01
2023-10-26 18:56:25,P-Usine_A-000620,P-Usine_A-000620,99.979,49.987,25.02,-0.05,0.05,0.021,OK,NONE,AUTO-VIS-01
2023-10-26 18:59:57,P-Usine_A-000621,P-Usine_A-000621,100.008,50.029,24.986,-0.05,0.05,0.029,OK,NONE,AUTO-VIS-01
2023-10-26 18:56:44,P-Usine_A-000622,P-Usine_A-000622,100.022,50.046,24.987,-0.05,0.05,0.046,OK,NONE,AUTO-VIS-01
2023-10-26 18:59:57,P-Usine_A-000623,P-Usine_A-000623,99.978,50.016,25.0,-0.05,0.05,0.022,OK,999.9,AUTO-VIS-01
2023-10-26 19:04:36,P-Usine_A-000624,P-Usine_A-000624,99.97,49.998,24.993,-0.05,0.05,0.03,OK,NONE,AUTO-VIS-01
2023-10-26 18:59:47,P-Usine_A-000625,P-Usine_A-000625,99.965,49.991,25.009,-0.05,0.05,0.035,OK,NONE,AUTO-VIS-01
2023-10-26 19:07:30,P-Usine_A-000626,P-Usine_A-000626,100.009,49.998,25.031,-0.05,0.05,,OK,NONE,AUTO-VIS-01
2023-10-26 19:02:40,P-Usine_A-000627,P-Usine_A-000627,100.027,50.01,25.034,-0.05,0.05,0.034,OK,NONE,AUTO-VIS-01
2023-10-26 19:02:35,P-Usine_A-000628,P-Usine_A-000628,100.039,50.001,24.977,-0.05,0.05,0.039,OK,NONE,AUTO-VIS-01
2023-10-26 19:05:53,P-Usine_A-000629,P-Usine_A-000629,99.98,49.991,25.007,-0.05,0.05,0.02,OK,NONE,AUTO-VIS-01
2023-10-26 19:07:11,,P-Usine_A-000630,100.003,49.993,24.985,-0.05,0.05,0.015,OK,NONE,AUTO-VIS-01
2023-10-26 19:12:45,P-Usine_A-000631,P-Usine_A-000631,100.065,49.997,24.973,-0.05,0.05,0.065,OK,NONE,AUTO-VIS-01
2023-10-26 19:08:09,P-Usine_A-000632,P-Usine_A-000632,99.94,50.021,25.001,-0.05,0.05,0.06,OK,NONE,AUTO-VIS-01
2023-10-26 19:13:01,P-Usine_A-000633,P-Usine_A-000633,100.021,50.007,24.959,-0.05,0.05,0.041,OK,NONE,AUTO-VIS-01
2023-10-26 19:14:13,P-Usine_A-000634,P-Usine_A-000634,100.005,50.001,24.999,-0.05,0.05,0.005,OK,NONE,AUTO-VIS-01
2023-10-26 19:14:48,P-Usine_A-000635,P-Usine_A-000635,99.984,49.996,25.029,-0.05,0.05,0.029,OK,NONE,AUTO-VIS-01
2023-10-26 19:13:49,P-Usine_A-000636,P-Usine_A-000636,99.998,50.031,25.002,-0.05,0.05,0.031,OK,NONE,AUTO-VIS-01
2023-10-26 19:17:56,P-Usine_A-000637,P-Usine_A-000637,99.992,49.996,25.012,-0.05,0.05,0.012,OK,NONE,AUTO-VIS-01
2023-10-26 19:16:28,P-Usine_A-000638,P-Usine_A-000638,99.983,50.017,24.991,-0.05,0.05,0.017,OK,NONE,AUTO-VIS-01
2023-10-26 19:16:28,P-Usine_A-000638,P-Usine_A-000638,99.983,50.017,24.991,-0.05,0.05,0.017,OK,NONE,AUTO-VIS-01
2023-10-26 19:16:39,P-Usine_A-000639,P-Usine_A-000639,99.999,50.028,24.973,-0.05,0.05,0.028,OK,NONE,AUTO-VIS-01
2023-10-26 19:20:31,P-Usine_A-000640,P-Usine_A-000640,100.001,49.999,25.022,-0.05,0.05,0.022,OK,NONE,AUTO-VIS-01
2023-10-26 19:18:41,P-Usine_A-000641,P-Usine_A-000641,99.972,50.018,25.005,-0.05,0.05,0.028,OK,NONE,AUTO-VIS-01
2023-10-26 19:18:47,P-Usine_A-000642,P-Usine_A-000642,99.984,49.999,24.974,-0.05,0.05,0.026,OK,999.9,AUTO-VIS-01
2023-10-26 19:22:12,P-Usine_A-000643,P-Usine_A-000643,100.022,50.0,24.975,-0.05,0.05,0.025,OK,NONE,AUTO-VIS-01
2023-10-26 19:28:02,P-Usine_A-000644,P-Usine_A-000644,99.979,50.005,25.015,-0.05,0.05,0.021,OK,NONE,AUTO-VIS-01
2023-10-26 19:26:25,P-Usine_A-000645,P-Usine_A-000645,99.971,49.978,25.001,-0.05,0.05,0.029,OK,NONE,AUTO-VIS-01
2023-10-26 19:27:17,P-Usine_A-000646,P-Usine_A-000646,99.999,49.997,25.009,-0.05,0.05,0.009,OK,NONE,AUTO-VIS-01
2023-10-26 19:24:31,P-Usine_A-000647,P-Usine_A-000647,99.983,49.996,24.992,-0.05,0.05,0.017,OK,NONE,AUTO-VIS-01
2023-10-26 19:29:45,P-Usine_A-000648,P-Usine_A-000648,99.982,49.988,24.993,-0.05,0.05,0.018,OK,NONE,AUTO-VIS-01
2023-10-26 19:27:06,P-Usine_A-000649,P-Usine_A-000649,99.976,49.979,25.013,-0.05,0.05,0.024,OK,NONE,AUTO-VIS-01
2023-10-26 19:27:07,P-Usine_A-000650,P-Usine_A-000650,99.983,49.964,24.994,-0.05,0.05,0.036,OK,NONE,AUTO-VIS-01
2023-10-26 19:29:38,P-Usine_A-000651,P-Usine_A-000651,100.004,49.997,24.981,-0.05,0.05,0.019,OK,NONE,AUTO-VIS-01
2023-10-26 19:37:42,P-Usine_A-000652,P-Usine_A-000652,100.016,50.004,25.011,-0.05,0.05,0.016,OK,NONE,AUTO-VIS-01
2023-10-26 19:37:42,P-Usine_A-000652,P-Usine_A-000652,100.016,50.004,25.011,-0.05,0.05,0.016,OK,NONE,AUTO-VIS-01
2023-10-26 19:33:52,P-Usine_A-000653,P-Usine_A-000653,99.982,49.953,24.982,-0.05,0.05,0.047,OK,NONE,AUTO-VIS-01
2023-10-26 19:39:00,P-Usine_A-000654,P-Usine_A-000654,100.001,49.997,24.98,-0.05,0.05,0.02,OK,NONE,AUTO-VIS-01
2023-10-26 19:31:40,P-Usine_A-000655,P-Usine_A-000655,100.014,49.98,25.015,-0.05,0.05,0.02,OK,NONE,AUTO-VIS-01
2023-10-26 19:40:21,P-Usine_A-000656,P-Usine_A-000656,100.009,49.992,25.015,-0.05,0.05,0.015,OK,NONE,AUTO-VIS-01
2023-10-26 19:41:30,P-Usine_A-000657,P-Usine_A-000657,100.011,49.965,24.977,-0.05,0.05,0.035,OK,NONE,AUTO-VIS-01
2023-10-26 19:43:44,P-Usine_A-000658,P-Usine_A-000658,100.017,49.991,25.003,-0.05,0.05,0.017,OK,NONE,AUTO-VIS-01
2023-10-26 19:43:40,P-Usine_A-000659,P-Usine_A-000659,100.004,50.005,25.031,-0.05,0.05,0.031,OK,NONE,
2023-10-26 19:39:28,P-Usine_A-000660,P-Usine_A-000660,100.013,50.011,25.024,-0.05,0.05,0.024,OK,NONE,AUTO-VIS-01
2023-10-26 19:42:45,P-Usine_A-000661,P-Usine_A-000661,99.994,49.994,24.988,-0.05,0.05,0.012,OK,NONE,AUTO-VIS-01
2023-10-26 19:38:57,P-Usine_A-000662,P-Usine_A-000662,99.987,49.973,24.989,-0.05,0.05,0.027,OK,NONE,AUTO-VIS-01
2023-10-26 19:47:37,P-Usine_A-000663,P-Usine_A-000663,100.006,49.998,24.98,-0.05,0.05,0.02,OK,NONE,AUTO-VIS-01
2023-10-26 19:43:55,P-Usine_A-000664,P-Usine_A-000664,100.009,50.0,24.961,-0.05,0.05,0.039,OK,NONE,AUTO-VIS-01
2023-10-26 19:48:00,P-Usine_A-000665,P-Usine_A-000665,100.013,49.992,24.992,-0.05,0.05,0.013,OK,NONE,AUTO-VIS-01
2023-10-26 19:46:31,P-Usine_A-000666,P-Usine_A-000666,99.998,49.98,24.969,-0.05,0.05,0.031,OK,NONE,AUTO-VIS-01
2023-10-26 19:46:31,P-Usine_A-000666,P-Usine_A-000666,99.998,49.98,24.969,-0.05,0.05,0.031,OK,NONE,AUTO-VIS-01
2023-10-26 19:50:32,P-Usine_A-000667,P-Usine_A-000667,100.012,50.005,24.988,-0.05,0.05,0.012,OK,NONE,AUTO-VIS-01
2023-10-26 19:51:00,P-Usine_A-000668,P-Usine_A-000668,99.984,49.993,25.003,-0.05,0.05,0.016,999.9,NONE,AUTO-VIS-01
2023-10-26 19:52:06,P-Usine_A-000669,P-Usine_A-000669,99.997,50.012,25.004,-0.05,0.05,0.012,OK,NONE,AUTO-VIS-01
2023-10-26 19:55:32,P-Usine_A-000670,P-Usine_A-000670,100.025,49.977,24.994,-0.05,0.05,0.025,OK,NONE,AUTO-VIS-01
2023-10-26 19:55:32,P-Usine_A-000670,P-Usine_A-000670,100.025,49.977,24.994,-0.05,0.05,0.025,OK,NONE,AUTO-VIS-01
2023-10-26 19:51:02,P-Usine_A-000671,P-Usine_A-000671,100.041,49.996,25.025,-0.05,0.05,0.041,OK,NONE,AUTO-VIS-01
2023-10-26 19:50:44,P-Usine_A-000672,P-Usine_A-000672,99.988,50.024,24.991,-0.05,0.05,0.024,OK,NONE,AUTO-VIS-01
2023-10-26 19:53:22,P-Usine_A-000673,P-Usine_A-000673,100.009,49.994,24.971,-0.05,0.05,0.029,OK,NONE,AUTO-VIS-01
2023-10-26 19:58:56,P-Usine_A-000674,P-Usine_A-000674,100.012,50.007,24.979,-0.05,0.05,0.021,OK,NONE,AUTO-VIS-01
2023-10-26 20:00:19,P-Usine_A-000675,P-Usine_A-000675,99.992,50.034,25.021,-0.05,0.05,0.034,OK,NONE,AUTO-VIS-01
2023-10-26 19:54:56,P-Usine_A-000676,P-Usine_A-000676,100.01,49.972,25.015,-0.05,0.05,0.028,OK,NONE,AUTO-VIS-01
2023-10-26 19:55:50,P-Usine_A-000677,P-Usine_A-000677,100.025,49.978,24.995,-0.05,0.05,0.025,OK,NONE,AUTO-VIS-01
2023-10-26 19:59:40,P-Usine_A-000678,P-Usine_A-000678,100.005,49.96,25.038,-0.05,0.05,0.04,OK,NONE,AUTO-VIS-01
2023-10-26 19:58:27,P-Usine_A-000679,P-Usine_A-000679,99.986,50.006,24.984,-0.05,0.05,0.016,OK,NONE,AUTO-VIS-01
2023-10-26 19:56:43,P-Usine_A-000680,P-Usine_A-000680,100.033,50.004,24.943,-0.05,0.05,0.057,OK,NONE,AUTO-VIS-01
2023-10-26 20:01:42,P-Usine_A-000681,P-Usine_A-000681,99.985,50.012,24.996,-0.05,0.05,0.015,OK,NONE,AUTO-VIS-01
2023-10-26 19:58:38,P-Usine_A-000682,P-Usine_A-000682,99.983,,24.974,-0.05,0.05,0.026,OK,NONE,AUTO-VIS-01
2023-10-26 20:03:19,P-Usine_A-000683,P-Usine_A-000683,99.991,49.997,25.002,-0.05,0.05,0.009,OK,999.9,AUTO-VIS-01
2023-10-26 20:04:49,P-Usine_A-000684,P-Usine_A-000684,99.981,49.998,25.011,-0.05,0.05,0.019,OK,NONE,AUTO-VIS-01
2023-10-26 20:09:53,P-Usine_A-000685,P-Usine_A-000685,99.975,49.978,25.022,-0.05,0.05,0.025,OK,NONE,AUTO-VIS-01
2023-10-26 20:02:45,P-Usine_A-000686,P-Usine_A-000686,100.01,49.989,25.032,-0.05,0.05,0.032,OK,NONE,AUTO-VIS-01
2023-10-26 20:02:45,P-Usine_A-000686,P-Usine_A-000686,100.01,49.989,25.032,-0.05,0.05,0.032,OK,NONE,AUTO-VIS-01
2023-10-26 20:12:47,P-Usine_A-000687,P-Usine_A-000687,100.015,50.022,25.027,-0.05,0.05,0.027,OK,NONE,AUTO-VIS-01
2023-10-26 20:04:50,P-Usine_A-000688,P-Usine_A-000688,100.014,49.994,25.003,-0.05,0.05,0.014,OK,NONE,AUTO-VIS-01
2023-10-26 20:05:22,P-Usine_A-000689,P-Usine_A-000689,99.979,49.974,24.988,-0.05,0.05,0.026,OK,NONE,AUTO-VIS-01
2023-10-26 20:13:02,P-Usine_A-000690,P-Usine_A-000690,99.967,49.98,24.99,-0.05,0.05,0.033,OK,NONE,AUTO-VIS-01
2023-10-26 20:12:22,P-Usine_A-000691,P-Usine_A-000691,100.028,49.991,24.999,-0.05,0.05,0.028,OK,NONE,AUTO-VIS-01
2023-10-26 20:10:26,P-Usine_A-000692,P-Usine_A-000692,100.013,49.999,24.994,-0.05,0.05,0.013,OK,NONE,AUTO-VIS-01
2023-10-26 20:17:04,P-Usine_A-000693,P-Usine_A-000693,100.019,49.993,24.992,-0.05,0.05,0.019,OK,NONE,AUTO-VIS-01
2023-10-26 20:10:19,P-Usine_A-000694,P-Usine_A-000694,99.994,49.978,24.978,-0.05,0.05,0.022,OK,NONE,AUTO-VIS-01
2023-10-26 20:10:19,P-Usine_A-000694,P-Usine_A-000694,99.994,49.978,24.978,-0.05,0.05,0.022,OK,NONE,AUTO-VIS-01
2023-10-26 20:16:41,P-Usine_A-000695,P-Usine_A-000695,100.011,49.988,24.994,-0.05,0.05,0.012,OK,NONE,AUTO-VIS-01
2023-10-26 20:13:43,P-Usine_A-000696,P-Usine_A-000696,99.996,49.986,24.998,-0.05,0.05,0.014,OK,NONE,AUTO-VIS-01
2023-10-26 20:14:15,P-Usine_A-000697,P-Usine_A-000697,99.982,50.021,25.024,-0.05,0.05,0.024,OK,NONE,AUTO-VIS-01
2023-10-26 20:21:34,P-Usine_A-000698,P-Usine_A-000698,100.034,49.994,25.013,-0.05,0.05,0.034,OK,NONE,AUTO-VIS-01
2023-10-26 20:18:52,P-Usine_A-000699,P-Usine_A-000699,100.004,49.996,24.994,-0.05,0.05,0.006,OK,NONE,AUTO-VIS-01
2023-10-26 20:23:05,P-Usine_A-000700,P-Usine_A-000700,100.024,50.008,25.009,-0.05,0.05,0.024,OK,NONE,AUTO-VIS-01
2023-10-26 20:23:28,P-Usine_A-000701,P-Usine_A-000701,100.004,49.999,24.993,-0.05,0.05,0.007,OK,NONE,AUTO-VIS-01
2023-10-26 20:22:13,P-Usine_A-000702,P-Usine_A-000702,100.057,49.949,25.03,-0.05,0.05,0.057,OK,NONE,AUTO-VIS-01
2023-10-26 20:25:22,P-Usine_A-000703,P-Usine_A-000703,100.003,49.987,24.994,-0.05,0.05,0.013,OK,NONE,AUTO-VIS-01
2023-10-26 20:22:52,P-Usine_A-000704,P-Usine_A-000704,99.984,50.014,25.026,-0.05,0.05,0.026,OK,NONE,AUTO-VIS-01
2023-10-26 20:22:37,P-Usine_A-000705,P-Usine_A-000705,,50.0,25.008,-0.05,0.05,0.018,OK,NONE,AUTO-VIS-01
2023-10-26 20:25:28,P-Usine_A-000706,P-Usine_A-000706,99.997,50.048,24.99,-0.05,0.05,0.048,OK,NONE,AUTO-VIS-01
2023-10-26 20:27:22,P-Usine_A-000707,P-Usine_A-000707,99.984,50.005,25.016,-0.05,0.05,0.016,OK,NONE,AUTO-VIS-01
2023-10-26 20:32:12,P-Usine_A-000708,P-Usine_A-000708,100.018,49.997,24.987,-0.05,0.05,0.018,OK,NONE,AUTO-VIS-01
2023-10-26 20:32:07,P-Usine_A-000709,P-Usine_A-000709,100.006,50.006,25.008,-0.05,0.05,0.008,OK,NONE,AUTO-VIS-01
2023-10-26 20:33:52,P-Usine_A-000710,P-Usine_A-000710,100.012,49.99,24.994,-0.05,0.05,0.012,OK,NONE,AUTO-VIS-01
2023-10-26 20:34:13,P-Usine_A-000711,P-Usine_A-000711,99.969,49.999,24.996,-0.05,0.05,0.031,OK,NONE,AUTO-VIS-01
2023-10-26 20:34:07,P-Usine_A-000712,P-Usine_A-000712,999.9,50.002,25.012,-0.05,0.05,0.012,OK,NONE,AUTO-VIS-01
2023-10-26 20:33:45,P-Usine_A-000713,P-Usine_A-000713,100.035,50.012,24.993,-0.05,0.05,0.035,OK,NONE,AUTO-VIS-01
2023-10-26 20:38:19,P-Usine_A-000714,P-Usine_A-000714,99.975,50.013,24.994,-0.05,0.05,0.025,OK,NONE,AUTO-VIS-01
2023-10-26 20:33:31,P-Usine_A-000715,P-Usine_A-000715,99.975,50.006,25.007,-0.05,0.05,0.025,OK,NONE,AUTO-VIS-01
2023-10-26 20:34:06,P-Usine_A-000716,P-Usine_A-000716,99.971,50.012,24.981,-0.05,0.05,0.029,OK,NONE,AUTO-VIS-01
2023-10-26 20:34:06,P-Usine_A-000716,P-Usine_A-000716,99.971,50.012,24.981,-0.05,0.05,0.029,OK,NONE,AUTO-VIS-01
2023-10-26 20:33:05,P-Usine_A-000717,P-Usine_A-000717,100.012,50.008,25.025,-0.05,0.05,0.025,OK,NONE,AUTO-VIS-01
2023-10-26 20:35:50,P-Usine_A-000718,P-Usine_A-000718,100.014,50.011,24.99,-0.05,0.05,0.014,OK,NONE,AUTO-VIS-01
2023-10-26 20:36:57,,P-Usine_A-000719,100.001,50.025,25.0,-0.05,0.05,0.025,OK,NONE,AUTO-VIS-01
2023-10-26 20:42:52,P-Usine_A-000720,P-Usine_A-000720,99.991,50.006,25.002,-0.05,0.05,0.009,OK,NONE,AUTO-VIS-01
2023-10-26 20:41:43,P-Usine_A-000721,P-Usine_A-000721,99.969,49.99,24.965,999.9,0.05,0.035,OK,NONE,AUTO-VIS-01
2023-10-26 20:41:01,P-Usine_A-000722,P-Usine_A-000722,100.012,50.007,25.002,-0.05,0.05,0.012,OK,NONE,AUTO-VIS-01
2023-10-26 20:42:25,P-Usine_A-000723,P-Usine_A-000723,100.026,50.008,24.993,-0.05,0.05,0.026,OK,NONE,AUTO-VIS-01
2023-10-26 20:45:16,P-Usine_A-000724,P-Usine_A-000724,99.98,50.007,25.003,-0.05,0.05,0.02,OK,NONE,AUTO-VIS-01
2023-10-26 20:47:43,P-Usine_A-000725,P-Usine_A-000725,99.982,50.005,24.98,-0.05,0.05,0.02,OK,NONE,AUTO-VIS-01
2023-10-26 20:50:30,P-Usine_A-000726,P-Usine_A-000726,99.971,50.008,25.018,-0.05,0.05,0.029,OK,NONE,AUTO-VIS-01
2023-10-26 20:45:10,P-Usine_A-000727,P-Usine_A-000727,100.024,49.996,25.013,-0.05,0.05,0.024,OK,NONE,AUTO-VIS-01
2023-10-26 20:50:37,P-Usine_A-000728,P-Usine_A-000728,99.983,49.996,24.982,-0.05,0.05,0.018,OK,NONE,AUTO-VIS-01
2023-10-26 20:50:37,P-Usine_A-000728,P-Usine_A-000728,99.983,49.996,24.982,-0.05,0.05,0.018,OK,NONE,AUTO-VIS-01
2023-10-26 20:54:57,P-Usine_A-000729,P-Usine_A-000729,100.004,49.963,25.002,-0.05,0.05,0.037,OK,NONE,AUTO-VIS-01
2023-10-26 20:55:57,P-Usine_A-000730,P-Usine_A-000730,99.977,50.023,25.052,-0.05,0.05,0.052,OK,NONE,AUTO-VIS-01
2023-10-26 20:51:06,P-Usine_A-000731,P-Usine_A-000731,99.951,49.97,25.054,-0.05,0.05,0.054,OK,NONE,AUTO-VIS-01
2023-10-26 20:54:03,P-Usine_A-000732,P-Usine_A-000732,99.98,50.009,24.989,-0.05,0.05,0.02,OK,NONE,AUTO-VIS-01
2023-10-26 20:54:13,P-Usine_A-000733,P-Usine_A-000733,99.965,50.015,25.017,-0.05,0.05,0.035,OK,NONE,AUTO-VIS-01
2023-10-26 20:55:23,P-Usine_A-000734,P-Usine_A-000734,99.99,50.026,25.005,-0.05,0.05,0.026,OK,NONE,AUTO-VIS-01
2023-10-26 20:58:18,P-Usine_A-000735,P-Usine_A-000735,99.988,50.016,24.984,-0.05,0.05,0.016,OK,NONE,AUTO-VIS-01
2023-10-26 20:59:31,P-Usine_A-000736,P-Usine_A-000736,99.994,49.986,25.019,-0.05,0.05,0.019,OK,NONE,AUTO-VIS-01
2023-10-26 21:03:02,P-Usine_A-000737,P-Usine_A-000737,100.015,50.018,25.013,-0.05,0.05,0.018,OK,NONE,AUTO-VIS-01
2023-10-26 21:01:53,P-Usine_A-000738,P-Usine_A-000738,99.966,50.025,24.977,-0.05,0.05,0.034,OK,NONE,AUTO-VIS-01
2023-10-26 21:03:35,P-Usine_A-000739,P-Usine_A-000739,99.971,49.992,24.964,-0.05,0.05,0.036,OK,NONE,AUTO-VIS-01
2023-10-26 21:02:20,P-Usine_A-000740,P-Usine_A-000740,100.046,50.031,24.986,-0.05,0.05,0.046,OK,NONE,AUTO-VIS-01
2023-10-26 21:03:47,P-Usine_A-000741,P-Usine_A-000741,100.005,50.002,24.981,-0.05,0.05,0.019,OK,NONE,AUTO-VIS-01
2023-10-26 21:08:27,P-Usine_A-000742,P-Usine_A-000742,100.027,49.99,24.987,-0.05,0.05,0.027,OK,NONE,AUTO-VIS-01
2023-10-26 21:05:54,P-Usine_A-000743,P-Usine_A-000743,100.017,49.998,25.002,-0.05,0.05,0.017,OK,NONE,AUTO-VIS-01
2023-10-26 21:08:23,P-Usine_A-000744,P-Usine_A-000744,99.962,50.006,25.027,-0.05,0.05,0.038,OK,NONE,AUTO-VIS-01
2023-10-26 21:11:14,P-Usine_A-000745,P-Usine_A-000745,99.994,50.026,25.032,-0.05,0.05,0.032,OK,NONE,AUTO-VIS-01
2023-10-26 21:08:53,P-Usine_A-000746,P-Usine_A-000746,99.993,50.003,24.989,-0.05,0.05,0.011,OK,NONE,AUTO-VIS-01
2023-10-26 21:09:12,P-Usine_A-000747,P-Usine_A-000747,100.037,50.0,24.988,-0.05,0.05,0.037,OK,NONE,AUTO-VIS-01
2023-10-26 21:12:28,P-Usine_A-000748,P-Usine_A-000748,100.001,50.005,25.061,-0.05,0.05,0.061,OK,NONE,AUTO-VIS-01
2023-10-26 21:12:28,P-Usine_A-000748,P-Usine_A-000748,100.001,50.005,25.061,-0.05,0.05,0.061,OK,NONE,AUTO-VIS-01
2023-10-26 21:08:17,P-Usine_A-000749,P-Usine_A-000749,99.964,49.992,24.999,-0.05,0.05,0.036,OK,NONE,AUTO-VIS-01
2023-10-26 21:15:09,P-Usine_A-000750,P-Usine_A-000750,100.023,50.017,25.045,-0.05,0.05,0.045,OK,NONE,AUTO-VIS-01
2023-10-26 21:10:56,P-Usine_A-000751,P-Usine_A-000751,100.003,49.984,24.998,-0.05,0.05,0.016,OK,NONE,AUTO-VIS-01
2023-10-26 21:10:17,P-Usine_A-000752,P-Usine_A-000752,100.003,50.016,24.969,-0.05,0.05,0.031,OK,NONE,AUTO-VIS-01
2023-10-26 21:18:25,P-Usine_A-000753,P-Usine_A-000753,99.981,49.966,25.032,-0.05,0.05,0.034,OK,NONE,AUTO-VIS-01
2023-10-26 21:13:07,P-Usine_A-000754,P-Usine_A-000754,99.962,50.009,24.986,-0.05,0.05,0.038,OK,NONE,AUTO-VIS-01
2023-10-26 21:19:31,P-Usine_A-000755,P-Usine_A-000755,100.027,49.977,24.992,-0.05,0.05,0.027,OK,NONE,AUTO-VIS-01
2023-10-26 21:13:14,P-Usine_A-000756,P-Usine_A-000756,99.977,50.01,24.979,-0.05,0.05,0.023,OK,NONE,AUTO-VIS-01
2023-10-26 21:20:06,P-Usine_A-000757,P-Usine_A-000757,99.978,49.99,24.977,-0.05,0.05,0.023,OK,NONE,AUTO-VIS-01
2023-10-26 21:23:09,P-Usine_A-000758,P-Usine_A-000758,100.017,49.973,24.995,-0.05,0.05,0.027,OK,NONE,AUTO-VIS-01
2023-10-26 21:20:52,P-Usine_A-000759,P-Usine_A-000759,100.011,49.99,24.959,-0.05,0.05,0.041,OK,NONE,AUTO-VIS-01
2023-10-26 21:20:52,P-Usine_A-000759,P-Usine_A-000759,100.011,49.99,24.959,-0.05,0.05,0.041,OK,NONE,AUTO-VIS-01
2023-10-26 21:22:00,P-Usine_A-000760,P-Usine_A-000760,99.997,49.995,25.054,-0.05,0.05,0.054,OK,NONE,AUTO-VIS-01
2023-10-26 21:18:09,P-Usine_A-000761,P-Usine_A-000761,99.996,49.979,24.993,-0.05,0.05,0.021,OK,NONE,AUTO-VIS-01
2023-10-26 21:19:12,P-Usine_A-000762,P-Usine_A-000762,99.962,50.033,25.026,-0.05,0.05,0.038,OK,NONE,AUTO-VIS-01
2023-10-26 21:19:47,P-Usine_A-000763,P-Usine_A-000763,99.992,49.981,24.98,-0.05,0.05,0.02,OK,NONE,AUTO-VIS-01
2023-10-26 21:28:58,P-Usine_A-000764,P-Usine_A-000764,99.962,50.011,25.023,-0.05,0.05,0.038,OK,NONE,AUTO-VIS-01
2023-10-26 21:28:04,P-Usine_A-000765,P-Usine_A-000765,100.0,49.987,24.984,-0.05,0.05,0.016,OK,NONE,AUTO-VIS-01
2023-10-26 21:25:08,P-Usine_A-000766,P-Usine_A-000766,99.976,50.012,24.994,-0.05,0.05,0.024,OK,NONE,AUTO-VIS-01
2023-10-26 21:32:18,P-Usine_A-000767,P-Usine_A-000767,99.977,50.048,24.979,-0.05,0.05,0.048,OK,NONE,AUTO-VIS-01
2023-10-26 21:27:50,P-Usine_A-000768,P-Usine_A-000768,99.994,50.021,25.018,-0.05,0.05,0.021,OK,NONE,AUTO-VIS-01
2023-10-26 21:32:56,P-Usine_A-000769,P-Usine_A-000769,100.003,49.971,25.007,-0.05,0.05,0.029,OK,NONE,AUTO-VIS-01
2023-10-26 21:25:49,P-Usine_A-000770,P-Usine_A-000770,100.033,49.973,24.994,-0.05,0.05,999.9,OK,NONE,AUTO-VIS-01
2023-10-26 21:33:58,P-Usine_A-000771,P-Usine_A-000771,99.983,50.013,24.963,-0.05,0.05,0.037,OK,NONE,AUTO-VIS-01
2023-10-26 21:32:19,P-Usine_A-000772,P-Usine_A-000772,99.996,50.011,25.023,-0.05,0.05,0.023,OK,NONE,AUTO-VIS-01
2023-10-26 21:29:29,P-Usine_A-000773,P-Usine_A-000773,99.976,49.965,25.036,-0.05,0.05,0.036,OK,NONE,AUTO-VIS-01
2023-10-26 21:30:52,P-Usine_A-000774,P-Usine_A-000774,99.994,49.993,24.979,-0.05,0.05,0.021,OK,NONE,AUTO-VIS-01
2023-10-26 21:31:11,P-Usine_A-000775,P-Usine_A-000775,100.008,50.017,24.997,-0.05,0.05,0.017,OK,NONE,AUTO-VIS-01
2023-10-26 21:41:44,P-Usine_A-000776,P-Usine_A-000776,100.0,49.983,24.988,-0.05,0.05,0.017,OK,NONE,AUTO-VIS-01
2023-10-26 21:41:16,P-Usine_A-000777,P-Usine_A-000777,99.984,50.02,24.987,-0.05,0.05,0.02,OK,NONE,AUTO-VIS-01
2023-10-26 21:41:16,P-Usine_A-000777,P-Usine_A-000777,99.984,50.02,24.987,-0.05,0.05,0.02,OK,NONE,AUTO-VIS-01
2023-10-26 21:36:36,P-Usine_A-000778,P-Usine_A-000778,99.995,49.996,25.002,-0.05,0.05,0.005,OK,NONE,AUTO-VIS-01
2023-10-26 21:38:05,P-Usine_A-000779,P-Usine_A-000779,99.992,50.009,25.011,-0.05,0.05,0.011,OK,NONE,AUTO-VIS-01
2023-10-26 21:37:10,P-Usine_A-000780,P-Usine_A-000780,99.987,49.968,25.002,-0.05,0.05,0.032,OK,NONE,AUTO-VIS-01
2023-10-26 21:40:49,P-Usine_A-000781,P-Usine_A-000781,100.009,50.016,25.01,-0.05,0.05,0.016,OK,NONE,AUTO-VIS-01
2023-10-26 21:47:26,P-Usine_A-000782,P-Usine_A-000782,99.962,49.982,25.033,-0.05,0.05,0.038,OK,NONE,AUTO-VIS-01
2023-10-26 21:43:57,P-Usine_A-000783,P-Usine_A-000783,100.014,50.001,25.003,-0.05,0.05,0.014,OK,NONE,AUTO-VIS-01
2023-10-26 21:45:55,P-Usine_A-000784,P-Usine_A-000784,100.007,50.001,24.999,-0.05,0.05,0.007,OK,NONE,AUTO-VIS-01
2023-10-26 21:46:24,P-Usine_A-000785,P-Usine_A-000785,100.006,49.975,24.976,-0.05,0.05,0.025,OK,NONE,AUTO-VIS-01
2023-10-26 21:43:00,P-Usine_A-000786,P-Usine_A-000786,100.008,49.98,25.017,-0.05,0.05,0.02,OK,NONE,AUTO-VIS-01
2023-10-26 21:46:02,P-Usine_A-000787,P-Usine_A-000787,100.001,49.965,24.988,-0.05,0.05,0.035,OK,NONE,AUTO-VIS-01
2023-10-26 21:50:09,P-Usine_A-000788,P-Usine_A-000788,100.025,50.048,25.01,-0.05,0.05,0.048,OK,NONE,AUTO-VIS-01
2023-10-26 21:47:54,P-Usine_A-000789,P-Usine_A-000789,99.997,49.995,24.988,-0.05,0.05,0.012,OK,NONE,AUTO-VIS-01
2023-10-26 21:47:54,P-Usine_A-000789,P-Usine_A-000789,99.997,49.995,24.988,-0.05,0.05,0.012,OK,NONE,AUTO-VIS-01
2023-10-26 21:49:45,P-Usine_A-000790,P-Usine_A-000790,99.988,50.063,24.974,-0.05,0.05,0.063,OK,NONE,AUTO-VIS-01
2023-10-26 21:50:00,P-Usine_A-000791,P-Usine_A-000791,99.981,49.999,25.004,-0.05,0.05,0.019,OK,NONE,AUTO-VIS-01
2023-10-26 21:53:51,P-Usine_A-000792,P-Usine_A-000792,100.023,50.015,25.037,-0.05,0.05,0.037,OK,NONE,AUTO-VIS-01
2023-10-26 21:50:29,P-Usine_A-000793,P-Usine_A-000793,100.027,49.993,25.012,-0.05,0.05,0.027,OK,NONE,AUTO-VIS-01
2023-10-26 21:50:29,P-Usine_A-000793,P-Usine_A-000793,100.027,49.993,25.012,-0.05,0.05,0.027,OK,NONE,AUTO-VIS-01
2023-10-26 21:54:55,P-Usine_A-000794,P-Usine_A-000794,100.011,50.002,24.984,-0.05,0.05,0.016,OK,NONE,AUTO-VIS-01
2023-10-26 21:58:14,P-Usine_A-000795,P-Usine_A-000795,100.036,49.957,25.022,-0.05,0.05,0.043,OK,NONE,AUTO-VIS-01
2023-10-26 21:51:58,P-Usine_A-000796,P-Usine_A-000796,100.014,49.993,25.016,-0.05,0.05,0.016,OK,NONE,AUTO-VIS-01
2023-10-26 22:00:57,P-Usine_A-000797,P-Usine_A-000797,99.992,50.007,25.0,-0.05,0.05,0.008,OK,NONE,AUTO-VIS-01
2023-10-26 22:03:14,P-Usine_A-000798,P-Usine_A-000798,99.974,49.982,25.032,-0.05,0.05,0.032,OK,NONE,AUTO-VIS-01
2023-10-26 21:57:21,P-Usine_A-000799,P-Usine_A-000799,100.04,49.985,25.018,-0.05,0.05,0.04,OK,NONE,AUTO-VIS-01
2023-10-26 22:00:37,P-Usine_A-000800,P-Usine_A-000800,100.015,49.967,24.99,-0.05,0.05,0.033,OK,NONE,AUTO-VIS-01
2023-10-26 21:57:31,P-Usine_A-000801,P-Usine_A-000801,100.047,50.041,24.997,-0.05,0.05,0.047,OK,NONE,AUTO-VIS-01
2023-10-26 22:01:21,P-Usine_A-000802,P-Usine_A-000802,99.971,49.994,24.986,-0.05,0.05,0.029,OK,NONE,AUTO-VIS-01
2023-10-26 22:08:43,P-Usine_A-000803,P-Usine_A-000803,100.025,49.991,24.988,-0.05,0.05,0.025,OK,NONE,AUTO-VIS-01
2023-10-26 22:08:59,P-Usine_A-000804,P-Usine_A-000804,100.046,49.997,25.01,-0.05,0.05,0.046,OK,NONE,AUTO-VIS-01
2023-10-26 22:05:01,P-Usine_A-000805,P-Usine_A-000805,100.016,49.978,25.001,-0.05,0.05,0.022,OK,NONE,AUTO-VIS-01
2023-10-26 22:07:17,P-Usine_A-000806,P-Usine_A-000806,99.996,49.978,24.992,-0.05,0.05,0.022,OK,NONE,AUTO-VIS-01
2023-10-26 22:05:30,P-Usine_A-000807,P-Usine_A-000807,99.985,49.982,24.995,-0.05,0.05,0.018,OK,NONE,AUTO-VIS-01
2023-10-26 22:04:58,P-Usine_A-000808,P-Usine_A-000808,100.005,49.979,24.992,-0.05,0.05,0.021,OK,NONE,AUTO-VIS-01
2023-10-26 22:12:29,P-Usine_A-000809,P-Usine_A-000809,99.984,50.026,24.987,-0.05,0.05,0.026,OK,NONE,AUTO-VIS-01
2023-10-26 22:08:35,P-Usine_A-000810,P-Usine_A-000810,99.98,50.01,25.016,-0.05,0.05,0.02,OK,NONE,AUTO-VIS-01
2023-10-26 22:10:32,P-Usine_A-000811,P-Usine_A-000811,100.019,50.0,24.979,-0.05,0.05,0.021,OK,NONE,AUTO-VIS-01
2023-10-26 22:09:00,P-Usine_A-000812,P-Usine_A-000812,100.02,50.048,24.978,-0.05,0.05,0.048,OK,NONE,AUTO-VIS-01
2023-10-26 22:13:36,P-Usine_A-000813,P-Usine_A-000813,99.972,49.978,25.005,-0.05,0.05,0.028,OK,NONE,AUTO-VIS-01
2023-10-26 22:17:25,P-Usine_A-000814,P-Usine_A-000814,99.99,50.005,24.995,-0.05,0.05,0.01,OK,NONE,AUTO-VIS-01
2023-10-26 22:17:25,P-Usine_A-000814,P-Usine_A-000814,99.99,50.005,24.995,-0.05,0.05,0.01,OK,NONE,AUTO-VIS-01
2023-10-26 22:19:52,P-Usine_A-000815,P-Usine_A-000815,100.005,49.977,24.971,-0.05,0.05,0.029,OK,NONE,AUTO-VIS-01
2023-10-26 22:20:12,P-Usine_A-000816,P-Usine_A-000816,99.982,49.984,24.995,-0.05,0.05,0.018,OK,NONE,AUTO-VIS-01
2023-10-26 22:19:02,P-Usine_A-000817,P-Usine_A-000817,99.977,49.996,24.971,-0.05,0.05,0.029,OK,NONE,AUTO-VIS-01
2023-10-26 22:18:07,P-Usine_A-000818,P-Usine_A-000818,99.993,49.982,25.029,-0.05,0.05,0.029,OK,NONE,AUTO-VIS-01
2023-10-26 22:23:36,P-Usine_A-000819,P-Usine_A-000819,99.956,50.026,25.014,-0.05,0.05,0.044,OK,NONE,AUTO-VIS-01
2023-10-26 22:26:04,P-Usine_A-000820,P-Usine_A-000820,99.972,49.991,25.024,-0.05,0.05,0.028,OK,NONE,AUTO-VIS-01
2023-10-26 22:23:44,P-Usine_A-000821,P-Usine_A-000821,99.968,50.016,25.006,-0.05,0.05,0.032,OK,NONE,AUTO-VIS-01
2023-10-26 22:23:44,P-Usine_A-000821,P-Usine_A-000821,99.968,50.016,25.006,-0.05,0.05,0.032,OK,NONE,AUTO-VIS-01
2023-10-26 22:24:48,P-Usine_A-000822,P-Usine_A-000822,100.006,49.996,24.971,-0.05,0.05,0.029,OK,NONE,AUTO-VIS-01
2023-10-26 22:24:50,P-Usine_A-000823,P-Usine_A-000823,100.007,49.986,25.028,-0.05,0.05,0.028,OK,NONE,AUTO-VIS-01
2023-10-26 22:21:17,P-Usine_A-000824,P-Usine_A-000824,100.028,49.957,24.989,-0.05,0.05,0.043,OK,NONE,AUTO-VIS-01
2023-10-26 22:28:27,P-Usine_A-000825,P-Usine_A-000825,100.029,49.998,25.009,-0.05,0.05,0.029,OK,NONE,AUTO-VIS-01
2023-10-26 22:28:46,P-Usine_A-000826,P-Usine_A-000826,99.978,50.014,24.97,-0.05,0.05,0.03,OK,NONE,AUTO-VIS-01
2023-10-26 22:28:46,P-Usine_A-000826,P-Usine_A-000826,99.978,50.014,24.97,-0.05,0.05,0.03,OK,NONE,AUTO-VIS-01
2023-10-26 22:31:00,P-Usine_A-000827,P-Usine_A-000827,100.0,50.007,24.97,-0.05,0.05,0.03,OK,NONE,AUTO-VIS-01
2023-10-26 22:32:46,P-Usine_A-000828,P-Usine_A-000828,100.028,49.985,25.006,-0.05,0.05,0.028,OK,NONE,AUTO-VIS-01
2023-10-26 22:24:16,P-Usine_A-000829,P-Usine_A-000829,100.007,50.001,25.007,-0.05,0.05,0.007,OK,NONE,AUTO-VIS-01
2023-10-26 22:27:44,P-Usine_A-000830,P-Usine_A-000830,99.983,49.963,25.003,-0.05,0.05,0.037,OK,NONE,AUTO-VIS-01
2023-10-26 22:30:41,P-Usine_A-000831,P-Usine_A-000831,100.022,50.005,25.038,-0.05,0.05,0.038,OK,NONE,AUTO-VIS-01
2023-10-26 22:29:58,P-Usine_A-000832,P-Usine_A-000832,100.007,49.989,24.963,-0.05,0.05,0.037,OK,NONE,AUTO-VIS-01
2023-10-26 22:32:38,P-Usine_A-000833,P-Usine_A-000833,99.989,50.008,24.996,-0.05,0.05,0.011,OK,NONE,AUTO-VIS-01
2023-10-26 22:35:16,P-Usine_A-000834,P-Usine_A-000834,99.985,50.014,24.992,-0.05,0.05,0.015,OK,NONE,AUTO-VIS-01
2023-10-26 22:30:49,P-Usine_A-000835,P-Usine_A-000835,999.9,49.994,24.992,-0.05,0.05,0.008,OK,NONE,AUTO-VIS-01
2023-10-26 22:32:24,P-Usine_A-000836,P-Usine_A-000836,100.026,49.998,24.997,-0.05,0.05,0.026,OK,NONE,AUTO-VIS-01
2023-10-26 22:39:16,P-Usine_A-000837,P-Usine_A-000837,99.991,50.006,25.0,-0.05,0.05,0.009,OK,NONE,AUTO-VIS-01
2023-10-26 22:36:16,P-Usine_A-000838,P-Usine_A-000838,99.981,49.979,24.97,-0.05,0.05,0.03,OK,NONE,AUTO-VIS-01
2023-10-26 22:35:27,P-Usine_A-000839,P-Usine_A-000839,99.986,49.979,25.012,-0.05,0.05,0.021,OK,NONE,AUTO-VIS-01
2023-10-26 22:41:10,P-Usine_A-000840,P-Usine_A-000840,99.997,50.005,25.017,-0.05,0.05,0.017,OK,NONE,AUTO-VIS-01
2023-10-26 22:36:50,P-Usine_A-000841,P-Usine_A-000841,100.019,49.977,25.009,-0.05,0.05,0.023,OK,NONE,AUTO-VIS-01
2023-10-26 22:44:31,P-Usine_A-000842,P-Usine_A-000842,100.018,50.027,24.957,-0.05,0.05,0.043,OK,NONE,AUTO-VIS-01
2023-10-26 22:40:18,P-Usine_A-000843,P-Usine_A-000843,100.03,50.007,25.032,-0.05,0.05,0.032,OK,NONE,AUTO-VIS-01
2023-10-26 22:41:51,P-Usine_A-000844,P-Usine_A-000844,100.004,50.007,24.985,-0.05,0.05,0.015,OK,NONE,AUTO-VIS-01
2023-10-26 22:43:33,P-Usine_A-000845,P-Usine_A-000845,100.046,50.049,24.99,-0.05,0.05,0.049,OK,NONE,AUTO-VIS-01
2023-10-26 22:42:56,P-Usine_A-000846,P-Usine_A-000846,100.021,50.036,24.998,-0.05,0.05,0.036,OK,NONE,AUTO-VIS-01
2023-10-26 22:43:56,P-Usine_A-000847,P-Usine_A-000847,100.008,50.0,25.023,-0.05,0.05,0.023,OK,NONE,AUTO-VIS-01
2023-10-26 22:45:00,P-Usine_A-000848,P-Usine_A-000848,99.986,50.031,25.007,-0.05,0.05,0.031,OK,NONE,AUTO-VIS-01
2023-10-26 22:45:48,P-Usine_A-000849,P-Usine_A-000849,99.994,49.962,25.005,-0.05,0.05,0.038,OK,NONE,AUTO-VIS-01
2023-10-26 22:46:35,P-Usine_A-000850,P-Usine_A-000850,99.985,49.994,25.019,-0.05,0.05,0.019,OK,NONE,AUTO-VIS-01
2023-10-26 22:46:35,P-Usine_A-000850,P-Usine_A-000850,99.985,49.994,25.019,-0.05,0.05,0.019,OK,NONE,AUTO-VIS-01
2023-10-26 22:55:26,P-Usine_A-000851,P-Usine_A-000851,100.001,50.005,24.977,-0.05,0.05,0.023,OK,NONE,AUTO-VIS-01
2023-10-26 22:52:27,P-Usine_A-000852,P-Usine_A-000852,100.002,49.987,24.995,-0.05,0.05,0.013,,NONE,AUTO-VIS-01
2023-10-26 22:49:42,P-Usine_A-000853,P-Usine_A-000853,99.989,49.998,25.018,-0.05,0.05,0.018,OK,NONE,AUTO-VIS-01
2023-10-26 22:52:03,P-Usine_A-000854,P-Usine_A-000854,100.018,49.994,24.996,-0.05,0.05,0.018,OK,NONE,AUTO-VIS-01
2023-10-26 22:56:52,P-Usine_A-000855,P-Usine_A-000855,100.008,50.009,25.031,-0.05,0.05,0.031,OK,NONE,AUTO-VIS-01
2023-10-26 23:00:54,P-Usine_A-000856,P-Usine_A-000856,99.984,50.019,25.025,-0.05,0.05,0.025,OK,NONE,AUTO-VIS-01
2023-10-26 22:58:10,P-Usine_A-000857,P-Usine_A-000857,99.985,49.979,24.991,-0.05,0.05,0.021,OK,NONE,AUTO-VIS-01
2023-10-26 23:00:19,P-Usine_A-000858,P-Usine_A-000858,99.986,49.991,25.02,-0.05,0.05,0.02,OK,NONE,AUTO-VIS-01
2023-10-26 22:57:33,P-Usine_A-000859,P-Usine_A-000859,99.976,50.011,24.994,-0.05,0.05,0.024,OK,NONE,AUTO-VIS-01
2023-10-26 22:59:57,P-Usine_A-000860,P-Usine_A-000860,100.012,49.996,24.987,-0.05,0.05,0.013,OK,NONE,AUTO-VIS-01
2023-10-26 22:57:50,P-Usine_A-000861,P-Usine_A-000861,99.984,49.988,25.01,-0.05,0.05,0.016,OK,NONE,AUTO-VIS-01
2023-10-26 22:57:16,P-Usine_A-000862,P-Usine_A-000862,99.981,49.992,24.99,-0.05,0.05,0.019,OK,NONE,AUTO-VIS-01
2023-10-26 23:05:50,P-Usine_A-000863,P-Usine_A-000863,99.993,50.017,24.974,-0.05,0.05,0.026,OK,NONE,AUTO-VIS-01
2023-10-26 22:59:48,P-Usine_A-000864,P-Usine_A-000864,100.0,50.023,24.985,-0.05,0.05,0.023,OK,NONE,AUTO-VIS-01
2023-10-26 23:06:52,P-Usine_A-000865,P-Usine_A-000865,99.995,50.014,25.01,-0.05,0.05,0.014,OK,NONE,AUTO-VIS-01
2023-10-26 23:08:21,P-Usine_A-000866,P-Usine_A-000866,99.997,50.005,25.018,-0.05,0.05,0.018,OK,NONE,AUTO-VIS-01
2023-10-26 23:06:46,P-Usine_A-000867,P-Usine_A-000867,100.0,50.011,25.007,-0.05,0.05,0.011,OK,NONE,
2023-10-26 23:07:21,P-Usine_A-000868,P-Usine_A-000868,99.992,50.025,25.025,-0.05,0.05,0.025,OK,NONE,AUTO-VIS-01
2023-10-26 23:12:48,P-Usine_A-000869,P-Usine_A-000869,99.986,49.998,24.992,-0.05,0.05,0.014,OK,NONE,AUTO-VIS-01
2023-10-26 23:13:55,P-Usine_A-000870,P-Usine_A-000870,100.008,49.981,24.989,-0.05,0.05,0.019,OK,NONE,AUTO-VIS-01
2023-10-26 23:11:23,P-Usine_A-000871,P-Usine_A-000871,100.017,49.964,25.002,-0.05,0.05,0.036,OK,NONE,AUTO-VIS-01
2023-10-26 23:12:16,P-Usine_A-000872,P-Usine_A-000872,99.961,50.016,25.024,-0.05,0.05,0.039,OK,NONE,AUTO-VIS-01
2023-10-26 23:17:23,P-Usine_A-000873,P-Usine_A-000873,99.979,50.014,24.983,-0.05,0.05,0.021,OK,NONE,AUTO-VIS-01
2023-10-26 23:16:05,P-Usine_A-000874,P-Usine_A-000874,100.011,49.978,24.949,-0.05,0.05,0.051,OK,NONE,AUTO-VIS-01
2023-10-26 23:16:27,P-Usine_A-000875,P-Usine_A-000875,99.997,50.03,25.01,-0.05,0.05,0.03,OK,NONE,AUTO-VIS-01
2023-10-26 23:18:31,P-Usine_A-000876,P-Usine_A-000876,99.979,50.045,25.015,-0.05,0.05,0.045,OK,NONE,AUTO-VIS-01
2023-10-26 23:17:36,P-Usine_A-000877,P-Usine_A-000877,99.982,50.006,24.997,-0.05,0.05,0.018,OK,NONE,AUTO-VIS-01
2023-10-26 23:22:52,P-Usine_A-000878,P-Usine_A-000878,99.97,50.03,25.028,-0.05,0.05,0.03,OK,NONE,AUTO-VIS-01
2023-10-26 23:18:38,P-Usine_A-000879,P-Usine_A-000879,100.0,50.017,24.984,999.9,0.05,0.017,OK,NONE,AUTO-VIS-01
2023-10-26 23:19:59,P-Usine_A-000880,P-Usine_A-000880,100.024,49.999,24.971,-0.05,0.05,0.029,OK,NONE,AUTO-VIS-01
2023-10-26 23:21:24,P-Usine_A-000881,P-Usine_A-000881,100.005,50.003,25.014,-0.05,0.05,0.014,OK,NONE,AUTO-VIS-01
2023-10-26 23:26:31,P-Usine_A-000882,P-Usine_A-000882,100.009,49.99,25.023,-0.05,0.05,0.023,OK,NONE,AUTO-VIS-01
2023-10-26 23:28:02,P-Usine_A-000883,P-Usine_A-000883,99.986,50.013,24.981,-0.05,0.05,0.019,OK,NONE,AUTO-VIS-01
2023-10-26 23:19:51,P-Usine_A-000884,P-Usine_A-000884,100.024,50.016,24.988,-0.05,0.05,0.024,OK,NONE,AUTO-VIS-01
2023-10-26 23:27:28,P-Usine_A-000885,P-Usine_A-000885,99.974,50.012,24.988,-0.05,0.05,0.026,OK,NONE,AUTO-VIS-01
2023-10-26 23:24:35,P-Usine_A-000886,P-Usine_A-000886,100.012,49.994,25.01,-0.05,0.05,0.012,OK,NONE,AUTO-VIS-01
2023-10-26 23:26:31,P-Usine_A-000887,P-Usine_A-000887,100.014,49.972,25.002,-0.05,0.05,0.028,OK,NONE,AUTO-VIS-01
2023-10-26 23:28:21,P-Usine_A-000888,P-Usine_A-000888,100.018,49.983,25.016,-0.05,0.05,0.018,OK,NONE,AUTO-VIS-01
2023-10-26 23:25:49,P-Usine_A-000889,P-Usine_A-000889,100.026,50.003,25.035,-0.05,0.05,0.035,OK,NONE,AUTO-VIS-01
2023-10-26 23:34:22,P-Usine_A-000890,P-Usine_A-000890,100.015,49.984,24.977,-0.05,0.05,0.023,OK,NONE,AUTO-VIS-01
2023-10-26 23:35:00,P-Usine_A-000891,P-Usine_A-000891,100.008,50.002,24.961,-0.05,0.05,0.039,OK,NONE,AUTO-VIS-01
2023-10-26 23:30:31,P-Usine_A-000892,P-Usine_A-000892,100.053,49.988,25.004,-0.05,0.05,0.053,OK,NONE,AUTO-VIS-01
2023-10-26 23:34:46,P-Usine_A-000893,P-Usine_A-000893,100.015,49.999,25.013,-0.05,0.05,0.015,OK,NONE,AUTO-VIS-01
2023-10-26 23:37:29,P-Usine_A-000894,P-Usine_A-000894,100.016,49.978,25.006,-0.05,0.05,0.022,OK,NONE,AUTO-VIS-01
2023-10-26 23:36:35,P-Usine_A-000895,P-Usine_A-000895,99.973,49.98,25.01,-0.05,0.05,0.027,OK,NONE,AUTO-VIS-01
2023-10-26 23:34:17,P-Usine_A-000896,P-Usine_A-000896,99.964,49.998,25.002,-0.05,0.05,0.036,OK,NONE,AUTO-VIS-01
2023-10-26 23:32:50,P-Usine_A-000897,P-Usine_A-000897,99.975,50.018,24.975,-0.05,0.05,0.025,OK,NONE,AUTO-VIS-01
2023-10-26 23:38:04,P-Usine_A-000898,P-Usine_A-000898,100.039,50.007,24.988,-0.05,0.05,0.039,OK,NONE,AUTO-VIS-01
2023-10-26 23:37:40,P-Usine_A-000899,P-Usine_A-000899,99.978,50.017,25.015,-0.05,0.05,0.022,OK,NONE,AUTO-VIS-01
2023-10-26 23:35:40,P-Usine_A-000900,P-Usine_A-000900,100.005,49.971,25.024,-0.05,0.05,0.029,OK,NONE,AUTO-VIS-01
2023-10-26 23:37:02,P-Usine_A-000901,P-Usine_A-000901,100.0,50.011,24.996,-0.05,0.05,0.011,OK,NONE,AUTO-VIS-01
2023-10-26 23:41:18,P-Usine_A-000902,P-Usine_A-000902,99.992,50.033,24.989,-0.05,0.05,0.033,OK,NONE,AUTO-VIS-01
2023-10-26 23:41:52,P-Usine_A-000903,P-Usine_A-000903,100.014,50.022,25.006,-0.05,0.05,0.022,OK,NONE,AUTO-VIS-01
2023-10-26 23:44:10,P-Usine_A-000904,P-Usine_A-000904,100.01,50.003,25.003,-0.05,0.05,0.01,OK,NONE,AUTO-VIS-01
2023-10-26 23:45:42,P-Usine_A-000905,P-Usine_A-000905,99.985,50.001,25.002,-0.05,0.05,0.015,OK,NONE,AUTO-VIS-01
2023-10-26 23:43:49,P-Usine_A-000906,P-Usine_A-000906,99.984,50.015,24.992,-0.05,0.05,0.016,OK,NONE,AUTO-VIS-01
2023-10-26 23:45:55,P-Usine_A-000907,P-Usine_A-000907,100.023,49.986,24.999,-0.05,0.05,0.023,OK,NONE,AUTO-VIS-01
2023-10-26 23:47:27,P-Usine_A-000908,P-Usine_A-000908,99.993,49.965,25.0,-0.05,0.05,0.035,OK,NONE,AUTO-VIS-01
2023-10-26 23:51:28,P-Usine_A-000909,P-Usine_A-000909,99.981,49.974,25.0,-0.05,0.05,0.026,OK,NONE,AUTO-VIS-01
2023-10-26 23:47:26,P-Usine_A-000910,P-Usine_A-000910,100.046,49.971,25.001,-0.05,0.05,0.046,OK,NONE,AUTO-VIS-01
2023-10-26 23:47:37,P-Usine_A-000911,P-Usine_A-000911,99.983,49.987,24.981,-0.05,0.05,0.019,OK,NONE,AUTO-VIS-01
2023-10-26 23:57:10,P-Usine_A-000912,P-Usine_A-000912,99.986,50.023,24.997,-0.05,0.05,0.023,OK,NONE,AUTO-VIS-01
2023-10-26 23:56:04,P-Usine_A-000913,P-Usine_A-000913,100.005,49.997,24.998,-0.05,0.05,0.005,OK,NONE,AUTO-VIS-01
2023-10-26 23:57:11,P-Usine_A-000914,P-Usine_A-000914,100.015,49.982,24.978,-0.05,0.05,0.022,OK,NONE,AUTO-VIS-01
2023-10-26 23:54:46,P-Usine_A-000915,P-Usine_A-000915,99.967,49.997,24.971,-0.05,0.05,0.033,OK,NONE,AUTO-VIS-01
2023-10-26 23:52:48,P-Usine_A-000916,P-Usine_A-000916,100.017,50.009,24.989,-0.05,0.05,0.017,999.9,NONE,AUTO-VIS-01
2023-10-26 23:54:25,P-Usine_A-000917,P-Usine_A-000917,100.008,49.989,25.0,-0.05,0.05,0.011,OK,NONE,AUTO-VIS-01
2023-10-26 23:56:38,P-Usine_A-000918,P-Usine_A-000918,100.024,50.024,24.976,-0.05,0.05,0.024,OK,NONE,AUTO-VIS-01
2023-10-26 23:54:09,P-Usine_A-000919,P-Usine_A-000919,100.011,49.971,24.993,-0.05,0.05,0.029,OK,NONE,AUTO-VIS-01
2023-10-26 23:54:09,P-Usine_A-000919,P-Usine_A-000919,100.011,49.971,24.993,-0.05,0.05,0.029,OK,NONE,AUTO-VIS-01
2023-10-27 00:02:34,P-Usine_A-000920,P-Usine_A-000920,100.001,50.016,25.02,-0.05,0.05,0.02,OK,NONE,AUTO-VIS-01
2023-10-27 00:04:47,P-Usine_A-000921,P-Usine_A-000921,99.982,50.007,25.014,-0.05,0.05,0.018,OK,NONE,AUTO-VIS-01
2023-10-27 00:02:52,P-Usine_A-000922,P-Usine_A-000922,99.98,50.026,25.027,-0.05,0.05,0.027,OK,NONE,AUTO-VIS-01
2023-10-27 00:05:05,P-Usine_A-000923,P-Usine_A-000923,99.971,49.965,25.001,-0.05,0.05,0.035,OK,NONE,AUTO-VIS-01
2023-10-27 00:04:24,P-Usine_A-000924,P-Usine_A-000924,99.977,49.998,25.019,-0.05,0.05,0.023,OK,NONE,AUTO-VIS-01
2023-10-27 00:07:08,P-Usine_A-000925,P-Usine_A-000925,100.009,49.995,25.008,-0.05,0.05,0.009,OK,NONE,AUTO-VIS-01
2023-10-27 00:02:59,P-Usine_A-000926,P-Usine_A-000926,100.004,49.991,24.969,-0.05,0.05,0.031,OK,NONE,AUTO-VIS-01
2023-10-27 00:06:52,P-Usine_A-000927,P-Usine_A-000927,100.035,49.996,25.043,-0.05,0.05,0.043,OK,NONE,AUTO-VIS-01
2023-10-27 00:06:09,P-Usine_A-000928,P-Usine_A-000928,99.975,50.015,24.982,-0.05,0.05,0.025,OK,NONE,AUTO-VIS-01
2023-10-27 00:06:09,P-Usine_A-000928,P-Usine_A-000928,99.975,50.015,24.982,-0.05,0.05,0.025,OK,NONE,AUTO-VIS-01
2023-10-27 00:13:17,P-Usine_A-000929,P-Usine_A-000929,99.968,50.034,25.003,-0.05,0.05,0.034,OK,NONE,AUTO-VIS-01
2023-10-27 00:09:08,P-Usine_A-000930,P-Usine_A-000930,100.008,50.036,25.033,-0.05,0.05,0.036,OK,NONE,AUTO-VIS-01
2023-10-27 00:10:04,P-Usine_A-000931,P-Usine_A-000931,99.987,50.03,25.012,-0.05,0.05,0.03,OK,NONE,AUTO-VIS-01
2023-10-27 00:07:02,P-Usine_A-000932,P-Usine_A-000932,,49.978,24.998,-0.05,0.05,0.022,OK,NONE,AUTO-VIS-01
2023-10-27 00:09:31,P-Usine_A-000933,P-Usine_A-000933,100.048,49.984,25.0,-0.05,999.9,0.048,OK,NONE,AUTO-VIS-01
2023-10-27 00:18:03,P-Usine_A-000934,P-Usine_A-000934,100.026,50.01,24.984,-0.05,0.05,0.026,OK,NONE,AUTO-VIS-01
2023-10-27 00:13:43,P-Usine_A-000935,P-Usine_A-000935,100.009,50.015,24.997,-0.05,0.05,0.015,OK,NONE,AUTO-VIS-01
2023-10-27 00:18:44,P-Usine_A-000936,P-Usine_A-000936,100.015,49.998,25.001,-0.05,0.05,0.015,OK,NONE,AUTO-VIS-01
2023-10-27 00:17:26,P-Usine_A-000937,P-Usine_A-000937,100.007,50.009,25.024,-0.05,0.05,0.024,OK,NONE,AUTO-VIS-01
2023-10-27 00:15:07,P-Usine_A-000938,P-Usine_A-000938,99.989,49.987,24.989,-0.05,0.05,0.013,OK,NONE,AUTO-VIS-01
2023-10-27 00:20:12,P-Usine_A-000939,P-Usine_A-000939,100.003,50.024,25.008,-0.05,0.05,0.024,OK,NONE,AUTO-VIS-01
2023-10-27 00:17:10,P-Usine_A-000940,P-Usine_A-000940,100.02,49.985,24.985,-0.05,0.05,0.02,OK,NONE,AUTO-VIS-01
2023-10-27 00:18:04,P-Usine_A-000941,P-Usine_A-000941,99.955,49.983,25.042,-0.05,0.05,0.045,OK,NONE,AUTO-VIS-01
2023-10-27 00:25:13,P-Usine_A-000942,P-Usine_A-000942,99.971,49.987,25.005,-0.05,0.05,0.029,OK,NONE,AUTO-VIS-01
2023-10-27 00:26:42,P-Usine_A-000943,P-Usine_A-000943,99.998,49.994,25.005,-0.05,0.05,0.006,OK,NONE,AUTO-VIS-01
2023-10-27 00:19:13,P-Usine_A-000944,P-Usine_A-000944,100.01,49.948,24.981,-0.05,0.05,0.052,OK,NONE,AUTO-VIS-01
2023-10-27 00:26:46,P-Usine_A-000945,P-Usine_A-000945,100.01,49.989,25.009,-0.05,0.05,0.011,OK,NONE,AUTO-VIS-01
2023-10-27 00:28:40,P-Usine_A-000946,P-Usine_A-000946,100.031,50.007,24.977,-0.05,0.05,0.031,OK,NONE,AUTO-VIS-01
2023-10-27 00:28:36,P-Usine_A-000947,P-Usine_A-000947,99.999,50.017,24.997,-0.05,0.05,0.017,OK,NONE,AUTO-VIS-01
2023-10-27 00:28:03,P-Usine_A-000948,P-Usine_A-000948,100.03,49.934,25.019,-0.05,0.05,0.066,OK,NONE,AUTO-VIS-01
2023-10-27 00:28:36,P-Usine_A-000949,P-Usine_A-000949,99.996,50.007,25.046,-0.05,0.05,0.046,OK,NONE,AUTO-VIS-01
2023-10-27 00:28:46,P-Usine_A-000950,P-Usine_A-000950,99.991,49.978,25.015,-0.05,0.05,0.022,OK,NONE,AUTO-VIS-01
2023-10-27 00:31:17,P-Usine_A-000951,P-Usine_A-000951,100.01,49.958,25.023,-0.05,0.05,0.042,OK,NONE,AUTO-VIS-01
2023-10-27 00:30:57,P-Usine_A-000952,P-Usine_A-000952,100.016,49.985,24.973,-0.05,0.05,0.027,OK,NONE,AUTO-VIS-01
2023-10-27 00:28:08,P-Usine_A-000953,P-Usine_A-000953,99.967,50.026,24.992,-0.05,0.05,999.9,OK,NONE,AUTO-VIS-01
2023-10-27 00:33:21,P-Usine_A-000954,P-Usine_A-000954,100.012,50.002,25.013,-0.05,0.05,0.013,OK,NONE,AUTO-VIS-01
2023-10-27 00:30:25,P-Usine_A-000955,P-Usine_A-000955,100.035,50.013,25.006,-0.05,0.05,0.035,OK,NONE,AUTO-VIS-01
2023-10-27 00:38:32,P-Usine_A-000956,P-Usine_A-000956,100.011,49.992,25.041,-0.05,0.05,0.041,OK,NONE,AUTO-VIS-01
2023-10-27 00:40:56,P-Usine_A-000957,P-Usine_A-000957,100.006,49.967,25.009,-0.05,0.05,0.033,OK,NONE,AUTO-VIS-01
2023-10-27 00:34:17,P-Usine_A-000958,P-Usine_A-000958,99.993,49.997,24.968,-0.05,0.05,0.032,OK,999.9,AUTO-VIS-01
2023-10-27 00:34:29,P-Usine_A-000959,P-Usine_A-000959,99.979,49.988,24.987,-0.05,0.05,0.021,OK,NONE,AUTO-VIS-01
2023-10-27 00:42:58,P-Usine_A-000960,P-Usine_A-000960,100.005,50.005,25.008,-0.05,0.05,0.008,OK,NONE,AUTO-VIS-01
2023-10-27 00:43:09,P-Usine_A-000961,P-Usine_A-000961,100.007,50.012,25.012,-0.05,0.05,0.012,OK,NONE,AUTO-VIS-01
2023-10-27 00:43:22,P-Usine_A-000962,P-Usine_A-000962,99.987,50.055,24.981,-0.05,0.05,0.055,OK,NONE,AUTO-VIS-01
2023-10-27 00:45:50,P-Usine_A-000963,P-Usine_A-000963,99.995,50.011,24.993,-0.05,0.05,0.011,OK,NONE,AUTO-VIS-01
2023-10-27 00:48:08,P-Usine_A-000964,P-Usine_A-000964,99.996,50.002,24.982,-0.05,0.05,0.018,OK,NONE,AUTO-VIS-01
2023-10-27 00:41:20,P-Usine_A-000965,P-Usine_A-000965,99.999,50.036,25.011,-0.05,0.05,0.036,OK,NONE,AUTO-VIS-01
2023-10-27 00:43:33,P-Usine_A-000966,P-Usine_A-000966,100.021,49.997,25.0,-0.05,0.05,0.021,OK,NONE,AUTO-VIS-01
2023-10-27 00:50:56,P-Usine_A-000967,P-Usine_A-000967,99.999,49.962,24.991,-0.05,0.05,0.038,OK,NONE,AUTO-VIS-01
2023-10-27 00:46:38,P-Usine_A-000968,P-Usine_A-000968,100.012,50.014,24.974,-0.05,0.05,0.026,OK,NONE,AUTO-VIS-01
2023-10-27 00:46:50,P-Usine_A-000969,P-Usine_A-000969,100.017,50.022,24.973,-0.05,0.05,0.027,OK,NONE,AUTO-VIS-01
2023-10-27 00:52:33,P-Usine_A-000970,P-Usine_A-000970,100.005,50.038,24.992,-0.05,0.05,0.038,OK,NONE,AUTO-VIS-01
2023-10-27 00:48:42,P-Usine_A-000971,P-Usine_A-000971,100.006,49.981,25.041,-0.05,0.05,0.041,OK,NONE,AUTO-VIS-01
2023-10-27 00:48:59,P-Usine_A-000972,P-Usine_A-000972,100.001,49.987,24.976,-0.05,0.05,0.024,OK,NONE,AUTO-VIS-01
2023-10-27 00:48:59,P-Usine_A-000972,P-Usine_A-000972,100.001,49.987,24.976,-0.05,0.05,0.024,OK,NONE,AUTO-VIS-01
2023-10-27 00:54:47,P-Usine_A-000973,P-Usine_A-000973,100.013,49.993,25.01,-0.05,0.05,0.013,OK,NONE,AUTO-VIS-01
2023-10-27 00:54:22,P-Usine_A-000974,P-Usine_A-000974,99.963,49.97,24.99,-0.05,0.05,0.037,OK,NONE,AUTO-VIS-01
2023-10-27 00:55:30,P-Usine_A-000975,P-Usine_A-000975,100.009,50.017,25.028,-0.05,0.05,0.028,OK,NONE,AUTO-VIS-01
2023-10-27 01:00:28,P-Usine_A-000976,P-Usine_A-000976,99.97,50.024,24.994,-0.05,0.05,0.03,OK,NONE,AUTO-VIS-01
2023-10-27 01:02:33,P-Usine_A-000977,P-Usine_A-000977,99.993,50.003,24.969,-0.05,0.05,0.031,OK,NONE,AUTO-VIS-01
2023-10-27 01:01:52,P-Usine_A-000978,P-Usine_A-000978,100.024,50.007,24.986,-0.05,0.05,0.024,OK,NONE,AUTO-VIS-01
2023-10-27 00:56:55,P-Usine_A-000979,P-Usine_A-000979,99.999,49.979,25.018,-0.05,0.05,0.021,OK,NONE,AUTO-VIS-01
2023-10-27 01:02:50,P-Usine_A-000980,P-Usine_A-000980,99.999,50.02,24.98,-0.05,0.05,0.02,OK,NONE,AUTO-VIS-01
2023-10-27 01:02:13,P-Usine_A-000981,P-Usine_A-000981,100.006,49.981,25.012,-0.05,0.05,0.019,OK,NONE,AUTO-VIS-01
2023-10-27 00:59:25,P-Usine_A-000982,P-Usine_A-000982,100.005,49.98,24.992,-0.05,0.05,0.02,OK,NONE,AUTO-VIS-01
2023-10-27 00:59:38,P-Usine_A-000983,P-Usine_A-000983,99.968,49.981,24.997,-0.05,0.05,0.032,OK,NONE,AUTO-VIS-01
2023-10-27 01:03:36,P-Usine_A-000984,P-Usine_A-000984,100.016,50.04,25.013,-0.05,0.05,0.04,OK,NONE,AUTO-VIS-01
2023-10-27 01:08:30,P-Usine_A-000985,P-Usine_A-000985,100.015,49.999,24.994,-0.05,0.05,0.015,OK,NONE,AUTO-VIS-01
2023-10-27 01:09:41,P-Usine_A-000986,P-Usine_A-000986,100.001,50.009,25.001,-0.05,0.05,0.009,OK,NONE,AUTO-VIS-01
2023-10-27 01:10:08,P-Usine_A-000987,P-Usine_A-000987,100.002,50.031,25.013,-0.05,0.05,0.031,OK,NONE,AUTO-VIS-01
2023-10-27 01:04:09,P-Usine_A-000988,P-Usine_A-000988,99.979,49.988,25.014,-0.05,0.05,0.021,OK,NONE,AUTO-VIS-01
2023-10-27 01:08:50,P-Usine_A-000989,P-Usine_A-000989,100.018,50.009,24.988,-0.05,0.05,0.018,OK,NONE,AUTO-VIS-01
2023-10-27 01:07:32,P-Usine_A-000990,P-Usine_A-000990,99.984,50.009,25.002,-0.05,,0.016,OK,NONE,AUTO-VIS-01
2023-10-27 01:13:07,P-Usine_A-000991,P-Usine_A-000991,100.024,50.028,25.015,-0.05,0.05,0.028,OK,NONE,AUTO-VIS-01
2023-10-27 01:13:07,P-Usine_A-000991,P-Usine_A-000991,100.024,50.028,25.015,-0.05,0.05,0.028,OK,NONE,AUTO-VIS-01
2023-10-27 01:12:54,P-Usine_A-000992,P-Usine_A-000992,100.017,50.025,25.008,-0.05,0.05,0.025,OK,NONE,AUTO-VIS-01
2023-10-27 01:13:48,P-Usine_A-000993,P-Usine_A-000993,100.004,50.013,24.953,-0.05,0.05,0.047,OK,NONE,AUTO-VIS-01
2023-10-27 01:14:24,P-Usine_A-000994,P-Usine_A-000994,100.003,50.018,25.002,-0.05,0.05,0.018,OK,NONE,AUTO-VIS-01
2023-10-27 01:14:51,P-Usine_A-000995,P-Usine_A-000995,100.013,50.024,24.985,-0.05,0.05,0.024,OK,NONE,AUTO-VIS-01
2023-10-27 01:17:46,P-Usine_A-000996,P-Usine_A-000996,99.971,50.021,24.978,-0.05,0.05,0.029,OK,NONE,AUTO-VIS-01
2023-10-27 01:20:10,P-Usine_A-000997,P-Usine_A-000997,99.975,49.972,24.981,-0.05,0.05,,OK,NONE,AUTO-VIS-01
2023-10-27 01:13:10,P-Usine_A-000998,P-Usine_A-000998,99.958,50.024,24.98,-0.05,0.05,0.042,OK,NONE,AUTO-VIS-01
2023-10-27 01:20:12,P-Usine_A-000999,P-Usine_A-000999,99.965,49.998,25.018,-0.05,0.05,0.035,OK,NONE,AUTO-VIS-01
2023-10-27 01:22:32,P-Usine_A-001000,P-Usine_A-001000,100.037,49.965,25.004,-0.05,0.05,0.037,OK,NONE,AUTO-VIS-01
