timestamp,part_id,num_serie,num_lot_prod,client,date_expedition,quantite_lot,certificat_conf
2023-10-26 08:50:33,P-Usine_A-000001,P-Usine_A-000001,L-Usine_A-202343,Airbus,2023-10-27,50,CERT-P-Usine_A-000001
2023-10-26 08:56:15,P-Usine_A-000002,P-Usine_A-000002,L-Usine_A-202343,Safran,2023-10-28,50,CERT-P-Usine_A-000002
2023-10-26 08:53:26,P-Usine_A-000005,P-Usine_A-000005,L-Usine_A-202343,Airbus,2023-10-28,50,CERT-P-Usine_A-000005
2023-10-26 08:57:39,P-Usine_A-000007,P-Usine_A-000007,L-Usine_A-202343,Safran,2023-10-27,50,CERT-P-Usine_A-000007
2023-10-26 08:58:54,P-Usine_A-000008,P-Usine_A-000008,L-Usine_A-202343,Safran,2023-10-31,50,CERT-P-Usine_A-000008
2023-10-26 08:55:00,P-Usine_A-000009,P-Usine_A-000009,L-Usine_A-202343,Safran,2023-10-28,50,CERT-P-Usine_A-000009
2023-10-26 08:55:56,P-Usine_A-000010,P-Usine_A-000010,L-Usine_A-202343,Airbus,2023-10-31,50,CERT-P-Usine_A-000010
2023-10-26 08:56:51,P-Usine_A-000011,P-Usine_A-000011,L-Usine_A-202343,Dassault,2023-10-27,50,CERT-P-Usine_A-000011
2023-10-26 09:03:46,P-Usine_A-000012,P-Usine_A-000012,L-Usine_A-202343,Dassault,2023-10-29,50,CERT-P-Usine_A-000012
2023-10-26 08:59:37,P-Usine_A-000013,P-Usine_A-000013,L-Usine_A-202343,Airbus,2023-10-28,50,CERT-P-Usine_A-000013
2023-10-26 08:59:11,P-Usine_A-000014,P-Usine_A-000014,L-Usine_A-202343,Safran,2023-10-27,50,CERT-P-Usine_A-000014
2023-10-26 09:06:57,P-Usine_A-000016,P-Usine_A-000016,L-Usine_A-202343,Safran,2023-10-28,50,CERT-P-Usine_A-000016
2023-10-26 09:04:06,P-Usine_A-000017,P-Usine_A-000017,L-Usine_A-202343,Dassault,2023-10-29,50,CERT-P-Usine_A-000017
2023-10-26 09:07:37,P-Usine_A-000018,P-Usine_A-000018,L-Usine_A-202343,999.9,2023-10-29,50,CERT-P-Usine_A-000018
2023-10-26 09:08:06,P-Usine_A-000019,P-Usine_A-000019,L-Usine_A-202343,Airbus,2023-10-27,50,CERT-P-Usine_A-000019
2023-10-26 09:09:11,P-Usine_A-000020,P-Usine_A-000020,L-Usine_A-202343,Safran,2023-10-31,50,CERT-P-Usine_A-000020
2023-10-26 09:09:21,P-Usine_A-000021,P-Usine_A-000021,L-Usine_A-202343,Dassault,2023-10-27,50,CERT-P-Usine_A-000021
2023-10-26 09:07:37,P-Usine_A-000022,P-Usine_A-000022,L-Usine_A-202343,Airbus,2023-10-29,50,CERT-P-Usine_A-000022
2023-10-26 09:17:08,P-Usine_A-000024,P-Usine_A-000024,L-Usine_A-202343,Dassault,2023-10-29,50,CERT-P-Usine_A-000024
2023-10-26 09:18:18,P-Usine_A-000026,P-Usine_A-000026,L-Usine_A-202343,Airbus,2023-10-27,50,CERT-P-Usine_A-000026
2023-10-26 09:13:33,P-Usine_A-000027,P-Usine_A-000027,L-Usine_A-202343,Dassault,2023-10-28,50,CERT-P-Usine_A-000027
2023-10-26 09:19:00,P-Usine_A-000028,P-Usine_A-000028,L-Usine_A-202343,Dassault,2023-10-29,50,CERT-P-Usine_A-000028
2023-10-26 09:14:21,P-Usine_A-000029,P-Usine_A-000029,L-Usine_A-202343,Airbus,2023-10-29,50,CERT-P-Usine_A-000029
2023-10-26 09:22:18,P-Usine_A-000030,P-Usine_A-000030,L-Usine_A-202343,Safran,2023-10-27,50,CERT-P-Usine_A-000030
2023-10-26 09:26:00,P-Usine_A-000031,P-Usine_A-000031,L-Usine_A-202343,Airbus,2023-10-27,50,CERT-P-Usine_A-000031
2023-10-26 09:23:38,P-Usine_A-000032,P-Usine_A-000032,L-Usine_A-202343,Dassault,2023-10-27,50,CERT-P-Usine_A-000032
2023-10-26 09:18:41,P-Usine_A-000033,P-Usine_A-000033,L-Usine_A-202343,Safran,2023-10-29,50,CERT-P-Usine_A-000033
2023-10-26 09:24:18,P-Usine_A-000034,P-Usine_A-000034,L-Usine_A-202343,Airbus,2023-10-30,50,CERT-P-Usine_A-000034
2023-10-26 09:27:50,P-Usine_A-000035,P-Usine_A-000035,L-Usine_A-202343,Airbus,2023-10-28,50,CERT-P-Usine_A-000035
2023-10-26 09:24:08,P-Usine_A-000036,P-Usine_A-000036,L-Usine_A-202343,Airbus,2023-10-29,50,CERT-P-Usine_A-000036
2023-10-26 09:24:05,P-Usine_A-000037,P-Usine_A-000037,L-Usine_A-202343,Dassault,2023-10-29,50,CERT-P-Usine_A-000037
2023-10-26 09:28:33,P-Usine_A-000038,P-Usine_A-000038,L-Usine_A-202343,Dassault,2023-10-30,50,CERT-P-Usine_A-000038
2023-10-26 09:28:33,P-Usine_A-000038,P-Usine_A-000038,L-Usine_A-202343,Dassault,2023-10-30,50,CERT-P-Usine_A-000038
2023-10-26 09:28:30,P-Usine_A-000040,P-Usine_A-000040,L-Usine_A-202343,Safran,2023-10-30,50,CERT-P-Usine_A-000040
2023-10-26 09:33:09,P-Usine_A-000041,P-Usine_A-000041,L-Usine_A-202343,Dassault,2023-10-27,50,CERT-P-Usine_A-000041
2023-10-26 09:35:12,P-Usine_A-000042,P-Usine_A-000042,L-Usine_A-202343,Dassault,2023-10-31,50,CERT-P-Usine_A-000042
2023-10-26 09:36:47,P-Usine_A-000043,P-Usine_A-000043,L-Usine_A-202343,Safran,999.9,50,CERT-P-Usine_A-000043
2023-10-26 09:29:37,P-Usine_A-000045,P-Usine_A-000045,L-Usine_A-202343,Airbus,2023-10-29,50,CERT-P-Usine_A-000045
2023-10-26 09:37:18,P-Usine_A-000046,P-Usine_A-000046,L-Usine_A-202343,Dassault,2023-10-30,50,CERT-P-Usine_A-000046
2023-10-26 09:37:17,P-Usine_A-000047,P-Usine_A-000047,L-Usine_A-202343,Dassault,2023-10-31,50,CERT-P-Usine_A-000047
2023-10-26 09:34:59,P-Usine_A-000048,P-Usine_A-000048,L-Usine_A-202343,Safran,2023-10-29,50,CERT-P-Usine_A-000048
2023-10-26 09:38:01,P-Usine_A-000049,P-Usine_A-000049,L-Usine_A-202343,Airbus,2023-10-31,50,CERT-P-Usine_A-000049
2023-10-26 09:44:02,P-Usine_A-000050,P-Usine_A-000050,L-Usine_A-202343,Airbus,2023-10-29,50,CERT-P-Usine_A-000050
2023-10-26 09:45:02,P-Usine_A-000051,P-Usine_A-000051,L-Usine_A-202343,Airbus,2023-10-30,50,CERT-P-Usine_A-000051
2023-10-26 09:41:42,P-Usine_A-000052,P-Usine_A-000052,L-Usine_A-202343,Airbus,2023-10-30,50,CERT-P-Usine_A-000052
2023-10-26 09:40:49,P-Usine_A-000053,P-Usine_A-000053,L-Usine_A-202343,Airbus,2023-10-31,50,CERT-P-Usine_A-000053
2023-10-26 09:47:39,P-Usine_A-000054,P-Usine_A-000054,L-Usine_A-202343,Airbus,999.9,50,CERT-P-Usine_A-000054
2023-10-26 09:45:00,P-Usine_A-000055,P-Usine_A-000055,L-Usine_A-202343,Dassault,2023-10-31,50,CERT-P-Usine_A-000055
2023-10-26 09:46:28,P-Usine_A-000056,P-Usine_A-000056,L-Usine_A-202343,Dassault,2023-10-29,50,CERT-P-Usine_A-000056
2023-10-26 09:41:56,P-Usine_A-000057,P-Usine_A-000057,L-Usine_A-202343,Safran,2023-10-30,50,CERT-P-Usine_A-000057
2023-10-26 09:45:55,P-Usine_A-000058,P-Usine_A-000058,L-Usine_A-202343,Airbus,2023-10-29,50,CERT-P-Usine_A-000058
2023-10-26 09:45:15,P-Usine_A-000059,P-Usine_A-000059,L-Usine_A-202343,Dassault,2023-10-30,50,CERT-P-Usine_A-000059
2023-10-26 09:52:26,P-Usine_A-000060,P-Usine_A-000060,L-Usine_A-202343,Airbus,2023-10-28,50,CERT-P-Usine_A-000060
2023-10-26 09:48:32,P-Usine_A-000061,P-Usine_A-000061,L-Usine_A-202343,Airbus,2023-10-27,50,CERT-P-Usine_A-000061
2023-10-26 09:53:21,P-Usine_A-000063,P-Usine_A-000063,L-Usine_A-202343,Airbus,2023-10-27,50,CERT-P-Usine_A-000063
2023-10-26 09:51:00,P-Usine_A-000064,P-Usine_A-000064,L-Usine_A-202343,Dassault,2023-10-27,50,CERT-P-Usine_A-000064
2023-10-26 09:58:45,P-Usine_A-000065,P-Usine_A-000065,L-Usine_A-202343,Safran,2023-10-31,50,CERT-P-Usine_A-000065
2023-10-26 09:51:46,P-Usine_A-000066,P-Usine_A-000066,L-Usine_A-202343,Dassault,2023-10-27,50,CERT-P-Usine_A-000066
2023-10-26 10:00:35,P-Usine_A-000067,P-Usine_A-000067,L-Usine_A-202343,Dassault,2023-10-28,50,CERT-P-Usine_A-000067
2023-10-26 10:00:32,P-Usine_A-000068,P-Usine_A-000068,L-Usine_A-202343,Dassault,2023-10-28,50,CERT-P-Usine_A-000068
2023-10-26 10:03:33,P-Usine_A-000069,P-Usine_A-000069,L-Usine_A-202343,Safran,2023-10-30,50,CERT-P-Usine_A-000069
2023-10-26 10:01:00,P-Usine_A-000070,P-Usine_A-000070,L-Usine_A-202343,Safran,2023-10-31,50,CERT-P-Usine_A-000070
2023-10-26 09:59:36,P-Usine_A-000071,P-Usine_A-000071,L-Usine_A-202343,Dassault,2023-10-31,50,CERT-P-Usine_A-000071
2023-10-26 10:05:39,P-Usine_A-000072,P-Usine_A-000072,L-Usine_A-202343,Safran,2023-10-27,50,CERT-P-Usine_A-000072
2023-10-26 09:59:22,P-Usine_A-000073,P-Usine_A-000073,L-Usine_A-202343,Safran,2023-10-27,50,CERT-P-Usine_A-000073
2023-10-26 10:00:39,P-Usine_A-000074,P-Usine_A-000074,L-Usine_A-202343,Dassault,2023-10-28,50,CERT-P-Usine_A-000074
2023-10-26 10:06:05,P-Usine_A-000075,P-Usine_A-000075,L-Usine_A-202343,Safran,2023-10-28,50,CERT-P-Usine_A-000075
2023-10-26 10:10:04,P-Usine_A-000077,P-Usine_A-000077,L-Usine_A-202343,Safran,2023-10-30,50,CERT-P-Usine_A-000077
2023-10-26 10:08:18,P-Usine_A-000078,P-Usine_A-000078,L-Usine_A-202343,Safran,2023-10-31,50,CERT-P-Usine_A-000078
2023-10-26 10:10:47,P-Usine_A-000080,P-Usine_A-000080,L-Usine_A-202343,Safran,2023-10-28,50,CERT-P-Usine_A-000080
2023-10-26 10:08:39,P-Usine_A-000081,P-Usine_A-000081,L-Usine_A-202343,Dassault,2023-10-30,50,CERT-P-Usine_A-000081
2023-10-26 10:12:16,P-Usine_A-000083,P-Usine_A-000083,L-Usine_A-202343,Dassault,2023-10-30,50,CERT-P-Usine_A-000083
2023-10-26 10:11:38,P-Usine_A-000084,P-Usine_A-000084,L-Usine_A-202343,Airbus,2023-10-29,50,CERT-P-Usine_A-000084
2023-10-26 10:11:05,P-Usine_A-000085,P-Usine_A-000085,L-Usine_A-202343,Dassault,2023-10-27,50,CERT-P-Usine_A-000085
2023-10-26 10:14:02,P-Usine_A-000086,P-Usine_A-000086,L-Usine_A-202343,Safran,2023-10-27,50,CERT-P-Usine_A-000086
2023-10-26 10:20:40,P-Usine_A-000087,P-Usine_A-000087,L-Usine_A-202343,Airbus,2023-10-29,50,CERT-P-Usine_A-000087
2023-10-26 10:21:11,P-Usine_A-000088,P-Usine_A-000088,L-Usine_A-202343,Safran,2023-10-28,50,CERT-P-Usine_A-000088
2023-10-26 10:16:45,P-Usine_A-000089,P-Usine_A-000089,L-Usine_A-202343,Dassault,2023-10-28,50,CERT-P-Usine_A-000089
2023-10-26 10:23:09,P-Usine_A-000090,P-Usine_A-000090,L-Usine_A-202343,Safran,2023-10-31,50,CERT-P-Usine_A-000090
2023-10-26 10:25:07,P-Usine_A-000091,P-Usine_A-000091,L-Usine_A-202343,Dassault,2023-10-30,50,CERT-P-Usine_A-000091
2023-10-26 10:25:12,P-Usine_A-000092,P-Usine_A-000092,L-Usine_A-202343,Safran,2023-10-30,50,CERT-P-Usine_A-000092
2023-10-26 10:22:09,P-Usine_A-000094,P-Usine_A-000094,L-Usine_A-202343,Dassault,2023-10-29,50,CERT-P-Usine_A-000094
2023-10-26 10:29:16,P-Usine_A-000096,P-Usine_A-000096,L-Usine_A-202343,Safran,2023-10-28,50,CERT-P-Usine_A-000096
2023-10-26 10:23:42,P-Usine_A-000097,P-Usine_A-000097,L-Usine_A-202343,Dassault,2023-10-31,50,CERT-P-Usine_A-000097
2023-10-26 10:28:38,P-Usine_A-000098,P-Usine_A-000098,L-Usine_A-202343,Dassault,2023-10-30,50,CERT-P-Usine_A-000098
2023-10-26 10:24:36,P-Usine_A-000099,P-Usine_A-000099,L-Usine_A-202343,Dassault,2023-10-31,999.9,CERT-P-Usine_A-000099
2023-10-26 10:28:56,P-Usine_A-000100,P-Usine_A-000100,L-Usine_A-202343,Dassault,2023-10-30,50,CERT-P-Usine_A-000100
2023-10-26 10:30:22,P-Usine_A-000101,P-Usine_A-000101,L-Usine_A-202343,Safran,2023-10-27,50,CERT-P-Usine_A-000101
2023-10-26 10:29:26,P-Usine_A-000102,P-Usine_A-000102,L-Usine_A-202343,Dassault,2023-10-30,50,CERT-P-Usine_A-000102
2023-10-26 10:29:24,P-Usine_A-000104,P-Usine_A-000104,L-Usine_A-202343,Airbus,2023-10-31,50,CERT-P-Usine_A-000104
2023-10-26 10:31:54,P-Usine_A-000105,P-Usine_A-000105,L-Usine_A-202343,Airbus,2023-10-31,50,CERT-P-Usine_A-000105
2023-10-26 10:33:00,P-Usine_A-000106,P-Usine_A-000106,L-Usine_A-202343,Airbus,2023-10-29,50,CERT-P-Usine_A-000106
2023-10-26 10:34:11,P-Usine_A-000107,P-Usine_A-000107,L-Usine_A-202343,Airbus,2023-10-29,50,CERT-P-Usine_A-000107
2023-10-26 10:38:30,P-Usine_A-000108,P-Usine_A-000108,L-Usine_A-202343,Dassault,2023-10-31,50,CERT-P-Usine_A-000108
2023-10-26 10:39:20,P-Usine_A-000109,P-Usine_A-000109,L-Usine_A-202343,Airbus,2023-10-30,50,CERT-P-Usine_A-000109
2023-10-26 10:41:29,P-Usine_A-000110,P-Usine_A-000110,L-Usine_A-202343,Airbus,2023-10-31,50,CERT-P-Usine_A-000110
2023-10-26 10:40:53,P-Usine_A-000111,P-Usine_A-000111,L-Usine_A-202343,Airbus,2023-10-27,50,CERT-P-Usine_A-000111
2023-10-26 10:39:44,P-Usine_A-000113,P-Usine_A-000113,L-Usine_A-202343,Airbus,2023-10-30,50,CERT-P-Usine_A-000113
2023-10-26 10:45:54,P-Usine_A-000114,P-Usine_A-000114,L-Usine_A-202343,Airbus,2023-10-27,50,CERT-P-Usine_A-000114
2023-10-26 10:43:10,P-Usine_A-000115,P-Usine_A-000115,L-Usine_A-202343,Airbus,2023-10-29,50,CERT-P-Usine_A-000115
2023-10-26 10:51:17,P-Usine_A-000116,P-Usine_A-000116,L-Usine_A-202343,Dassault,2023-10-27,50,CERT-P-Usine_A-000116
2023-10-26 10:49:11,P-Usine_A-000117,P-Usine_A-000117,,Safran,2023-10-30,50,CERT-P-Usine_A-000117
2023-10-26 10:47:44,P-Usine_A-000118,P-Usine_A-000118,L-Usine_A-202343,Dassault,2023-10-30,50,CERT-P-Usine_A-000118
2023-10-26 10:51:29,P-Usine_A-000119,P-Usine_A-000119,L-Usine_A-202343,Safran,2023-10-28,50,CERT-P-Usine_A-000119
2023-10-26 10:45:17,P-Usine_A-000120,,L-Usine_A-202343,Dassault,2023-10-29,50,CERT-P-Usine_A-000120
2023-10-26 10:51:07,P-Usine_A-000121,P-Usine_A-000121,L-Usine_A-202343,Dassault,2023-10-30,50,CERT-P-Usine_A-000121
2023-10-26 10:54:26,P-Usine_A-000122,P-Usine_A-000122,L-Usine_A-202343,Airbus,2023-10-27,50,CERT-P-Usine_A-000122
2023-10-26 10:50:09,P-Usine_A-000123,P-Usine_A-000123,L-Usine_A-202343,Dassault,2023-10-28,50,CERT-P-Usine_A-000123
2023-10-26 10:54:59,P-Usine_A-000125,P-Usine_A-000125,L-Usine_A-202343,Safran,2023-10-30,50,CERT-P-Usine_A-000125
2023-10-26 10:53:58,P-Usine_A-000126,P-Usine_A-000126,L-Usine_A-202343,Dassault,2023-10-28,50,CERT-P-Usine_A-000126
2023-10-26 10:56:03,P-Usine_A-000127,P-Usine_A-000127,L-Usine_A-202343,Airbus,2023-10-29,50,CERT-P-Usine_A-000127
2023-10-26 10:54:25,P-Usine_A-000128,P-Usine_A-000128,L-Usine_A-202343,Dassault,2023-10-27,50,CERT-P-Usine_A-000128
2023-10-26 10:58:33,P-Usine_A-000129,P-Usine_A-000129,L-Usine_A-202343,Airbus,2023-10-28,50,CERT-P-Usine_A-000129
2023-10-26 10:55:56,P-Usine_A-000130,P-Usine_A-000130,L-Usine_A-202343,Dassault,2023-10-31,50,CERT-P-Usine_A-000130
2023-10-26 11:04:12,P-Usine_A-000132,P-Usine_A-000132,L-Usine_A-202343,Airbus,2023-10-29,50,CERT-P-Usine_A-000132
2023-10-26 11:00:18,P-Usine_A-000133,P-Usine_A-000133,L-Usine_A-202343,Airbus,2023-10-28,50,CERT-P-Usine_A-000133
2023-10-26 11:08:08,P-Usine_A-000134,P-Usine_A-000134,L-Usine_A-202343,Safran,2023-10-30,50,CERT-P-Usine_A-000134
2023-10-26 11:04:34,P-Usine_A-000136,P-Usine_A-000136,L-Usine_A-202343,Safran,2023-10-28,50,CERT-P-Usine_A-000136
2023-10-26 11:03:07,P-Usine_A-000137,P-Usine_A-000137,L-Usine_A-202343,Safran,2023-10-30,50,CERT-P-Usine_A-000137
2023-10-26 11:03:34,P-Usine_A-000138,P-Usine_A-000138,L-Usine_A-202343,Airbus,2023-10-30,50,CERT-P-Usine_A-000138
2023-10-26 11:12:14,P-Usine_A-000140,P-Usine_A-000140,L-Usine_A-202343,Safran,2023-10-28,50,CERT-P-Usine_A-000140
2023-10-26 11:12:23,P-Usine_A-000141,P-Usine_A-000141,L-Usine_A-202343,,2023-10-28,50,CERT-P-Usine_A-000141
2023-10-26 11:07:40,P-Usine_A-000142,P-Usine_A-000142,L-Usine_A-202343,Safran,2023-10-27,50,CERT-P-Usine_A-000142
2023-10-26 11:14:54,P-Usine_A-000143,P-Usine_A-000143,L-Usine_A-202343,Dassault,2023-10-29,50,CERT-P-Usine_A-000143
2023-10-26 11:10:25,P-Usine_A-000144,P-Usine_A-000144,L-Usine_A-202343,Safran,2023-10-31,50,CERT-P-Usine_A-000144
2023-10-26 11:20:03,P-Usine_A-000145,P-Usine_A-000145,L-Usine_A-202343,Dassault,2023-10-30,50,CERT-P-Usine_A-000145
2023-10-26 11:15:35,P-Usine_A-000146,P-Usine_A-000146,L-Usine_A-202343,Airbus,2023-10-27,50,CERT-P-Usine_A-000146
2023-10-26 11:17:26,P-Usine_A-000147,P-Usine_A-000147,L-Usine_A-202343,Dassault,2023-10-27,50,CERT-P-Usine_A-000147
2023-10-26 11:21:15,P-Usine_A-000148,P-Usine_A-000148,L-Usine_A-202343,Safran,2023-10-27,50,CERT-P-Usine_A-000148
2023-10-26 11:21:40,,P-Usine_A-000149,L-Usine_A-202343,Safran,2023-10-31,50,CERT-P-Usine_A-000149
2023-10-26 11:18:46,P-Usine_A-000150,P-Usine_A-000150,L-Usine_A-202343,Airbus,2023-10-30,50,CERT-P-Usine_A-000150
2023-10-26 11:25:52,P-Usine_A-000151,P-Usine_A-000151,L-Usine_A-202343,Airbus,2023-10-27,50,CERT-P-Usine_A-000151
2023-10-26 11:23:19,P-Usine_A-000153,P-Usine_A-000153,L-Usine_A-202343,Dassault,2023-10-30,50,CERT-P-Usine_A-000153
2023-10-26 11:25:18,P-Usine_A-000154,P-Usine_A-000154,L-Usine_A-202343,Safran,2023-10-29,50,CERT-P-Usine_A-000154
2023-10-26 11:25:43,P-Usine_A-000155,P-Usine_A-000155,L-Usine_A-202343,Airbus,2023-10-27,50,CERT-P-Usine_A-000155
2023-10-26 11:31:42,P-Usine_A-000158,P-Usine_A-000158,L-Usine_A-202343,Safran,2023-10-27,50,CERT-P-Usine_A-000158
2023-10-26 11:30:51,P-Usine_A-000159,P-Usine_A-000159,L-Usine_A-202343,Dassault,2023-10-28,50,CERT-P-Usine_A-000159
2023-10-26 11:28:58,P-Usine_A-000160,P-Usine_A-000160,L-Usine_A-202343,Dassault,2023-10-27,50,CERT-P-Usine_A-000160
2023-10-26 11:29:40,P-Usine_A-000161,P-Usine_A-000161,L-Usine_A-202343,Airbus,2023-10-27,50,CERT-P-Usine_A-000161
2023-10-26 11:36:54,P-Usine_A-000162,P-Usine_A-000162,L-Usine_A-202343,Airbus,2023-10-31,50,CERT-P-Usine_A-000162
2023-10-26 11:31:37,P-Usine_A-000164,P-Usine_A-000164,L-Usine_A-202343,Dassault,2023-10-30,50,CERT-P-Usine_A-000164
2023-10-26 11:33:48,P-Usine_A-000165,P-Usine_A-000165,L-Usine_A-202343,Safran,2023-10-28,50,CERT-P-Usine_A-000165
2023-10-26 11:32:41,P-Usine_A-000166,P-Usine_A-000166,L-Usine_A-202343,Safran,2023-10-28,50,CERT-P-Usine_A-000166
2023-10-26 11:39:56,P-Usine_A-000167,P-Usine_A-000167,L-Usine_A-202343,Airbus,2023-10-28,50,CERT-P-Usine_A-000167
2023-10-26 11:40:09,P-Usine_A-000168,P-Usine_A-000168,L-Usine_A-202343,Safran,2023-10-29,50,CERT-P-Usine_A-000168
2023-10-26 11:44:03,P-Usine_A-000169,P-Usine_A-000169,L-Usine_A-202343,Airbus,2023-10-28,50,CERT-P-Usine_A-000169
2023-10-26 11:44:55,P-Usine_A-000170,P-Usine_A-000170,L-Usine_A-202343,Dassault,999.9,50,CERT-P-Usine_A-000170
2023-10-26 11:41:07,P-Usine_A-000171,P-Usine_A-000171,L-Usine_A-202343,Airbus,2023-10-29,50,CERT-P-Usine_A-000171
2023-10-26 11:46:47,P-Usine_A-000172,P-Usine_A-000172,L-Usine_A-202343,Safran,2023-10-29,50,CERT-P-Usine_A-000172
2023-10-26 11:43:21,P-Usine_A-000173,P-Usine_A-000173,L-Usine_A-202343,Airbus,2023-10-30,50,CERT-P-Usine_A-000173
2023-10-26 11:48:49,P-Usine_A-000174,P-Usine_A-000174,L-Usine_A-202343,Safran,2023-10-28,50,CERT-P-Usine_A-000174
2023-10-26 11:45:22,P-Usine_A-000175,P-Usine_A-000175,L-Usine_A-202343,Airbus,2023-10-31,50,CERT-P-Usine_A-000175
2023-10-26 11:50:30,P-Usine_A-000176,P-Usine_A-000176,L-Usine_A-202343,Airbus,2023-10-28,50,CERT-P-Usine_A-000176
2023-10-26 11:43:05,P-Usine_A-000177,P-Usine_A-000177,L-Usine_A-202343,Safran,2023-10-27,50,CERT-P-Usine_A-000177
2023-10-26 11:44:53,P-Usine_A-000178,P-Usine_A-000178,L-Usine_A-202343,Safran,2023-10-31,50,CERT-P-Usine_A-000178
2023-10-26 11:52:11,P-Usine_A-000180,P-Usine_A-000180,L-Usine_A-202343,Dassault,2023-10-31,50,CERT-P-Usine_A-000180
2023-10-26 11:48:56,P-Usine_A-000182,P-Usine_A-000182,L-Usine_A-202343,Airbus,2023-10-29,50,CERT-P-Usine_A-000182
2023-10-26 11:52:09,P-Usine_A-000184,P-Usine_A-000184,L-Usine_A-202343,Airbus,2023-10-27,50,CERT-P-Usine_A-000184
2023-10-26 11:59:00,P-Usine_A-000185,P-Usine_A-000185,L-Usine_A-202343,Airbus,2023-10-31,50,CERT-P-Usine_A-000185
2023-10-26 11:54:29,P-Usine_A-000187,P-Usine_A-000187,L-Usine_A-202343,Safran,2023-10-27,50,CERT-P-Usine_A-000187
2023-10-26 11:53:51,P-Usine_A-000188,P-Usine_A-000188,L-Usine_A-202343,Dassault,2023-10-28,50,
2023-10-26 12:01:07,P-Usine_A-000189,P-Usine_A-000189,L-Usine_A-202343,Safran,2023-10-28,50,CERT-P-Usine_A-000189
2023-10-26 12:03:11,P-Usine_A-000190,P-Usine_A-000190,L-Usine_A-202343,Dassault,2023-10-31,50,CERT-P-Usine_A-000190
2023-10-26 12:04:56,P-Usine_A-000191,P-Usine_A-000191,L-Usine_A-202343,Safran,2023-10-29,50,CERT-P-Usine_A-000191
2023-10-26 12:00:53,P-Usine_A-000192,P-Usine_A-000192,L-Usine_A-202343,Dassault,2023-10-30,50,CERT-P-Usine_A-000192
2023-10-26 12:02:23,P-Usine_A-000193,P-Usine_A-000193,L-Usine_A-202343,Airbus,2023-10-29,50,CERT-P-Usine_A-000193
2023-10-26 12:08:20,P-Usine_A-000194,P-Usine_A-000194,L-Usine_A-202343,Airbus,2023-10-28,50,CERT-P-Usine_A-000194
2023-10-26 12:02:38,P-Usine_A-000195,P-Usine_A-000195,L-Usine_A-202343,Dassault,2023-10-31,50,CERT-P-Usine_A-000195
2023-10-26 12:03:04,P-Usine_A-000196,P-Usine_A-000196,L-Usine_A-202343,Dassault,2023-10-27,50,CERT-P-Usine_A-000196
2023-10-26 12:10:45,P-Usine_A-000197,P-Usine_A-000197,L-Usine_A-202343,Airbus,2023-10-29,50,CERT-P-Usine_A-000197
2023-10-26 12:11:57,P-Usine_A-000198,P-Usine_A-000198,L-Usine_A-202343,Dassault,2023-10-28,50,CERT-P-Usine_A-000198
2023-10-26 12:11:23,P-Usine_A-000200,P-Usine_A-000200,L-Usine_A-202343,Airbus,2023-10-30,50,CERT-P-Usine_A-000200
2023-10-26 12:08:35,P-Usine_A-000201,P-Usine_A-000201,L-Usine_A-202343,Airbus,2023-10-29,50,CERT-P-Usine_A-000201
2023-10-26 12:12:06,P-Usine_A-000202,P-Usine_A-000202,L-Usine_A-202343,Safran,2023-10-28,50,CERT-P-Usine_A-000202
2023-10-26 12:10:46,P-Usine_A-000203,P-Usine_A-000203,L-Usine_A-202343,Safran,2023-10-29,50,CERT-P-Usine_A-000203
2023-10-26 12:09:21,P-Usine_A-000204,P-Usine_A-000204,L-Usine_A-202343,Airbus,2023-10-30,50,CERT-P-Usine_A-000204
2023-10-26 12:18:16,P-Usine_A-000205,P-Usine_A-000205,L-Usine_A-202343,Airbus,2023-10-28,,CERT-P-Usine_A-000205
2023-10-26 12:15:16,P-Usine_A-000206,P-Usine_A-000206,L-Usine_A-202343,Dassault,2023-10-29,50,CERT-P-Usine_A-000206
2023-10-26 12:18:32,P-Usine_A-000207,P-Usine_A-000207,L-Usine_A-202343,Safran,2023-10-27,50,CERT-P-Usine_A-000207
2023-10-26 12:19:29,P-Usine_A-000208,P-Usine_A-000208,L-Usine_A-202343,Dassault,2023-10-30,50,CERT-P-Usine_A-000208
2023-10-26 12:20:39,P-Usine_A-000209,P-Usine_A-000209,L-Usine_A-202343,Dassault,2023-10-27,50,CERT-P-Usine_A-000209
2023-10-26 12:15:13,P-Usine_A-000210,P-Usine_A-000210,L-Usine_A-202343,Safran,2023-10-27,50,CERT-P-Usine_A-000210
2023-10-26 12:23:41,P-Usine_A-000212,P-Usine_A-000212,L-Usine_A-202343,Safran,2023-10-29,50,CERT-P-Usine_A-000212
2023-10-26 12:21:54,P-Usine_A-000214,P-Usine_A-000214,L-Usine_A-202343,Safran,2023-10-31,50,CERT-P-Usine_A-000214
2023-10-26 12:21:30,P-Usine_A-000216,P-Usine_A-000216,L-Usine_A-202343,Airbus,2023-10-31,50,CERT-P-Usine_A-000216
2023-10-26 12:28:00,P-Usine_A-000217,P-Usine_A-000217,L-Usine_A-202343,Airbus,2023-10-31,50,CERT-P-Usine_A-000217
2023-10-26 12:24:46,P-Usine_A-000218,P-Usine_A-000218,L-Usine_A-202343,Dassault,2023-10-29,50,CERT-P-Usine_A-000218
2023-10-26 12:30:12,P-Usine_A-000219,P-Usine_A-000219,L-Usine_A-202343,Safran,2023-10-31,50,CERT-P-Usine_A-000219
2023-10-26 12:31:46,P-Usine_A-000221,P-Usine_A-000221,L-Usine_A-202343,Airbus,2023-10-27,50,CERT-P-Usine_A-000221
2023-10-26 12:31:46,P-Usine_A-000221,P-Usine_A-000221,L-Usine_A-202343,Airbus,2023-10-27,50,CERT-P-Usine_A-000221
2023-10-26 12:27:59,P-Usine_A-000222,P-Usine_A-000222,L-Usine_A-202343,Safran,2023-10-30,50,CERT-P-Usine_A-000222
2023-10-26 12:33:45,P-Usine_A-000223,P-Usine_A-000223,L-Usine_A-202343,Dassault,2023-10-28,50,CERT-P-Usine_A-000223
2023-10-26 12:35:14,P-Usine_A-000224,P-Usine_A-000224,L-Usine_A-202343,Airbus,2023-10-29,50,CERT-P-Usine_A-000224
2023-10-26 12:38:58,P-Usine_A-000225,P-Usine_A-000225,L-Usine_A-202343,Dassault,2023-10-27,50,CERT-P-Usine_A-000225
2023-10-26 12:40:05,P-Usine_A-000226,P-Usine_A-000226,L-Usine_A-202343,Airbus,2023-10-27,50,CERT-P-Usine_A-000226
2023-10-26 12:37:09,P-Usine_A-000227,P-Usine_A-000227,L-Usine_A-202343,Safran,2023-10-27,50,CERT-P-Usine_A-000227
2023-10-26 12:39:32,P-Usine_A-000228,P-Usine_A-000228,L-Usine_A-202343,Airbus,2023-10-30,50,CERT-P-Usine_A-000228
2023-10-26 12:36:48,P-Usine_A-000230,P-Usine_A-000230,L-Usine_A-202343,Airbus,2023-10-30,50,CERT-P-Usine_A-000230
2023-10-26 12:36:10,P-Usine_A-000231,P-Usine_A-000231,L-Usine_A-202343,Dassault,2023-10-29,50,CERT-P-Usine_A-000231
2023-10-26 12:44:14,P-Usine_A-000232,P-Usine_A-000232,L-Usine_A-202343,Dassault,2023-10-29,50,CERT-P-Usine_A-000232
2023-10-26 12:39:24,P-Usine_A-000233,P-Usine_A-000233,L-Usine_A-202343,Dassault,2023-10-31,50,CERT-P-Usine_A-000233
2023-10-26 12:45:14,P-Usine_A-000234,P-Usine_A-000234,L-Usine_A-202343,Airbus,2023-10-31,50,CERT-P-Usine_A-000234
2023-10-26 12:41:52,P-Usine_A-000235,P-Usine_A-000235,L-Usine_A-202343,Airbus,2023-10-28,50,CERT-P-Usine_A-000235
2023-10-26 12:48:13,P-Usine_A-000236,P-Usine_A-000236,L-Usine_A-202343,Dassault,2023-10-31,50,CERT-P-Usine_A-000236
2023-10-26 12:49:37,P-Usine_A-000237,P-Usine_A-000237,L-Usine_A-202343,Safran,2023-10-28,50,CERT-P-Usine_A-000237
2023-10-26 12:42:22,P-Usine_A-000238,P-Usine_A-000238,L-Usine_A-202343,Safran,2023-10-30,50,CERT-P-Usine_A-000238
2023-10-26 12:48:57,P-Usine_A-000239,P-Usine_A-000239,L-Usine_A-202343,Safran,2023-10-28,50,CERT-P-Usine_A-000239
2023-10-26 12:48:23,P-Usine_A-000240,P-Usine_A-000240,L-Usine_A-202343,Airbus,2023-10-30,50,CERT-P-Usine_A-000240
2023-10-26 12:49:45,P-Usine_A-000241,P-Usine_A-000241,L-Usine_A-202343,Airbus,2023-10-29,50,CERT-P-Usine_A-000241
2023-10-26 12:49:45,P-Usine_A-000241,P-Usine_A-000241,L-Usine_A-202343,Airbus,2023-10-29,50,CERT-P-Usine_A-000241
2023-10-26 12:55:51,P-Usine_A-000242,P-Usine_A-000242,L-Usine_A-202343,Dassault,2023-10-27,50,CERT-P-Usine_A-000242
2023-10-26 12:55:51,P-Usine_A-000242,P-Usine_A-000242,L-Usine_A-202343,Dassault,2023-10-27,50,CERT-P-Usine_A-000242
2023-10-26 12:51:15,P-Usine_A-000243,P-Usine_A-000243,L-Usine_A-202343,Safran,2023-10-27,50,CERT-P-Usine_A-000243
2023-10-26 12:53:38,P-Usine_A-000244,P-Usine_A-000244,L-Usine_A-202343,Safran,2023-10-30,50,CERT-P-Usine_A-000244
2023-10-26 12:52:49,P-Usine_A-000245,P-Usine_A-000245,L-Usine_A-202343,Airbus,2023-10-30,50,CERT-P-Usine_A-000245
2023-10-26 12:51:28,P-Usine_A-000247,P-Usine_A-000247,L-Usine_A-202343,Dassault,2023-10-29,50,CERT-P-Usine_A-000247
2023-10-26 12:54:18,P-Usine_A-000248,P-Usine_A-000248,L-Usine_A-202343,Safran,2023-10-27,50,CERT-P-Usine_A-000248
2023-10-26 13:02:11,P-Usine_A-000249,P-Usine_A-000249,L-Usine_A-202343,Safran,2023-10-27,50,CERT-P-Usine_A-000249
2023-10-26 12:55:40,P-Usine_A-000250,P-Usine_A-000250,L-Usine_A-202343,Dassault,2023-10-31,50,CERT-P-Usine_A-000250
2023-10-26 13:01:09,P-Usine_A-000251,P-Usine_A-000251,L-Usine_A-202343,Safran,2023-10-31,50,CERT-P-Usine_A-000251
2023-10-26 13:01:09,P-Usine_A-000251,P-Usine_A-000251,L-Usine_A-202343,Safran,2023-10-31,50,CERT-P-Usine_A-000251
2023-10-26 12:57:57,P-Usine_A-000252,P-Usine_A-000252,L-Usine_A-202343,Safran,2023-10-28,50,CERT-P-Usine_A-000252
2023-10-26 13:05:02,P-Usine_A-000253,P-Usine_A-000253,L-Usine_A-202343,Safran,2023-10-31,50,CERT-P-Usine_A-000253
2023-10-26 13:02:53,P-Usine_A-000254,P-Usine_A-000254,L-Usine_A-202343,Airbus,2023-10-29,50,CERT-P-Usine_A-000254
2023-10-26 13:05:32,P-Usine_A-000255,P-Usine_A-000255,L-Usine_A-202343,Airbus,2023-10-29,50,CERT-P-Usine_A-000255
2023-10-26 13:10:53,P-Usine_A-000257,P-Usine_A-000257,L-Usine_A-202343,Dassault,2023-10-27,50,CERT-P-Usine_A-000257
2023-10-26 13:10:21,P-Usine_A-000258,P-Usine_A-000258,L-Usine_A-202343,Dassault,2023-10-29,50,CERT-P-Usine_A-000258
2023-10-26 13:13:02,P-Usine_A-000259,P-Usine_A-000259,L-Usine_A-202343,Safran,2023-10-27,50,CERT-P-Usine_A-000259
2023-10-26 13:06:57,P-Usine_A-000260,P-Usine_A-000260,L-Usine_A-202343,Dassault,2023-10-29,50,CERT-P-Usine_A-000260
2023-10-26 13:14:07,P-Usine_A-000261,P-Usine_A-000261,L-Usine_A-202343,Dassault,2023-10-27,50,CERT-P-Usine_A-000261
2023-10-26 13:09:45,P-Usine_A-000262,P-Usine_A-000262,L-Usine_A-202343,Dassault,2023-10-29,50,CERT-P-Usine_A-000262
2023-10-26 13:08:36,P-Usine_A-000263,P-Usine_A-000263,L-Usine_A-202343,Dassault,2023-10-29,50,CERT-P-Usine_A-000263
2023-10-26 13:12:08,P-Usine_A-000264,P-Usine_A-000264,L-Usine_A-202343,Airbus,2023-10-30,50,CERT-P-Usine_A-000264
2023-10-26 13:09:55,P-Usine_A-000265,P-Usine_A-000265,L-Usine_A-202343,Dassault,2023-10-30,50,CERT-P-Usine_A-000265
2023-10-26 13:16:59,P-Usine_A-000266,P-Usine_A-000266,L-Usine_A-202343,Safran,2023-10-31,50,CERT-P-Usine_A-000266
2023-10-26 13:21:18,P-Usine_A-000268,P-Usine_A-000268,L-Usine_A-202343,Dassault,2023-10-29,50,CERT-P-Usine_A-000268
2023-10-26 13:17:40,P-Usine_A-000269,P-Usine_A-000269,L-Usine_A-202343,Airbus,2023-10-30,50,CERT-P-Usine_A-000269
2023-10-26 13:16:57,P-Usine_A-000270,P-Usine_A-000270,L-Usine_A-202343,Safran,2023-10-28,50,CERT-P-Usine_A-000270
2023-10-26 13:19:29,P-Usine_A-000271,P-Usine_A-000271,L-Usine_A-202343,Dassault,2023-10-27,50,CERT-P-Usine_A-000271
2023-10-26 13:26:05,P-Usine_A-000273,P-Usine_A-000273,L-Usine_A-202343,Airbus,2023-10-29,50,CERT-P-Usine_A-000273
2023-10-26 13:25:04,P-Usine_A-000274,P-Usine_A-000274,L-Usine_A-202343,Dassault,2023-10-29,50,CERT-P-Usine_A-000274
2023-10-26 13:20:17,P-Usine_A-000275,P-Usine_A-000275,L-Usine_A-202343,Dassault,2023-10-30,50,CERT-P-Usine_A-000275
2023-10-26 13:24:30,P-Usine_A-000276,P-Usine_A-000276,L-Usine_A-202343,Airbus,2023-10-30,50,CERT-P-Usine_A-000276
2023-10-26 13:25:56,P-Usine_A-000277,P-Usine_A-000277,L-Usine_A-202343,Safran,2023-10-28,50,CERT-P-Usine_A-000277
2023-10-26 13:23:56,P-Usine_A-000278,P-Usine_A-000278,L-Usine_A-202343,Safran,2023-10-28,50,CERT-P-Usine_A-000278
2023-10-26 13:28:37,P-Usine_A-000279,P-Usine_A-000279,L-Usine_A-202343,Airbus,2023-10-30,50,CERT-P-Usine_A-000279
2023-10-26 13:31:45,P-Usine_A-000280,P-Usine_A-000280,L-Usine_A-202343,Airbus,2023-10-29,50,CERT-P-Usine_A-000280
2023-10-26 13:30:43,P-Usine_A-000281,P-Usine_A-000281,,Dassault,2023-10-27,50,CERT-P-Usine_A-000281
2023-10-26 13:33:46,P-Usine_A-000282,P-Usine_A-000282,L-Usine_A-202343,Airbus,2023-10-27,50,CERT-P-Usine_A-000282
2023-10-26 13:31:04,P-Usine_A-000284,P-Usine_A-000284,L-Usine_A-202343,Dassault,2023-10-29,50,CERT-P-Usine_A-000284
2023-10-26 13:38:45,P-Usine_A-000285,P-Usine_A-000285,L-Usine_A-202343,Airbus,2023-10-27,50,CERT-P-Usine_A-000285
2023-10-26 13:38:45,P-Usine_A-000285,P-Usine_A-000285,L-Usine_A-202343,Airbus,2023-10-27,50,CERT-P-Usine_A-000285
2023-10-26 13:38:32,P-Usine_A-000287,P-Usine_A-000287,L-Usine_A-202343,Airbus,2023-10-30,50,CERT-P-Usine_A-000287
2023-10-26 13:40:54,P-Usine_A-000288,P-Usine_A-000288,L-Usine_A-202343,Dassault,2023-10-30,50,CERT-P-Usine_A-000288
2023-10-26 13:38:21,P-Usine_A-000289,P-Usine_A-000289,L-Usine_A-202343,Safran,2023-10-30,50,CERT-P-Usine_A-000289
2023-10-26 13:38:36,P-Usine_A-000290,P-Usine_A-000290,L-Usine_A-202343,Airbus,2023-10-31,50,CERT-P-Usine_A-000290
2023-10-26 13:44:39,P-Usine_A-000291,P-Usine_A-000291,L-Usine_A-202343,Airbus,2023-10-31,50,CERT-P-Usine_A-000291
2023-10-26 13:45:13,P-Usine_A-000292,P-Usine_A-000292,L-Usine_A-202343,Safran,2023-10-30,50,CERT-P-Usine_A-000292
2023-10-26 13:47:58,P-Usine_A-000294,P-Usine_A-000294,L-Usine_A-202343,Safran,2023-10-30,50,CERT-P-Usine_A-000294
2023-10-26 13:49:30,P-Usine_A-000295,P-Usine_A-000295,L-Usine_A-202343,Airbus,2023-10-30,50,CERT-P-Usine_A-000295
2023-10-26 13:47:34,P-Usine_A-000296,P-Usine_A-000296,L-Usine_A-202343,Dassault,2023-10-30,50,CERT-P-Usine_A-000296
2023-10-26 13:50:06,P-Usine_A-000297,P-Usine_A-000297,L-Usine_A-202343,Airbus,2023-10-27,50,CERT-P-Usine_A-000297
2023-10-26 13:51:03,P-Usine_A-000298,P-Usine_A-000298,L-Usine_A-202343,Safran,2023-10-29,50,CERT-P-Usine_A-000298
2023-10-26 13:45:16,P-Usine_A-000299,P-Usine_A-000299,L-Usine_A-202343,Safran,2023-10-31,50,CERT-P-Usine_A-000299
2023-10-26 13:50:01,P-Usine_A-000300,P-Usine_A-000300,L-Usine_A-202343,Safran,2023-10-28,50,CERT-P-Usine_A-000300
2023-10-26 13:46:41,P-Usine_A-000301,P-Usine_A-000301,L-Usine_A-202343,Dassault,2023-10-29,50,CERT-P-Usine_A-000301
2023-10-26 13:46:41,P-Usine_A-000301,P-Usine_A-000301,L-Usine_A-202343,Dassault,2023-10-29,50,CERT-P-Usine_A-000301
2023-10-26 13:46:37,P-Usine_A-000302,P-Usine_A-000302,L-Usine_A-202343,Airbus,2023-10-29,50,CERT-P-Usine_A-000302
2023-10-26 13:50:17,P-Usine_A-000303,P-Usine_A-000303,L-Usine_A-202343,Safran,2023-10-30,50,CERT-P-Usine_A-000303
2023-10-26 13:52:20,P-Usine_A-000304,P-Usine_A-000304,L-Usine_A-202343,Dassault,2023-10-29,50,CERT-P-Usine_A-000304
2023-10-26 13:54:50,P-Usine_A-000306,P-Usine_A-000306,L-Usine_A-202343,Dassault,2023-10-28,50,CERT-P-Usine_A-000306
2023-10-26 13:54:50,P-Usine_A-000307,P-Usine_A-000307,L-Usine_A-202343,Dassault,2023-10-28,50,CERT-P-Usine_A-000307
2023-10-26 13:58:03,P-Usine_A-000308,P-Usine_A-000308,L-Usine_A-202343,Airbus,2023-10-29,50,CERT-P-Usine_A-000308
2023-10-26 13:57:00,P-Usine_A-000309,P-Usine_A-000309,L-Usine_A-202343,Airbus,2023-10-31,50,CERT-P-Usine_A-000309
2023-10-26 13:56:49,P-Usine_A-000310,P-Usine_A-000310,L-Usine_A-202343,Safran,2023-10-31,50,CERT-P-Usine_A-000310
2023-10-26 13:56:42,P-Usine_A-000311,P-Usine_A-000311,999.9,Airbus,2023-10-30,50,CERT-P-Usine_A-000311
2023-10-26 14:01:53,P-Usine_A-000312,P-Usine_A-000312,L-Usine_A-202343,Airbus,2023-10-28,50,CERT-P-Usine_A-000312
2023-10-26 14:03:12,P-Usine_A-000313,P-Usine_A-000313,L-Usine_A-202343,Safran,2023-10-31,50,CERT-P-Usine_A-000313
2023-10-26 14:02:19,P-Usine_A-000316,P-Usine_A-000316,L-Usine_A-202343,Airbus,2023-10-31,50,CERT-P-Usine_A-000316
2023-10-26 14:07:23,P-Usine_A-000317,P-Usine_A-000317,L-Usine_A-202343,Dassault,2023-10-29,50,CERT-P-Usine_A-000317
2023-10-26 14:08:00,P-Usine_A-000318,P-Usine_A-000318,L-Usine_A-202343,Airbus,2023-10-29,50,CERT-P-Usine_A-000318
2023-10-26 14:05:09,P-Usine_A-000319,P-Usine_A-000319,L-Usine_A-202343,Dassault,2023-10-31,50,CERT-P-Usine_A-000319
2023-10-26 14:12:07,P-Usine_A-000320,P-Usine_A-000320,L-Usine_A-202343,Airbus,2023-10-30,50,CERT-P-Usine_A-000320
2023-10-26 14:14:15,P-Usine_A-000321,P-Usine_A-000321,L-Usine_A-202343,Dassault,2023-10-31,50,CERT-P-Usine_A-000321
2023-10-26 14:10:03,P-Usine_A-000323,,L-Usine_A-202343,Safran,2023-10-29,50,CERT-P-Usine_A-000323
2023-10-26 14:17:56,P-Usine_A-000324,P-Usine_A-000324,L-Usine_A-202343,Safran,2023-10-31,50,CERT-P-Usine_A-000324
2023-10-26 14:14:27,P-Usine_A-000325,P-Usine_A-000325,L-Usine_A-202343,Dassault,2023-10-30,50,CERT-P-Usine_A-000325
2023-10-26 14:21:58,P-Usine_A-000327,999.9,L-Usine_A-202343,Dassault,2023-10-29,50,CERT-P-Usine_A-000327
2023-10-26 14:22:03,P-Usine_A-000328,P-Usine_A-000328,L-Usine_A-202343,Dassault,2023-10-31,50,CERT-P-Usine_A-000328
2023-10-26 14:18:32,P-Usine_A-000329,P-Usine_A-000329,,Safran,2023-10-28,50,CERT-P-Usine_A-000329
2023-10-26 14:16:09,P-Usine_A-000330,P-Usine_A-000330,L-Usine_A-202343,Dassault,2023-10-30,50,CERT-P-Usine_A-000330
2023-10-26 14:21:04,P-Usine_A-000331,P-Usine_A-000331,L-Usine_A-202343,Airbus,2023-10-28,50,CERT-P-Usine_A-000331
2023-10-26 14:17:40,P-Usine_A-000332,P-Usine_A-000332,L-Usine_A-202343,Dassault,2023-10-31,50,CERT-P-Usine_A-000332
2023-10-26 14:23:01,P-Usine_A-000333,P-Usine_A-000333,L-Usine_A-202343,Airbus,2023-10-31,50,CERT-P-Usine_A-000333
2023-10-26 14:22:44,P-Usine_A-000334,P-Usine_A-000334,L-Usine_A-202343,Airbus,2023-10-27,50,CERT-P-Usine_A-000334
2023-10-26 14:25:03,P-Usine_A-000336,P-Usine_A-000336,L-Usine_A-202343,Airbus,2023-10-27,50,CERT-P-Usine_A-000336
2023-10-26 14:32:06,P-Usine_A-000338,P-Usine_A-000338,L-Usine_A-202343,Airbus,2023-10-31,50,CERT-P-Usine_A-000338
2023-10-26 14:27:36,P-Usine_A-000340,P-Usine_A-000340,L-Usine_A-202343,Safran,2023-10-29,50,CERT-P-Usine_A-000340
2023-10-26 14:29:28,P-Usine_A-000341,P-Usine_A-000341,L-Usine_A-202343,Airbus,2023-10-31,50,CERT-P-Usine_A-000341
2023-10-26 14:29:05,P-Usine_A-000342,P-Usine_A-000342,L-Usine_A-202343,Dassault,2023-10-30,50,CERT-P-Usine_A-000342
2023-10-26 14:32:20,P-Usine_A-000343,P-Usine_A-000343,L-Usine_A-202343,Safran,2023-10-28,50,CERT-P-Usine_A-000343
2023-10-26 14:32:17,P-Usine_A-000344,P-Usine_A-000344,L-Usine_A-202343,Safran,999.9,50,CERT-P-Usine_A-000344
2023-10-26 14:37:31,P-Usine_A-000345,P-Usine_A-000345,L-Usine_A-202343,Airbus,2023-10-29,50,CERT-P-Usine_A-000345
2023-10-26 14:39:38,P-Usine_A-000346,P-Usine_A-000346,L-Usine_A-202343,Safran,2023-10-31,50,CERT-P-Usine_A-000346
2023-10-26 14:32:48,P-Usine_A-000347,P-Usine_A-000347,L-Usine_A-202343,Airbus,2023-10-28,50,CERT-P-Usine_A-000347
2023-10-26 14:35:58,P-Usine_A-000348,P-Usine_A-000348,L-Usine_A-202343,Dassault,2023-10-30,50,CERT-P-Usine_A-000348
2023-10-26 14:42:57,P-Usine_A-000349,P-Usine_A-000349,L-Usine_A-202343,Dassault,2023-10-29,50,CERT-P-Usine_A-000349
2023-10-26 14:39:25,P-Usine_A-000350,P-Usine_A-000350,L-Usine_A-202343,Airbus,2023-10-31,50,CERT-P-Usine_A-000350
2023-10-26 14:43:44,P-Usine_A-000351,P-Usine_A-000351,L-Usine_A-202343,Dassault,2023-10-29,50,CERT-P-Usine_A-000351
2023-10-26 14:46:01,P-Usine_A-000352,P-Usine_A-000352,L-Usine_A-202343,Airbus,2023-10-31,50,CERT-P-Usine_A-000352
2023-10-26 14:43:29,P-Usine_A-000353,P-Usine_A-000353,L-Usine_A-202343,Airbus,2023-10-31,50,CERT-P-Usine_A-000353
2023-10-26 14:40:48,P-Usine_A-000354,P-Usine_A-000354,L-Usine_A-202343,Airbus,2023-10-27,50,CERT-P-Usine_A-000354
2023-10-26 14:45:16,P-Usine_A-000355,P-Usine_A-000355,L-Usine_A-202343,Airbus,2023-10-28,50,CERT-P-Usine_A-000355
2023-10-26 14:49:00,P-Usine_A-000356,,L-Usine_A-202343,Airbus,2023-10-31,50,CERT-P-Usine_A-000356
2023-10-26 14:45:56,P-Usine_A-000357,P-Usine_A-000357,L-Usine_A-202343,Dassault,2023-10-31,50,CERT-P-Usine_A-000357
2023-10-26 14:45:56,P-Usine_A-000357,P-Usine_A-000357,L-Usine_A-202343,Dassault,2023-10-31,50,CERT-P-Usine_A-000357
2023-10-26 14:44:49,P-Usine_A-000358,P-Usine_A-000358,L-Usine_A-202343,Airbus,2023-10-31,50,CERT-P-Usine_A-000358
2023-10-26 14:46:50,P-Usine_A-000359,P-Usine_A-000359,L-Usine_A-202343,Safran,2023-10-29,50,CERT-P-Usine_A-000359
2023-10-26 14:46:13,P-Usine_A-000360,P-Usine_A-000360,L-Usine_A-202343,Safran,2023-10-27,50,CERT-P-Usine_A-000360
2023-10-26 14:52:04,P-Usine_A-000361,P-Usine_A-000361,L-Usine_A-202343,Airbus,2023-10-31,50,CERT-P-Usine_A-000361
2023-10-26 14:53:21,P-Usine_A-000363,P-Usine_A-000363,L-Usine_A-202343,Airbus,2023-10-27,50,CERT-P-Usine_A-000363
2023-10-26 14:53:42,P-Usine_A-000365,P-Usine_A-000365,L-Usine_A-202343,Airbus,2023-10-29,50,CERT-P-Usine_A-000365
2023-10-26 14:51:38,P-Usine_A-000366,P-Usine_A-000366,L-Usine_A-202343,Airbus,2023-10-29,50,CERT-P-Usine_A-000366
,P-Usine_A-000367,P-Usine_A-000367,L-Usine_A-202343,Airbus,2023-10-30,50,CERT-P-Usine_A-000367
2023-10-26 14:55:10,P-Usine_A-000368,P-Usine_A-000368,L-Usine_A-202343,Airbus,2023-10-31,50,CERT-P-Usine_A-000368
2023-10-26 14:56:21,P-Usine_A-000369,P-Usine_A-000369,L-Usine_A-202343,Dassault,2023-10-31,50,CERT-P-Usine_A-000369
2023-10-26 15:00:52,P-Usine_A-000370,P-Usine_A-000370,L-Usine_A-202343,Dassault,2023-10-31,50,CERT-P-Usine_A-000370
2023-10-26 15:00:56,P-Usine_A-000371,P-Usine_A-000371,L-Usine_A-202343,Safran,2023-10-30,50,CERT-P-Usine_A-000371
2023-10-26 15:06:25,P-Usine_A-000372,P-Usine_A-000372,L-Usine_A-202343,Safran,2023-10-31,50,CERT-P-Usine_A-000372
2023-10-26 15:00:13,P-Usine_A-000373,P-Usine_A-000373,L-Usine_A-202343,Dassault,2023-10-29,50,CERT-P-Usine_A-000373
2023-10-26 14:59:35,P-Usine_A-000374,P-Usine_A-000374,L-Usine_A-202343,Dassault,2023-10-31,50,CERT-P-Usine_A-000374
2023-10-26 15:01:04,P-Usine_A-000375,P-Usine_A-000375,L-Usine_A-202343,Dassault,2023-10-27,50,CERT-P-Usine_A-000375
2023-10-26 15:05:24,P-Usine_A-000376,P-Usine_A-000376,L-Usine_A-202343,Airbus,2023-10-29,50,CERT-P-Usine_A-000376
2023-10-26 15:06:18,P-Usine_A-000378,P-Usine_A-000378,L-Usine_A-202343,Safran,2023-10-27,50,CERT-P-Usine_A-000378
2023-10-26 15:05:38,P-Usine_A-000379,P-Usine_A-000379,,Safran,2023-10-28,50,CERT-P-Usine_A-000379
2023-10-26 15:05:50,P-Usine_A-000380,P-Usine_A-000380,L-Usine_A-202343,Safran,2023-10-30,50,CERT-P-Usine_A-000380
2023-10-26 15:10:31,P-Usine_A-000381,P-Usine_A-000381,L-Usine_A-202343,Airbus,2023-10-29,50,CERT-P-Usine_A-000381
2023-10-26 15:09:31,P-Usine_A-000382,P-Usine_A-000382,L-Usine_A-202343,Airbus,2023-10-27,50,CERT-P-Usine_A-000382
2023-10-26 15:14:55,P-Usine_A-000383,P-Usine_A-000383,L-Usine_A-202343,Dassault,2023-10-29,50,CERT-P-Usine_A-000383
2023-10-26 15:12:49,P-Usine_A-000384,P-Usine_A-000384,L-Usine_A-202343,Airbus,2023-10-28,50,CERT-P-Usine_A-000384
2023-10-26 15:18:20,P-Usine_A-000385,P-Usine_A-000385,L-Usine_A-202343,Dassault,2023-10-29,50,CERT-P-Usine_A-000385
2023-10-26 15:17:56,P-Usine_A-000386,P-Usine_A-000386,L-Usine_A-202343,Airbus,2023-10-31,50,CERT-P-Usine_A-000386
2023-10-26 15:15:21,P-Usine_A-000389,P-Usine_A-000389,L-Usine_A-202343,Safran,2023-10-31,50,CERT-P-Usine_A-000389
2023-10-26 15:20:39,P-Usine_A-000390,P-Usine_A-000390,L-Usine_A-202343,Airbus,2023-10-27,50,CERT-P-Usine_A-000390
2023-10-26 15:18:30,P-Usine_A-000391,P-Usine_A-000391,L-Usine_A-202343,Safran,2023-10-30,50,CERT-P-Usine_A-000391
2023-10-26 15:20:29,P-Usine_A-000392,P-Usine_A-000392,L-Usine_A-202343,Airbus,2023-10-30,50,
2023-10-26 15:24:22,P-Usine_A-000393,P-Usine_A-000393,L-Usine_A-202343,Dassault,2023-10-30,50,CERT-P-Usine_A-000393
2023-10-26 15:25:45,P-Usine_A-000394,P-Usine_A-000394,L-Usine_A-202343,Safran,2023-10-30,50,CERT-P-Usine_A-000394
2023-10-26 15:25:45,P-Usine_A-000394,P-Usine_A-000394,L-Usine_A-202343,Safran,2023-10-30,50,CERT-P-Usine_A-000394
2023-10-26 15:27:30,P-Usine_A-000395,P-Usine_A-000395,L-Usine_A-202343,Dassault,2023-10-30,50,CERT-P-Usine_A-000395
2023-10-26 15:27:30,P-Usine_A-000395,P-Usine_A-000395,L-Usine_A-202343,Dassault,2023-10-30,50,CERT-P-Usine_A-000395
2023-10-26 15:29:35,P-Usine_A-000396,P-Usine_A-000396,L-Usine_A-202343,Safran,2023-10-29,50,CERT-P-Usine_A-000396
2023-10-26 15:27:46,P-Usine_A-000397,P-Usine_A-000397,L-Usine_A-202343,Dassault,2023-10-31,50,CERT-P-Usine_A-000397
2023-10-26 15:28:19,P-Usine_A-000399,P-Usine_A-000399,L-Usine_A-202343,Safran,2023-10-28,50,CERT-P-Usine_A-000399
2023-10-26 15:28:47,P-Usine_A-000400,P-Usine_A-000400,L-Usine_A-202343,Airbus,2023-10-27,50,
2023-10-26 15:34:03,P-Usine_A-000401,P-Usine_A-000401,L-Usine_A-202343,Airbus,2023-10-28,50,CERT-P-Usine_A-000401
2023-10-26 15:34:05,P-Usine_A-000402,P-Usine_A-000402,L-Usine_A-202343,Dassault,2023-10-31,50,CERT-P-Usine_A-000402
2023-10-26 15:29:32,P-Usine_A-000403,P-Usine_A-000403,L-Usine_A-202343,Airbus,2023-10-28,50,CERT-P-Usine_A-000403
2023-10-26 15:36:38,P-Usine_A-000404,P-Usine_A-000404,L-Usine_A-202343,Safran,2023-10-29,50,CERT-P-Usine_A-000404
2023-10-26 15:35:52,P-Usine_A-000405,P-Usine_A-000405,L-Usine_A-202343,Airbus,2023-10-30,50,CERT-P-Usine_A-000405
2023-10-26 15:33:18,P-Usine_A-000406,P-Usine_A-000406,L-Usine_A-202343,Airbus,2023-10-31,50,CERT-P-Usine_A-000406
2023-10-26 15:35:28,P-Usine_A-000407,P-Usine_A-000407,L-Usine_A-202343,Safran,2023-10-28,50,CERT-P-Usine_A-000407
2023-10-26 15:34:08,P-Usine_A-000409,P-Usine_A-000409,L-Usine_A-202343,Airbus,2023-10-31,50,CERT-P-Usine_A-000409
2023-10-26 15:40:53,P-Usine_A-000410,P-Usine_A-000410,L-Usine_A-202343,Airbus,2023-10-27,50,CERT-P-Usine_A-000410
2023-10-26 15:41:20,P-Usine_A-000412,P-Usine_A-000412,L-Usine_A-202343,Dassault,2023-10-29,50,CERT-P-Usine_A-000412
2023-10-26 15:46:30,P-Usine_A-000413,P-Usine_A-000413,L-Usine_A-202343,Safran,2023-10-27,50,CERT-P-Usine_A-000413
2023-10-26 15:41:01,P-Usine_A-000414,P-Usine_A-000414,L-Usine_A-202343,Dassault,2023-10-31,50,CERT-P-Usine_A-000414
2023-10-26 15:41:37,P-Usine_A-000415,P-Usine_A-000415,L-Usine_A-202343,Airbus,2023-10-28,50,CERT-P-Usine_A-000415
2023-10-26 15:41:58,P-Usine_A-000416,P-Usine_A-000416,L-Usine_A-202343,Safran,2023-10-27,50,CERT-P-Usine_A-000416
2023-10-26 15:42:54,P-Usine_A-000417,P-Usine_A-000417,L-Usine_A-202343,Airbus,2023-10-29,50,CERT-P-Usine_A-000417
2023-10-26 15:48:54,P-Usine_A-000418,P-Usine_A-000418,L-Usine_A-202343,Airbus,2023-10-30,50,CERT-P-Usine_A-000418
2023-10-26 15:43:50,P-Usine_A-000419,P-Usine_A-000419,L-Usine_A-202343,Airbus,2023-10-27,50,CERT-P-Usine_A-000419
2023-10-26 15:47:41,P-Usine_A-000420,P-Usine_A-000420,L-Usine_A-202343,Dassault,2023-10-27,50,CERT-P-Usine_A-000420
2023-10-26 15:53:37,P-Usine_A-000421,P-Usine_A-000421,L-Usine_A-202343,Dassault,2023-10-30,,CERT-P-Usine_A-000421
2023-10-26 15:47:59,P-Usine_A-000423,P-Usine_A-000423,L-Usine_A-202343,Airbus,2023-10-27,50,CERT-P-Usine_A-000423
2023-10-26 15:56:23,P-Usine_A-000424,999.9,L-Usine_A-202343,Airbus,2023-10-28,50,CERT-P-Usine_A-000424
2023-10-26 15:50:47,P-Usine_A-000426,,L-Usine_A-202343,Airbus,2023-10-30,50,CERT-P-Usine_A-000426
2023-10-26 15:58:25,P-Usine_A-000427,P-Usine_A-000427,L-Usine_A-202343,Airbus,2023-10-27,50,CERT-P-Usine_A-000427
2023-10-26 15:58:31,P-Usine_A-000428,P-Usine_A-000428,L-Usine_A-202343,Safran,2023-10-27,50,CERT-P-Usine_A-000428
2023-10-26 15:56:47,P-Usine_A-000429,P-Usine_A-000429,L-Usine_A-202343,Safran,2023-10-27,50,CERT-P-Usine_A-000429
2023-10-26 16:02:18,P-Usine_A-000430,P-Usine_A-000430,L-Usine_A-202343,Safran,2023-10-29,50,CERT-P-Usine_A-000430
2023-10-26 15:57:47,P-Usine_A-000431,P-Usine_A-000431,L-Usine_A-202343,Dassault,2023-10-31,50,CERT-P-Usine_A-000431
2023-10-26 15:57:47,P-Usine_A-000431,P-Usine_A-000431,L-Usine_A-202343,Dassault,2023-10-31,50,CERT-P-Usine_A-000431
2023-10-26 15:56:34,P-Usine_A-000432,P-Usine_A-000432,L-Usine_A-202343,Airbus,2023-10-27,50,CERT-P-Usine_A-000432
2023-10-26 16:00:06,P-Usine_A-000433,P-Usine_A-000433,L-Usine_A-202343,Airbus,2023-10-28,50,CERT-P-Usine_A-000433
2023-10-26 16:04:55,P-Usine_A-000434,P-Usine_A-000434,L-Usine_A-202343,Safran,2023-10-30,50,CERT-P-Usine_A-000434
2023-10-26 16:01:02,P-Usine_A-000436,P-Usine_A-000436,L-Usine_A-202343,Dassault,2023-10-30,50,CERT-P-Usine_A-000436
2023-10-26 16:03:05,P-Usine_A-000437,P-Usine_A-000437,L-Usine_A-202343,Safran,999.9,50,CERT-P-Usine_A-000437
2023-10-26 16:04:55,P-Usine_A-000438,P-Usine_A-000438,L-Usine_A-202343,Dassault,2023-10-29,50,CERT-P-Usine_A-000438
2023-10-26 16:03:05,P-Usine_A-000439,P-Usine_A-000439,L-Usine_A-202343,Safran,2023-10-27,50,CERT-P-Usine_A-000439
2023-10-26 16:10:45,P-Usine_A-000440,P-Usine_A-000440,L-Usine_A-202343,Dassault,2023-10-27,50,CERT-P-Usine_A-000440
2023-10-26 16:05:37,P-Usine_A-000441,P-Usine_A-000441,L-Usine_A-202343,Dassault,2023-10-30,50,CERT-P-Usine_A-000441
2023-10-26 16:09:10,P-Usine_A-000442,P-Usine_A-000442,L-Usine_A-202343,Dassault,2023-10-29,50,CERT-P-Usine_A-000442
2023-10-26 16:15:04,P-Usine_A-000444,P-Usine_A-000444,L-Usine_A-202343,Dassault,2023-10-28,50,CERT-P-Usine_A-000444
2023-10-26 16:09:14,P-Usine_A-000445,P-Usine_A-000445,L-Usine_A-202343,Safran,2023-10-28,50,CERT-P-Usine_A-000445
2023-10-26 16:11:46,P-Usine_A-000446,P-Usine_A-000446,L-Usine_A-202343,Dassault,2023-10-28,50,CERT-P-Usine_A-000446
2023-10-26 16:13:47,P-Usine_A-000447,P-Usine_A-000447,L-Usine_A-202343,Dassault,2023-10-27,50,CERT-P-Usine_A-000447
2023-10-26 16:14:36,P-Usine_A-000448,P-Usine_A-000448,L-Usine_A-202343,Safran,2023-10-29,50,CERT-P-Usine_A-000448
2023-10-26 16:16:25,P-Usine_A-000449,P-Usine_A-000449,L-Usine_A-202343,Safran,2023-10-27,50,CERT-P-Usine_A-000449
2023-10-26 16:18:52,P-Usine_A-000453,P-Usine_A-000453,L-Usine_A-202343,Safran,2023-10-31,50,CERT-P-Usine_A-000453
2023-10-26 16:27:41,P-Usine_A-000454,999.9,L-Usine_A-202343,Airbus,2023-10-27,50,CERT-P-Usine_A-000454
2023-10-26 16:21:38,P-Usine_A-000456,P-Usine_A-000456,L-Usine_A-202343,Dassault,2023-10-27,50,CERT-P-Usine_A-000456
2023-10-26 16:29:45,P-Usine_A-000457,P-Usine_A-000457,L-Usine_A-202343,Safran,2023-10-31,50,CERT-P-Usine_A-000457
2023-10-26 16:28:18,P-Usine_A-000460,P-Usine_A-000460,L-Usine_A-202343,,2023-10-28,50,CERT-P-Usine_A-000460
2023-10-26 16:28:47,P-Usine_A-000461,P-Usine_A-000461,L-Usine_A-202343,Dassault,2023-10-30,50,CERT-P-Usine_A-000461
2023-10-26 16:32:09,P-Usine_A-000462,P-Usine_A-000462,L-Usine_A-202343,Airbus,2023-10-28,50,CERT-P-Usine_A-000462
2023-10-26 16:36:23,P-Usine_A-000463,P-Usine_A-000463,L-Usine_A-202343,Airbus,2023-10-27,50,CERT-P-Usine_A-000463
2023-10-26 16:29:37,P-Usine_A-000464,P-Usine_A-000464,L-Usine_A-202343,Safran,2023-10-28,50,CERT-P-Usine_A-000464
2023-10-26 16:28:56,P-Usine_A-000465,P-Usine_A-000465,L-Usine_A-202343,Dassault,2023-10-30,50,CERT-P-Usine_A-000465
2023-10-26 16:31:40,P-Usine_A-000467,P-Usine_A-000467,L-Usine_A-202343,Airbus,2023-10-28,50,CERT-P-Usine_A-000467
2023-10-26 16:38:56,P-Usine_A-000468,P-Usine_A-000468,L-Usine_A-202343,Airbus,2023-10-29,50,CERT-P-Usine_A-000468
2023-10-26 16:35:26,P-Usine_A-000469,P-Usine_A-000469,L-Usine_A-202343,Airbus,2023-10-28,50,CERT-P-Usine_A-000469
2023-10-26 16:40:38,P-Usine_A-000470,P-Usine_A-000470,L-Usine_A-202343,Safran,2023-10-31,50,CERT-P-Usine_A-000470
2023-10-26 16:42:07,P-Usine_A-000471,P-Usine_A-000471,L-Usine_A-202343,Safran,2023-10-29,50,CERT-P-Usine_A-000471
2023-10-26 16:38:34,P-Usine_A-000473,P-Usine_A-000473,L-Usine_A-202343,Safran,2023-10-29,50,CERT-P-Usine_A-000473
2023-10-26 16:47:48,P-Usine_A-000474,P-Usine_A-000474,L-Usine_A-202343,Airbus,2023-10-31,50,CERT-P-Usine_A-000474
2023-10-26 16:44:14,P-Usine_A-000475,P-Usine_A-000475,L-Usine_A-202343,Dassault,2023-10-29,50,CERT-P-Usine_A-000475
2023-10-26 16:45:36,P-Usine_A-000476,P-Usine_A-000476,L-Usine_A-202343,Dassault,2023-10-29,50,CERT-P-Usine_A-000476
2023-10-26 16:46:36,P-Usine_A-000477,P-Usine_A-000477,L-Usine_A-202343,Safran,2023-10-29,50,CERT-P-Usine_A-000477
2023-10-26 16:47:59,P-Usine_A-000479,P-Usine_A-000479,L-Usine_A-202343,Safran,2023-10-30,50,CERT-P-Usine_A-000479
2023-10-26 16:46:30,P-Usine_A-000480,P-Usine_A-000480,999.9,Airbus,2023-10-30,50,CERT-P-Usine_A-000480
2023-10-26 16:50:29,P-Usine_A-000481,P-Usine_A-000481,L-Usine_A-202343,Dassault,2023-10-28,50,CERT-P-Usine_A-000481
2023-10-26 16:50:29,P-Usine_A-000481,P-Usine_A-000481,L-Usine_A-202343,Dassault,2023-10-28,50,CERT-P-Usine_A-000481
2023-10-26 16:53:08,P-Usine_A-000482,P-Usine_A-000482,L-Usine_A-202343,Dassault,2023-10-31,50,CERT-P-Usine_A-000482
2023-10-26 16:53:08,P-Usine_A-000482,P-Usine_A-000482,L-Usine_A-202343,Dassault,2023-10-31,50,CERT-P-Usine_A-000482
2023-10-26 16:47:18,P-Usine_A-000483,P-Usine_A-000483,L-Usine_A-202343,Safran,2023-10-30,50,CERT-P-Usine_A-000483
2023-10-26 16:56:02,P-Usine_A-000484,P-Usine_A-000484,L-Usine_A-202343,Dassault,2023-10-28,50,CERT-P-Usine_A-000484
2023-10-26 16:53:28,P-Usine_A-000485,P-Usine_A-000485,L-Usine_A-202343,Airbus,2023-10-29,50,CERT-P-Usine_A-000485
2023-10-26 16:52:29,P-Usine_A-000486,P-Usine_A-000486,L-Usine_A-202343,Dassault,2023-10-31,50,CERT-P-Usine_A-000486
2023-10-26 16:57:14,P-Usine_A-000487,P-Usine_A-000487,L-Usine_A-202343,Dassault,2023-10-30,50,999.9
2023-10-26 16:56:42,P-Usine_A-000488,P-Usine_A-000488,L-Usine_A-202343,Airbus,2023-10-29,50,CERT-P-Usine_A-000488
2023-10-26 17:01:20,P-Usine_A-000489,P-Usine_A-000489,L-Usine_A-202343,Dassault,2023-10-29,50,CERT-P-Usine_A-000489
2023-10-26 16:56:08,P-Usine_A-000490,P-Usine_A-000490,L-Usine_A-202343,Dassault,2023-10-31,50,CERT-P-Usine_A-000490
2023-10-26 16:57:24,P-Usine_A-000491,P-Usine_A-000491,L-Usine_A-202343,Airbus,2023-10-28,50,CERT-P-Usine_A-000491
2023-10-26 16:56:51,P-Usine_A-000492,P-Usine_A-000492,L-Usine_A-202343,999.9,2023-10-29,50,CERT-P-Usine_A-000492
2023-10-26 17:05:56,P-Usine_A-000493,P-Usine_A-000493,L-Usine_A-202343,Airbus,2023-10-29,50,CERT-P-Usine_A-000493
2023-10-26 17:02:02,P-Usine_A-000494,P-Usine_A-000494,L-Usine_A-202343,Airbus,2023-10-28,50,CERT-P-Usine_A-000494
2023-10-26 16:59:57,P-Usine_A-000495,P-Usine_A-000495,L-Usine_A-202343,Dassault,2023-10-29,50,CERT-P-Usine_A-000495
2023-10-26 17:07:45,P-Usine_A-000496,P-Usine_A-000496,L-Usine_A-202343,Airbus,2023-10-27,50,CERT-P-Usine_A-000496
2023-10-26 17:10:50,P-Usine_A-000497,P-Usine_A-000497,L-Usine_A-202343,Dassault,2023-10-30,50,CERT-P-Usine_A-000497
2023-10-26 17:04:28,P-Usine_A-000498,P-Usine_A-000498,L-Usine_A-202343,Airbus,2023-10-27,50,CERT-P-Usine_A-000498
2023-10-26 17:10:07,P-Usine_A-000499,P-Usine_A-000499,L-Usine_A-202343,Airbus,2023-10-30,50,CERT-P-Usine_A-000499
2023-10-26 17:08:10,P-Usine_A-000500,P-Usine_A-000500,L-Usine_A-202343,Airbus,2023-10-30,50,CERT-P-Usine_A-000500
2023-10-26 17:12:59,P-Usine_A-000501,P-Usine_A-000501,L-Usine_A-202343,Safran,2023-10-30,50,CERT-P-Usine_A-000501
2023-10-26 17:15:56,P-Usine_A-000502,P-Usine_A-000502,L-Usine_A-202343,Airbus,2023-10-31,50,CERT-P-Usine_A-000502
2023-10-26 17:12:23,P-Usine_A-000503,P-Usine_A-000503,L-Usine_A-202343,Safran,2023-10-29,50,CERT-P-Usine_A-000503
2023-10-26 17:11:22,P-Usine_A-000504,P-Usine_A-000504,L-Usine_A-202343,Airbus,2023-10-30,50,CERT-P-Usine_A-000504
2023-10-26 17:13:01,P-Usine_A-000506,P-Usine_A-000506,L-Usine_A-202343,Safran,2023-10-27,50,CERT-P-Usine_A-000506
2023-10-26 17:13:08,P-Usine_A-000507,P-Usine_A-000507,L-Usine_A-202343,Safran,2023-10-30,50,CERT-P-Usine_A-000507
2023-10-26 17:17:56,P-Usine_A-000508,P-Usine_A-000508,L-Usine_A-202343,Dassault,2023-10-29,50,CERT-P-Usine_A-000508
2023-10-26 17:21:17,P-Usine_A-000510,P-Usine_A-000510,L-Usine_A-202343,Safran,2023-10-27,50,CERT-P-Usine_A-000510
2023-10-26 17:25:17,P-Usine_A-000511,P-Usine_A-000511,L-Usine_A-202343,Safran,2023-10-31,50,CERT-P-Usine_A-000511
2023-10-26 17:20:05,P-Usine_A-000512,P-Usine_A-000512,L-Usine_A-202343,Safran,2023-10-31,50,CERT-P-Usine_A-000512
2023-10-26 17:24:54,P-Usine_A-000513,P-Usine_A-000513,L-Usine_A-202343,Dassault,2023-10-30,50,CERT-P-Usine_A-000513
2023-10-26 17:23:25,P-Usine_A-000514,P-Usine_A-000514,L-Usine_A-202343,Safran,2023-10-28,50,CERT-P-Usine_A-000514
2023-10-26 17:24:34,P-Usine_A-000515,P-Usine_A-000515,L-Usine_A-202343,Airbus,2023-10-27,50,CERT-P-Usine_A-000515
2023-10-26 17:30:12,P-Usine_A-000516,P-Usine_A-000516,L-Usine_A-202343,Safran,2023-10-28,50,CERT-P-Usine_A-000516
2023-10-26 17:26:24,P-Usine_A-000517,P-Usine_A-000517,L-Usine_A-202343,Dassault,2023-10-29,50,CERT-P-Usine_A-000517
2023-10-26 17:31:18,P-Usine_A-000518,P-Usine_A-000518,L-Usine_A-202343,Safran,2023-10-29,50,CERT-P-Usine_A-000518
2023-10-26 17:33:24,P-Usine_A-000519,P-Usine_A-000519,L-Usine_A-202343,Dassault,2023-10-31,50,CERT-P-Usine_A-000519
2023-10-26 17:34:31,P-Usine_A-000520,P-Usine_A-000520,L-Usine_A-202343,Airbus,2023-10-31,50,CERT-P-Usine_A-000520
2023-10-26 17:31:09,P-Usine_A-000521,P-Usine_A-000521,L-Usine_A-202343,Airbus,2023-10-28,50,CERT-P-Usine_A-000521
2023-10-26 17:27:35,P-Usine_A-000522,P-Usine_A-000522,L-Usine_A-202343,Dassault,2023-10-30,,CERT-P-Usine_A-000522
2023-10-26 17:27:59,P-Usine_A-000523,P-Usine_A-000523,999.9,Airbus,2023-10-28,50,CERT-P-Usine_A-000523
2023-10-26 17:29:22,P-Usine_A-000524,P-Usine_A-000524,L-Usine_A-202343,Safran,2023-10-30,50,CERT-P-Usine_A-000524
2023-10-26 17:39:37,P-Usine_A-000525,P-Usine_A-000525,L-Usine_A-202343,Dassault,2023-10-29,50,CERT-P-Usine_A-000525
2023-10-26 17:33:59,P-Usine_A-000526,P-Usine_A-000526,L-Usine_A-202343,Safran,2023-10-30,50,CERT-P-Usine_A-000526
2023-10-26 17:34:46,P-Usine_A-000527,P-Usine_A-000527,L-Usine_A-202343,,2023-10-29,50,CERT-P-Usine_A-000527
2023-10-26 17:42:02,P-Usine_A-000528,P-Usine_A-000528,L-Usine_A-202343,Dassault,2023-10-29,50,CERT-P-Usine_A-000528
2023-10-26 17:42:00,P-Usine_A-000529,P-Usine_A-000529,L-Usine_A-202343,Dassault,2023-10-29,50,CERT-P-Usine_A-000529
2023-10-26 17:42:36,P-Usine_A-000530,P-Usine_A-000530,L-Usine_A-202343,Dassault,2023-10-28,50,CERT-P-Usine_A-000530
2023-10-26 17:38:06,P-Usine_A-000531,P-Usine_A-000531,L-Usine_A-202343,Airbus,2023-10-30,50,CERT-P-Usine_A-000531
2023-10-26 17:36:38,P-Usine_A-000532,P-Usine_A-000532,L-Usine_A-202343,Safran,2023-10-27,50,CERT-P-Usine_A-000532
2023-10-26 17:39:57,P-Usine_A-000533,P-Usine_A-000533,L-Usine_A-202343,Dassault,2023-10-30,50,CERT-P-Usine_A-000533
2023-10-26 17:41:24,P-Usine_A-000534,P-Usine_A-000534,L-Usine_A-202343,Dassault,2023-10-27,50,CERT-P-Usine_A-000534
2023-10-26 17:43:16,P-Usine_A-000535,P-Usine_A-000535,L-Usine_A-202343,Dassault,2023-10-28,50,CERT-P-Usine_A-000535
2023-10-26 17:43:25,P-Usine_A-000537,P-Usine_A-000537,L-Usine_A-202343,Airbus,2023-10-29,50,CERT-P-Usine_A-000537
2023-10-26 17:52:35,P-Usine_A-000538,P-Usine_A-000538,L-Usine_A-202343,Airbus,2023-10-30,50,CERT-P-Usine_A-000538
2023-10-26 17:52:01,P-Usine_A-000539,P-Usine_A-000539,L-Usine_A-202343,Safran,2023-10-31,50,CERT-P-Usine_A-000539
2023-10-26 17:50:42,P-Usine_A-000540,P-Usine_A-000540,L-Usine_A-202343,Airbus,2023-10-30,50,CERT-P-Usine_A-000540
2023-10-26 17:50:48,P-Usine_A-000541,P-Usine_A-000541,L-Usine_A-202343,Safran,2023-10-31,50,CERT-P-Usine_A-000541
2023-10-26 17:48:43,P-Usine_A-000542,P-Usine_A-000542,L-Usine_A-202343,Safran,2023-10-29,50,CERT-P-Usine_A-000542
2023-10-26 17:53:07,P-Usine_A-000543,P-Usine_A-000543,L-Usine_A-202343,Airbus,2023-10-30,50,CERT-P-Usine_A-000543
2023-10-26 17:55:51,P-Usine_A-000545,P-Usine_A-000545,L-Usine_A-202343,Airbus,2023-10-31,50,CERT-P-Usine_A-000545
2023-10-26 17:57:56,P-Usine_A-000546,P-Usine_A-000546,L-Usine_A-202343,Safran,2023-10-30,50,CERT-P-Usine_A-000546
2023-10-26 17:56:00,P-Usine_A-000547,P-Usine_A-000547,L-Usine_A-202343,Dassault,2023-10-28,50,CERT-P-Usine_A-000547
2023-10-26 18:00:48,P-Usine_A-000549,P-Usine_A-000549,L-Usine_A-202343,Safran,2023-10-30,,CERT-P-Usine_A-000549
2023-10-26 17:59:15,P-Usine_A-000550,P-Usine_A-000550,L-Usine_A-202343,Safran,2023-10-31,50,CERT-P-Usine_A-000550
2023-10-26 18:03:43,P-Usine_A-000551,P-Usine_A-000551,L-Usine_A-202343,Airbus,2023-10-28,50,CERT-P-Usine_A-000551
2023-10-26 18:02:41,P-Usine_A-000552,P-Usine_A-000552,L-Usine_A-202343,Safran,2023-10-27,50,CERT-P-Usine_A-000552
2023-10-26 18:03:57,P-Usine_A-000553,P-Usine_A-000553,L-Usine_A-202343,Airbus,2023-10-28,50,CERT-P-Usine_A-000553
2023-10-26 17:59:38,P-Usine_A-000554,P-Usine_A-000554,L-Usine_A-202343,Airbus,2023-10-29,50,CERT-P-Usine_A-000554
2023-10-26 18:08:43,P-Usine_A-000555,P-Usine_A-000555,L-Usine_A-202343,Dassault,2023-10-28,50,CERT-P-Usine_A-000555
2023-10-26 18:06:59,P-Usine_A-000556,P-Usine_A-000556,L-Usine_A-202343,Dassault,2023-10-30,50,CERT-P-Usine_A-000556
2023-10-26 18:02:05,P-Usine_A-000557,P-Usine_A-000557,L-Usine_A-202343,Safran,2023-10-30,50,CERT-P-Usine_A-000557
2023-10-26 18:06:14,P-Usine_A-000558,P-Usine_A-000558,L-Usine_A-202343,Airbus,2023-10-27,50,CERT-P-Usine_A-000558
2023-10-26 18:05:14,P-Usine_A-000559,P-Usine_A-000559,L-Usine_A-202343,Dassault,2023-10-28,50,CERT-P-Usine_A-000559
2023-10-26 18:08:24,P-Usine_A-000560,P-Usine_A-000560,L-Usine_A-202343,Safran,2023-10-27,50,CERT-P-Usine_A-000560
2023-10-26 18:09:29,P-Usine_A-000561,P-Usine_A-000561,L-Usine_A-202343,Dassault,2023-10-29,50,CERT-P-Usine_A-000561
2023-10-26 18:14:22,P-Usine_A-000562,P-Usine_A-000562,L-Usine_A-202343,Dassault,2023-10-29,50,CERT-P-Usine_A-000562
2023-10-26 18:10:48,P-Usine_A-000563,P-Usine_A-000563,L-Usine_A-202343,Dassault,2023-10-27,50,CERT-P-Usine_A-000563
2023-10-26 18:09:45,P-Usine_A-000564,P-Usine_A-000564,L-Usine_A-202343,Safran,2023-10-27,50,CERT-P-Usine_A-000564
2023-10-26 18:14:42,P-Usine_A-000566,P-Usine_A-000566,L-Usine_A-202343,Dassault,2023-10-30,50,CERT-P-Usine_A-000566
2023-10-26 18:16:27,P-Usine_A-000567,P-Usine_A-000567,L-Usine_A-202343,Safran,999.9,50,CERT-P-Usine_A-000567
2023-10-26 18:18:28,P-Usine_A-000571,P-Usine_A-000571,L-Usine_A-202343,Dassault,2023-10-28,50,CERT-P-Usine_A-000571
2023-10-26 18:18:54,P-Usine_A-000574,P-Usine_A-000574,L-Usine_A-202343,Safran,2023-10-28,50,CERT-P-Usine_A-000574
2023-10-26 18:24:31,P-Usine_A-000575,P-Usine_A-000575,L-Usine_A-202343,Dassault,2023-10-27,50,CERT-P-Usine_A-000575
2023-10-26 18:22:11,P-Usine_A-000576,P-Usine_A-000576,L-Usine_A-202343,Airbus,2023-10-31,50,CERT-P-Usine_A-000576
2023-10-26 18:30:05,P-Usine_A-000577,P-Usine_A-000577,L-Usine_A-202343,Safran,2023-10-30,50,CERT-P-Usine_A-000577
2023-10-26 18:26:12,P-Usine_A-000578,P-Usine_A-000578,L-Usine_A-202343,Dassault,2023-10-29,50,CERT-P-Usine_A-000578
2023-10-26 18:29:58,P-Usine_A-000579,P-Usine_A-000579,L-Usine_A-202343,Airbus,2023-10-29,50,CERT-P-Usine_A-000579
2023-10-26 18:25:22,P-Usine_A-000580,P-Usine_A-000580,L-Usine_A-202343,Safran,2023-10-28,50,999.9
2023-10-26 18:29:53,P-Usine_A-000581,P-Usine_A-000581,L-Usine_A-202343,Airbus,2023-10-28,50,CERT-P-Usine_A-000581
2023-10-26 18:29:00,P-Usine_A-000582,P-Usine_A-000582,L-Usine_A-202343,Airbus,2023-10-28,50,CERT-P-Usine_A-000582
2023-10-26 18:29:33,P-Usine_A-000583,P-Usine_A-000583,L-Usine_A-202343,Airbus,2023-10-31,50,CERT-P-Usine_A-000583
2023-10-26 18:30:05,P-Usine_A-000584,P-Usine_A-000584,L-Usine_A-202343,Dassault,2023-10-28,50,CERT-P-Usine_A-000584
2023-10-26 18:39:12,P-Usine_A-000585,P-Usine_A-000585,L-Usine_A-202343,Dassault,2023-10-29,50,CERT-P-Usine_A-000585
2023-10-26 18:38:52,P-Usine_A-000586,P-Usine_A-000586,L-Usine_A-202343,Airbus,2023-10-27,50,CERT-P-Usine_A-000586
2023-10-26 18:32:52,P-Usine_A-000587,P-Usine_A-000587,L-Usine_A-202343,Safran,2023-10-31,50,CERT-P-Usine_A-000587
2023-10-26 18:34:31,P-Usine_A-000588,P-Usine_A-000588,L-Usine_A-202343,Airbus,2023-10-28,50,CERT-P-Usine_A-000588
2023-10-26 18:38:08,P-Usine_A-000589,P-Usine_A-000589,L-Usine_A-202343,Safran,2023-10-30,50,CERT-P-Usine_A-000589
2023-10-26 18:43:24,P-Usine_A-000590,P-Usine_A-000590,L-Usine_A-202343,Airbus,2023-10-28,50,CERT-P-Usine_A-000590
2023-10-26 18:38:35,P-Usine_A-000593,P-Usine_A-000593,L-Usine_A-202343,Safran,2023-10-31,50,CERT-P-Usine_A-000593
2023-10-26 18:44:25,P-Usine_A-000594,P-Usine_A-000594,L-Usine_A-202343,Safran,2023-10-30,50,CERT-P-Usine_A-000594
2023-10-26 18:43:29,P-Usine_A-000595,P-Usine_A-000595,L-Usine_A-202343,Safran,2023-10-29,999.9,CERT-P-Usine_A-000595
2023-10-26 18:43:16,P-Usine_A-000596,P-Usine_A-000596,L-Usine_A-202343,Safran,2023-10-30,50,CERT-P-Usine_A-000596
2023-10-26 18:47:10,P-Usine_A-000597,P-Usine_A-000597,L-Usine_A-202343,Airbus,2023-10-27,50,CERT-P-Usine_A-000597
2023-10-26 18:43:02,P-Usine_A-000598,P-Usine_A-000598,L-Usine_A-202343,Airbus,2023-10-31,50,CERT-P-Usine_A-000598
2023-10-26 18:48:38,P-Usine_A-000599,P-Usine_A-000599,L-Usine_A-202343,Airbus,2023-10-29,50,CERT-P-Usine_A-000599
2023-10-26 18:45:45,P-Usine_A-000600,P-Usine_A-000600,L-Usine_A-202343,Airbus,2023-10-28,999.9,CERT-P-Usine_A-000600
2023-10-26 18:55:18,P-Usine_A-000602,P-Usine_A-000602,L-Usine_A-202343,Dassault,2023-10-29,50,CERT-P-Usine_A-000602
2023-10-26 18:56:08,P-Usine_A-000603,P-Usine_A-000603,L-Usine_A-202343,Airbus,2023-10-31,50,CERT-P-Usine_A-000603
2023-10-26 18:56:08,P-Usine_A-000603,P-Usine_A-000603,L-Usine_A-202343,Airbus,2023-10-31,50,CERT-P-Usine_A-000603
2023-10-26 18:49:30,P-Usine_A-000604,P-Usine_A-000604,L-Usine_A-202343,Safran,2023-10-28,50,CERT-P-Usine_A-000604
2023-10-26 18:50:47,P-Usine_A-000605,P-Usine_A-000605,L-Usine_A-202343,Dassault,2023-10-28,50,CERT-P-Usine_A-000605
2023-10-26 18:58:46,P-Usine_A-000606,P-Usine_A-000606,L-Usine_A-202343,Airbus,2023-10-30,50,CERT-P-Usine_A-000606
2023-10-26 18:58:46,P-Usine_A-000606,P-Usine_A-000606,L-Usine_A-202343,Airbus,2023-10-30,50,CERT-P-Usine_A-000606
2023-10-26 18:54:29,P-Usine_A-000607,P-Usine_A-000607,L-Usine_A-202343,Safran,2023-10-28,50,CERT-P-Usine_A-000607
2023-10-26 18:57:45,P-Usine_A-000608,P-Usine_A-000608,L-Usine_A-202343,Dassault,2023-10-29,50,CERT-P-Usine_A-000608
2023-10-26 19:01:57,P-Usine_A-000610,P-Usine_A-000610,L-Usine_A-202343,Dassault,2023-10-27,50,CERT-P-Usine_A-000610
2023-10-26 18:57:42,P-Usine_A-000611,P-Usine_A-000611,L-Usine_A-202343,Safran,2023-10-29,50,CERT-P-Usine_A-000611
2023-10-26 18:57:07,P-Usine_A-000612,P-Usine_A-000612,L-Usine_A-202343,Dassault,2023-10-27,50,CERT-P-Usine_A-000612
2023-10-26 19:01:03,P-Usine_A-000613,P-Usine_A-000613,L-Usine_A-202343,Dassault,2023-10-29,50,CERT-P-Usine_A-000613
2023-10-26 19:00:04,P-Usine_A-000614,P-Usine_A-000614,L-Usine_A-202343,Safran,2023-10-27,50,CERT-P-Usine_A-000614
2023-10-26 19:07:41,P-Usine_A-000615,P-Usine_A-000615,L-Usine_A-202343,Safran,2023-10-29,50,CERT-P-Usine_A-000615
2023-10-26 19:07:31,P-Usine_A-000616,P-Usine_A-000616,L-Usine_A-202343,Safran,2023-10-28,50,CERT-P-Usine_A-000616
2023-10-26 19:09:51,P-Usine_A-000617,P-Usine_A-000617,L-Usine_A-202343,Airbus,2023-10-31,50,CERT-P-Usine_A-000617
2023-10-26 19:12:57,P-Usine_A-000619,P-Usine_A-000619,L-Usine_A-202343,Dassault,2023-10-27,999.9,CERT-P-Usine_A-000619
2023-10-26 19:07:33,P-Usine_A-000620,P-Usine_A-000620,L-Usine_A-202343,Dassault,2023-10-29,50,CERT-P-Usine_A-000620
2023-10-26 19:09:44,P-Usine_A-000621,P-Usine_A-000621,L-Usine_A-202343,Dassault,2023-10-30,50,CERT-P-Usine_A-000621
2023-10-26 19:14:16,P-Usine_A-000622,P-Usine_A-000622,L-Usine_A-202343,Airbus,2023-10-30,50,CERT-P-Usine_A-000622
2023-10-26 19:08:01,P-Usine_A-000623,P-Usine_A-000623,L-Usine_A-202343,Airbus,2023-10-29,50,CERT-P-Usine_A-000623
2023-10-26 19:18:11,P-Usine_A-000624,P-Usine_A-000624,L-Usine_A-202343,Safran,2023-10-30,50,CERT-P-Usine_A-000624
2023-10-26 19:15:40,P-Usine_A-000625,P-Usine_A-000625,L-Usine_A-202343,Safran,2023-10-31,50,CERT-P-Usine_A-000625
2023-10-26 19:13:36,P-Usine_A-000626,P-Usine_A-000626,L-Usine_A-202343,Dassault,2023-10-27,50,CERT-P-Usine_A-000626
2023-10-26 19:17:36,P-Usine_A-000627,P-Usine_A-000627,L-Usine_A-202343,Safran,2023-10-30,50,CERT-P-Usine_A-000627
2023-10-26 19:19:06,P-Usine_A-000628,P-Usine_A-000628,L-Usine_A-202343,Safran,2023-10-28,50,CERT-P-Usine_A-000628
2023-10-26 19:19:06,P-Usine_A-000628,P-Usine_A-000628,L-Usine_A-202343,Safran,2023-10-28,50,CERT-P-Usine_A-000628
2023-10-26 19:18:25,P-Usine_A-000629,P-Usine_A-000629,L-Usine_A-202343,Airbus,2023-10-29,50,CERT-P-Usine_A-000629
2023-10-26 19:18:25,P-Usine_A-000629,P-Usine_A-000629,L-Usine_A-202343,Airbus,2023-10-29,50,CERT-P-Usine_A-000629
2023-10-26 19:23:30,P-Usine_A-000630,P-Usine_A-000630,L-Usine_A-202343,Safran,,50,CERT-P-Usine_A-000630
2023-10-26 19:25:41,P-Usine_A-000631,P-Usine_A-000631,L-Usine_A-202343,Airbus,2023-10-31,50,CERT-P-Usine_A-000631
2023-10-26 19:20:28,P-Usine_A-000632,P-Usine_A-000632,L-Usine_A-202343,Airbus,2023-10-27,50,CERT-P-Usine_A-000632
2023-10-26 19:18:24,P-Usine_A-000633,P-Usine_A-000633,999.9,Safran,2023-10-28,50,CERT-P-Usine_A-000633
2023-10-26 19:24:44,P-Usine_A-000634,P-Usine_A-000634,L-Usine_A-202343,Dassault,2023-10-30,50,CERT-P-Usine_A-000634
2023-10-26 19:21:43,P-Usine_A-000635,P-Usine_A-000635,L-Usine_A-202343,Safran,2023-10-27,50,CERT-P-Usine_A-000635
2023-10-26 19:26:03,P-Usine_A-000636,P-Usine_A-000636,L-Usine_A-202343,Airbus,2023-10-31,50,CERT-P-Usine_A-000636
2023-10-26 19:24:59,P-Usine_A-000637,P-Usine_A-000637,L-Usine_A-202343,Safran,2023-10-30,50,CERT-P-Usine_A-000637
2023-10-26 19:24:40,P-Usine_A-000638,P-Usine_A-000638,L-Usine_A-202343,Airbus,2023-10-31,50,CERT-P-Usine_A-000638
2023-10-26 19:35:44,P-Usine_A-000641,P-Usine_A-000641,L-Usine_A-202343,Airbus,2023-10-30,50,CERT-P-Usine_A-000641
2023-10-26 19:31:50,P-Usine_A-000643,P-Usine_A-000643,L-Usine_A-202343,Dassault,2023-10-27,50,CERT-P-Usine_A-000643
2023-10-26 19:30:35,P-Usine_A-000644,999.9,L-Usine_A-202343,Safran,2023-10-30,50,CERT-P-Usine_A-000644
2023-10-26 19:37:27,P-Usine_A-000647,P-Usine_A-000647,L-Usine_A-202343,Dassault,2023-10-27,50,CERT-P-Usine_A-000647
2023-10-26 19:43:08,P-Usine_A-000648,P-Usine_A-000648,L-Usine_A-202343,Airbus,2023-10-27,50,CERT-P-Usine_A-000648
2023-10-26 19:37:30,P-Usine_A-000649,P-Usine_A-000649,L-Usine_A-202343,Safran,2023-10-28,999.9,CERT-P-Usine_A-000649
2023-10-26 19:41:28,P-Usine_A-000650,P-Usine_A-000650,L-Usine_A-202343,Dassault,2023-10-30,50,CERT-P-Usine_A-000650
2023-10-26 19:38:38,P-Usine_A-000651,P-Usine_A-000651,L-Usine_A-202343,Safran,2023-10-29,50,CERT-P-Usine_A-000651
2023-10-26 19:38:38,P-Usine_A-000651,P-Usine_A-000651,L-Usine_A-202343,Safran,2023-10-29,50,CERT-P-Usine_A-000651
2023-10-26 19:40:24,P-Usine_A-000653,P-Usine_A-000653,L-Usine_A-202343,Dassault,2023-10-27,50,CERT-P-Usine_A-000653
2023-10-26 19:41:11,P-Usine_A-000654,P-Usine_A-000654,L-Usine_A-202343,Safran,2023-10-29,50,CERT-P-Usine_A-000654
2023-10-26 19:52:03,P-Usine_A-000657,P-Usine_A-000657,L-Usine_A-202343,Airbus,2023-10-31,50,CERT-P-Usine_A-000657
2023-10-26 19:50:30,P-Usine_A-000658,P-Usine_A-000658,L-Usine_A-202343,Safran,2023-10-31,50,CERT-P-Usine_A-000658
2023-10-26 19:51:18,P-Usine_A-000659,P-Usine_A-000659,L-Usine_A-202343,Dassault,2023-10-28,50,CERT-P-Usine_A-000659
2023-10-26 19:49:27,P-Usine_A-000660,P-Usine_A-000660,L-Usine_A-202343,Safran,2023-10-27,50,CERT-P-Usine_A-000660
2023-10-26 19:49:27,P-Usine_A-000661,,L-Usine_A-202343,Airbus,2023-10-29,50,CERT-P-Usine_A-000661
2023-10-26 19:56:49,P-Usine_A-000662,P-Usine_A-000662,L-Usine_A-202343,Dassault,2023-10-27,50,CERT-P-Usine_A-000662
2023-10-26 19:51:17,P-Usine_A-000663,P-Usine_A-000663,L-Usine_A-202343,Airbus,2023-10-31,50,CERT-P-Usine_A-000663
2023-10-26 19:59:08,P-Usine_A-000664,P-Usine_A-000664,L-Usine_A-202343,Dassault,2023-10-28,50,CERT-P-Usine_A-000664
2023-10-26 20:00:43,P-Usine_A-000665,P-Usine_A-000665,L-Usine_A-202343,Safran,2023-10-31,50,CERT-P-Usine_A-000665
2023-10-26 20:00:15,P-Usine_A-000666,P-Usine_A-000666,L-Usine_A-202343,Dassault,2023-10-30,50,CERT-P-Usine_A-000666
2023-10-26 20:00:57,P-Usine_A-000667,P-Usine_A-000667,L-Usine_A-202343,Safran,2023-10-30,50,CERT-P-Usine_A-000667
2023-10-26 19:56:04,P-Usine_A-000668,P-Usine_A-000668,L-Usine_A-202343,Safran,2023-10-30,50,CERT-P-Usine_A-000668
2023-10-26 19:58:47,P-Usine_A-000669,P-Usine_A-000669,L-Usine_A-202343,Safran,2023-10-28,50,CERT-P-Usine_A-000669
2023-10-26 20:05:56,P-Usine_A-000670,P-Usine_A-000670,L-Usine_A-202343,Safran,2023-10-30,50,CERT-P-Usine_A-000670
2023-10-26 20:04:21,P-Usine_A-000673,P-Usine_A-000673,L-Usine_A-202343,Dassault,2023-10-31,50,CERT-P-Usine_A-000673
2023-10-26 20:04:42,P-Usine_A-000674,P-Usine_A-000674,L-Usine_A-202343,Dassault,2023-10-30,50,CERT-P-Usine_A-000674
2023-10-26 20:11:03,P-Usine_A-000675,P-Usine_A-000675,L-Usine_A-202343,Airbus,2023-10-28,50,CERT-P-Usine_A-000675
2023-10-26 20:11:49,P-Usine_A-000676,P-Usine_A-000676,L-Usine_A-202343,Safran,2023-10-29,50,CERT-P-Usine_A-000676
2023-10-26 20:06:10,P-Usine_A-000678,P-Usine_A-000678,L-Usine_A-202343,Dassault,2023-10-30,50,CERT-P-Usine_A-000678
2023-10-26 20:06:10,P-Usine_A-000678,P-Usine_A-000678,L-Usine_A-202343,Dassault,2023-10-30,50,CERT-P-Usine_A-000678
2023-10-26 20:05:47,P-Usine_A-000679,P-Usine_A-000679,L-Usine_A-202343,Dassault,2023-10-31,50,CERT-P-Usine_A-000679
2023-10-26 20:15:20,P-Usine_A-000680,P-Usine_A-000680,L-Usine_A-202343,Airbus,2023-10-31,50,CERT-P-Usine_A-000680
2023-10-26 20:10:44,P-Usine_A-000682,P-Usine_A-000682,L-Usine_A-202343,Safran,2023-10-29,50,CERT-P-Usine_A-000682
2023-10-26 20:11:12,P-Usine_A-000683,P-Usine_A-000683,L-Usine_A-202343,999.9,2023-10-27,50,CERT-P-Usine_A-000683
2023-10-26 20:21:25,P-Usine_A-000686,P-Usine_A-000686,L-Usine_A-202343,Safran,2023-10-28,50,CERT-P-Usine_A-000686
2023-10-26 20:20:21,P-Usine_A-000687,P-Usine_A-000687,L-Usine_A-202343,Airbus,2023-10-28,50,CERT-P-Usine_A-000687
2023-10-26 20:20:02,P-Usine_A-000689,P-Usine_A-000689,L-Usine_A-202343,Airbus,2023-10-27,50,CERT-P-Usine_A-000689
2023-10-26 20:19:51,P-Usine_A-000690,P-Usine_A-000690,L-Usine_A-202343,Safran,2023-10-27,50,CERT-P-Usine_A-000690
2023-10-26 20:26:31,P-Usine_A-000691,P-Usine_A-000691,L-Usine_A-202343,Dassault,2023-10-28,50,CERT-P-Usine_A-000691
2023-10-26 20:19:52,P-Usine_A-000693,P-Usine_A-000693,L-Usine_A-202343,Airbus,2023-10-29,50,CERT-P-Usine_A-000693
2023-10-26 20:19:52,P-Usine_A-000693,P-Usine_A-000693,L-Usine_A-202343,Airbus,2023-10-29,50,CERT-P-Usine_A-000693
2023-10-26 20:25:59,P-Usine_A-000694,P-Usine_A-000694,L-Usine_A-202343,Dassault,2023-10-29,50,CERT-P-Usine_A-000694
2023-10-26 20:30:00,P-Usine_A-000695,P-Usine_A-000695,L-Usine_A-202343,Dassault,2023-10-30,50,CERT-P-Usine_A-000695
2023-10-26 20:22:29,P-Usine_A-000696,P-Usine_A-000696,L-Usine_A-202343,Dassault,2023-10-28,50,CERT-P-Usine_A-000696
2023-10-26 20:28:56,P-Usine_A-000697,P-Usine_A-000697,L-Usine_A-202343,Safran,2023-10-31,50,CERT-P-Usine_A-000697
2023-10-26 20:28:09,P-Usine_A-000698,P-Usine_A-000698,L-Usine_A-202343,Safran,2023-10-27,50,CERT-P-Usine_A-000698
2023-10-26 20:29:43,P-Usine_A-000699,P-Usine_A-000699,L-Usine_A-202343,Dassault,2023-10-30,50,CERT-P-Usine_A-000699
2023-10-26 20:34:38,P-Usine_A-000700,P-Usine_A-000700,L-Usine_A-202343,Airbus,2023-10-28,50,CERT-P-Usine_A-000700
2023-10-26 20:29:58,P-Usine_A-000701,P-Usine_A-000701,L-Usine_A-202343,Safran,2023-10-27,50,CERT-P-Usine_A-000701
2023-10-26 20:30:39,P-Usine_A-000702,P-Usine_A-000702,L-Usine_A-202343,Dassault,2023-10-29,50,CERT-P-Usine_A-000702
2023-10-26 20:35:20,P-Usine_A-000703,P-Usine_A-000703,L-Usine_A-202343,Dassault,2023-10-27,50,CERT-P-Usine_A-000703
2023-10-26 20:39:13,P-Usine_A-000704,P-Usine_A-000704,L-Usine_A-202343,Airbus,2023-10-28,50,CERT-P-Usine_A-000704
2023-10-26 20:34:47,P-Usine_A-000705,P-Usine_A-000705,L-Usine_A-202343,Airbus,2023-10-31,50,CERT-P-Usine_A-000705
2023-10-26 20:40:05,P-Usine_A-000706,P-Usine_A-000706,L-Usine_A-202343,Dassault,2023-10-27,50,CERT-P-Usine_A-000706
2023-10-26 20:37:17,P-Usine_A-000707,P-Usine_A-000707,L-Usine_A-202343,Safran,2023-10-30,50,CERT-P-Usine_A-000707
2023-10-26 20:43:25,P-Usine_A-000708,P-Usine_A-000708,L-Usine_A-202343,Dassault,2023-10-31,50,CERT-P-Usine_A-000708
2023-10-26 20:40:37,P-Usine_A-000709,P-Usine_A-000709,L-Usine_A-202343,Dassault,2023-10-29,50,CERT-P-Usine_A-000709
2023-10-26 20:42:26,P-Usine_A-000710,P-Usine_A-000710,L-Usine_A-202343,Dassault,2023-10-28,50,CERT-P-Usine_A-000710
2023-10-26 20:42:51,P-Usine_A-000711,P-Usine_A-000711,L-Usine_A-202343,999.9,2023-10-30,50,CERT-P-Usine_A-000711
2023-10-26 20:40:39,P-Usine_A-000712,P-Usine_A-000712,L-Usine_A-202343,Airbus,2023-10-30,50,CERT-P-Usine_A-000712
2023-10-26 20:46:16,P-Usine_A-000713,P-Usine_A-000713,L-Usine_A-202343,Safran,2023-10-29,50,CERT-P-Usine_A-000713
2023-10-26 20:45:21,P-Usine_A-000715,P-Usine_A-000715,L-Usine_A-202343,Airbus,2023-10-31,50,CERT-P-Usine_A-000715
2023-10-26 20:46:44,P-Usine_A-000716,P-Usine_A-000716,L-Usine_A-202343,Airbus,2023-10-27,50,CERT-P-Usine_A-000716
2023-10-26 20:43:14,P-Usine_A-000717,P-Usine_A-000717,L-Usine_A-202343,Safran,999.9,50,CERT-P-Usine_A-000717
2023-10-26 20:49:10,P-Usine_A-000719,P-Usine_A-000719,L-Usine_A-202343,Safran,2023-10-28,50,CERT-P-Usine_A-000719
2023-10-26 20:47:39,P-Usine_A-000720,P-Usine_A-000720,L-Usine_A-202343,Airbus,2023-10-30,50,CERT-P-Usine_A-000720
2023-10-26 20:49:00,P-Usine_A-000721,P-Usine_A-000721,L-Usine_A-202343,Dassault,2023-10-30,50,CERT-P-Usine_A-000721
2023-10-26 20:56:53,P-Usine_A-000722,P-Usine_A-000722,L-Usine_A-202343,Dassault,2023-10-31,50,CERT-P-Usine_A-000722
2023-10-26 20:55:07,P-Usine_A-000723,P-Usine_A-000723,L-Usine_A-202343,Dassault,2023-10-27,50,CERT-P-Usine_A-000723
2023-10-26 20:51:37,P-Usine_A-000724,P-Usine_A-000724,L-Usine_A-202343,Dassault,2023-10-27,50,CERT-P-Usine_A-000724
2023-10-26 21:00:24,P-Usine_A-000725,P-Usine_A-000725,L-Usine_A-202343,Airbus,2023-10-27,50,CERT-P-Usine_A-000725
2023-10-26 20:58:15,P-Usine_A-000726,P-Usine_A-000726,L-Usine_A-202343,Airbus,2023-10-29,50,CERT-P-Usine_A-000726
2023-10-26 20:54:41,P-Usine_A-000727,P-Usine_A-000727,L-Usine_A-202343,Safran,2023-10-31,50,CERT-P-Usine_A-000727
2023-10-26 20:59:09,P-Usine_A-000728,P-Usine_A-000728,L-Usine_A-202343,Safran,2023-10-27,50,CERT-P-Usine_A-000728
2023-10-26 20:59:17,P-Usine_A-000729,P-Usine_A-000729,L-Usine_A-202343,Airbus,2023-10-29,50,CERT-P-Usine_A-000729
2023-10-26 20:58:53,P-Usine_A-000730,P-Usine_A-000730,L-Usine_A-202343,Dassault,2023-10-29,50,CERT-P-Usine_A-000730
2023-10-26 21:06:17,P-Usine_A-000732,P-Usine_A-000732,L-Usine_A-202343,Airbus,2023-10-30,50,CERT-P-Usine_A-000732
2023-10-26 20:59:37,P-Usine_A-000733,P-Usine_A-000733,L-Usine_A-202343,Dassault,2023-10-29,50,CERT-P-Usine_A-000733
2023-10-26 21:03:38,P-Usine_A-000734,P-Usine_A-000734,L-Usine_A-202343,Safran,2023-10-31,50,CERT-P-Usine_A-000734
2023-10-26 21:05:42,P-Usine_A-000735,P-Usine_A-000735,L-Usine_A-202343,Airbus,2023-10-31,50,CERT-P-Usine_A-000735
2023-10-26 21:10:50,P-Usine_A-000737,P-Usine_A-000737,L-Usine_A-202343,Safran,2023-10-31,50,CERT-P-Usine_A-000737
2023-10-26 21:10:29,P-Usine_A-000740,P-Usine_A-000740,L-Usine_A-202343,Safran,2023-10-29,50,CERT-P-Usine_A-000740
2023-10-26 21:10:13,P-Usine_A-000741,P-Usine_A-000741,L-Usine_A-202343,Airbus,2023-10-31,50,CERT-P-Usine_A-000741
2023-10-26 21:10:13,P-Usine_A-000741,P-Usine_A-000741,L-Usine_A-202343,Airbus,2023-10-31,50,CERT-P-Usine_A-000741
2023-10-26 21:18:28,P-Usine_A-000742,P-Usine_A-000742,L-Usine_A-202343,Airbus,2023-10-27,50,CERT-P-Usine_A-000742
2023-10-26 21:18:46,P-Usine_A-000744,P-Usine_A-000744,L-Usine_A-202343,Airbus,2023-10-30,50,CERT-P-Usine_A-000744
2023-10-26 21:20:19,P-Usine_A-000745,P-Usine_A-000745,L-Usine_A-202343,Airbus,2023-10-29,50,CERT-P-Usine_A-000745
2023-10-26 21:13:29,P-Usine_A-000746,P-Usine_A-000746,L-Usine_A-202343,Dassault,2023-10-28,50,CERT-P-Usine_A-000746
2023-10-26 21:13:55,P-Usine_A-000747,P-Usine_A-000747,L-Usine_A-202343,Dassault,2023-10-27,50,CERT-P-Usine_A-000747
2023-10-26 21:18:12,P-Usine_A-000748,P-Usine_A-000748,L-Usine_A-202343,Safran,2023-10-27,50,CERT-P-Usine_A-000748
2023-10-26 21:19:28,P-Usine_A-000749,P-Usine_A-000749,L-Usine_A-202343,Dassault,2023-10-27,50,CERT-P-Usine_A-000749
2023-10-26 21:25:24,P-Usine_A-000750,P-Usine_A-000750,L-Usine_A-202343,Safran,2023-10-30,50,CERT-P-Usine_A-000750
2023-10-26 21:22:52,P-Usine_A-000752,P-Usine_A-000752,L-Usine_A-202343,Dassault,2023-10-27,50,CERT-P-Usine_A-000752
2023-10-26 21:22:52,P-Usine_A-000752,P-Usine_A-000752,L-Usine_A-202343,Dassault,2023-10-27,50,CERT-P-Usine_A-000752
2023-10-26 21:21:15,P-Usine_A-000753,P-Usine_A-000753,L-Usine_A-202343,Dassault,2023-10-29,50,CERT-P-Usine_A-000753
2023-10-26 21:25:36,P-Usine_A-000754,P-Usine_A-000754,L-Usine_A-202343,Safran,2023-10-28,50,CERT-P-Usine_A-000754
2023-10-26 21:31:14,P-Usine_A-000757,P-Usine_A-000757,L-Usine_A-202343,Safran,2023-10-30,50,CERT-P-Usine_A-000757
2023-10-26 21:29:54,P-Usine_A-000758,P-Usine_A-000758,L-Usine_A-202343,Safran,2023-10-29,50,CERT-P-Usine_A-000758
2023-10-26 21:32:38,P-Usine_A-000759,P-Usine_A-000759,L-Usine_A-202343,Safran,2023-10-29,50,CERT-P-Usine_A-000759
2023-10-26 21:26:34,P-Usine_A-000760,P-Usine_A-000760,L-Usine_A-202343,Dassault,2023-10-31,50,CERT-P-Usine_A-000760
2023-10-26 21:28:39,P-Usine_A-000762,P-Usine_A-000762,L-Usine_A-202343,Airbus,2023-10-27,50,CERT-P-Usine_A-000762
2023-10-26 21:33:24,P-Usine_A-000763,P-Usine_A-000763,L-Usine_A-202343,Dassault,2023-10-27,50,CERT-P-Usine_A-000763
2023-10-26 21:30:19,P-Usine_A-000764,P-Usine_A-000764,L-Usine_A-202343,Dassault,2023-10-30,50,CERT-P-Usine_A-000764
2023-10-26 21:40:53,P-Usine_A-000765,P-Usine_A-000765,L-Usine_A-202343,Safran,2023-10-27,50,CERT-P-Usine_A-000765
2023-10-26 21:40:38,P-Usine_A-000766,P-Usine_A-000766,L-Usine_A-202343,Safran,2023-10-29,50,CERT-P-Usine_A-000766
2023-10-26 21:41:47,P-Usine_A-000767,P-Usine_A-000767,L-Usine_A-202343,Safran,2023-10-29,50,CERT-P-Usine_A-000767
2023-10-26 21:37:45,P-Usine_A-000768,P-Usine_A-000768,L-Usine_A-202343,Safran,2023-10-27,50,CERT-P-Usine_A-000768
2023-10-26 21:42:02,P-Usine_A-000769,P-Usine_A-000769,L-Usine_A-202343,Airbus,2023-10-28,50,CERT-P-Usine_A-000769
2023-10-26 21:43:17,P-Usine_A-000771,P-Usine_A-000771,L-Usine_A-202343,Safran,2023-10-27,50,CERT-P-Usine_A-000771
2023-10-26 21:38:50,P-Usine_A-000773,P-Usine_A-000773,L-Usine_A-202343,Dassault,2023-10-27,50,CERT-P-Usine_A-000773
2023-10-26 21:44:55,P-Usine_A-000774,P-Usine_A-000774,L-Usine_A-202343,Safran,2023-10-29,50,CERT-P-Usine_A-000774
2023-10-26 21:41:28,P-Usine_A-000775,P-Usine_A-000775,L-Usine_A-202343,Safran,2023-10-28,50,CERT-P-Usine_A-000775
2023-10-26 21:48:41,P-Usine_A-000776,P-Usine_A-000776,L-Usine_A-202343,Safran,2023-10-27,50,CERT-P-Usine_A-000776
2023-10-26 21:50:23,P-Usine_A-000778,P-Usine_A-000778,L-Usine_A-202343,Safran,2023-10-28,,CERT-P-Usine_A-000778
2023-10-26 21:46:55,P-Usine_A-000779,P-Usine_A-000779,L-Usine_A-202343,Dassault,2023-10-28,50,CERT-P-Usine_A-000779
2023-10-26 21:49:33,P-Usine_A-000780,P-Usine_A-000780,L-Usine_A-202343,Dassault,2023-10-28,50,CERT-P-Usine_A-000780
2023-10-26 21:55:26,P-Usine_A-000781,P-Usine_A-000781,L-Usine_A-202343,Safran,2023-10-28,50,CERT-P-Usine_A-000781
2023-10-26 21:49:50,P-Usine_A-000782,P-Usine_A-000782,L-Usine_A-202343,Safran,2023-10-31,50,CERT-P-Usine_A-000782
2023-10-26 21:56:58,P-Usine_A-000783,P-Usine_A-000783,L-Usine_A-202343,Dassault,2023-10-30,50,CERT-P-Usine_A-000783
2023-10-26 21:53:56,P-Usine_A-000784,P-Usine_A-000784,L-Usine_A-202343,Dassault,2023-10-27,50,CERT-P-Usine_A-000784
2023-10-26 21:59:56,P-Usine_A-000786,P-Usine_A-000786,L-Usine_A-202343,Airbus,2023-10-31,50,CERT-P-Usine_A-000786
2023-10-26 21:55:11,P-Usine_A-000787,P-Usine_A-000787,L-Usine_A-202343,Safran,2023-10-29,50,CERT-P-Usine_A-000787
2023-10-26 22:02:35,P-Usine_A-000788,P-Usine_A-000788,L-Usine_A-202343,Safran,2023-10-31,50,CERT-P-Usine_A-000788
2023-10-26 22:04:07,P-Usine_A-000789,P-Usine_A-000789,L-Usine_A-202343,Dassault,2023-10-29,50,CERT-P-Usine_A-000789
2023-10-26 21:57:29,P-Usine_A-000790,P-Usine_A-000790,L-Usine_A-202343,Safran,2023-10-29,50,CERT-P-Usine_A-000790
2023-10-26 22:04:38,P-Usine_A-000791,P-Usine_A-000791,L-Usine_A-202343,Airbus,2023-10-29,50,CERT-P-Usine_A-000791
2023-10-26 21:57:58,P-Usine_A-000792,P-Usine_A-000792,L-Usine_A-202343,Safran,2023-10-31,50,CERT-P-Usine_A-000792
2023-10-26 21:59:28,P-Usine_A-000793,P-Usine_A-000793,L-Usine_A-202343,Safran,2023-10-29,50,CERT-P-Usine_A-000793
2023-10-26 22:02:52,P-Usine_A-000795,P-Usine_A-000795,L-Usine_A-202343,Safran,2023-10-28,50,CERT-P-Usine_A-000795
2023-10-26 22:08:04,P-Usine_A-000796,P-Usine_A-000796,L-Usine_A-202343,Safran,2023-10-27,50,CERT-P-Usine_A-000796
2023-10-26 22:04:12,P-Usine_A-000797,P-Usine_A-000797,L-Usine_A-202343,Airbus,2023-10-28,50,CERT-P-Usine_A-000797
2023-10-26 22:04:38,P-Usine_A-000798,P-Usine_A-000798,L-Usine_A-202343,Dassault,2023-10-31,50,CERT-P-Usine_A-000798
2023-10-26 22:10:58,P-Usine_A-000799,P-Usine_A-000799,L-Usine_A-202343,Airbus,2023-10-27,50,CERT-P-Usine_A-000799
2023-10-26 22:12:49,P-Usine_A-000800,P-Usine_A-000800,L-Usine_A-202343,Airbus,2023-10-31,50,CERT-P-Usine_A-000800
2023-10-26 22:13:56,P-Usine_A-000801,P-Usine_A-000801,L-Usine_A-202343,Airbus,2023-10-29,50,CERT-P-Usine_A-000801
2023-10-26 22:15:31,P-Usine_A-000802,P-Usine_A-000802,L-Usine_A-202343,Dassault,2023-10-27,50,CERT-P-Usine_A-000802
2023-10-26 22:13:05,P-Usine_A-000803,P-Usine_A-000803,L-Usine_A-202343,Safran,2023-10-31,50,CERT-P-Usine_A-000803
2023-10-26 22:15:49,P-Usine_A-000804,P-Usine_A-000804,L-Usine_A-202343,Dassault,2023-10-27,50,CERT-P-Usine_A-000804
2023-10-26 22:16:58,P-Usine_A-000806,P-Usine_A-000806,L-Usine_A-202343,Airbus,2023-10-30,50,CERT-P-Usine_A-000806
2023-10-26 22:14:47,P-Usine_A-000807,P-Usine_A-000807,L-Usine_A-202343,Airbus,2023-10-27,50,CERT-P-Usine_A-000807
2023-10-26 22:22:48,P-Usine_A-000808,P-Usine_A-000808,L-Usine_A-202343,Dassault,2023-10-28,50,CERT-P-Usine_A-000808
2023-10-26 22:23:56,P-Usine_A-000809,P-Usine_A-000809,L-Usine_A-202343,Safran,2023-10-27,50,CERT-P-Usine_A-000809
2023-10-26 22:25:39,P-Usine_A-000810,999.9,L-Usine_A-202343,Dassault,2023-10-31,50,CERT-P-Usine_A-000810
2023-10-26 22:19:00,P-Usine_A-000811,P-Usine_A-000811,L-Usine_A-202343,Dassault,2023-10-28,50,CERT-P-Usine_A-000811
2023-10-26 22:22:16,P-Usine_A-000813,P-Usine_A-000813,L-Usine_A-202343,Safran,2023-10-30,50,CERT-P-Usine_A-000813
2023-10-26 22:27:48,P-Usine_A-000814,P-Usine_A-000814,L-Usine_A-202343,Safran,2023-10-27,50,CERT-P-Usine_A-000814
2023-10-26 22:25:50,P-Usine_A-000816,P-Usine_A-000816,L-Usine_A-202343,Dassault,2023-10-30,50,CERT-P-Usine_A-000816
2023-10-26 22:27:19,P-Usine_A-000818,P-Usine_A-000818,L-Usine_A-202343,Dassault,2023-10-30,50,CERT-P-Usine_A-000818
2023-10-26 22:34:11,P-Usine_A-000820,P-Usine_A-000820,L-Usine_A-202343,Safran,2023-10-27,50,CERT-P-Usine_A-000820
2023-10-26 22:29:49,P-Usine_A-000821,P-Usine_A-000821,L-Usine_A-202343,Dassault,2023-10-30,50,CERT-P-Usine_A-000821
2023-10-26 22:31:50,P-Usine_A-000822,P-Usine_A-000822,L-Usine_A-202343,Airbus,2023-10-31,50,CERT-P-Usine_A-000822
2023-10-26 22:32:09,P-Usine_A-000823,P-Usine_A-000823,L-Usine_A-202343,Safran,2023-10-29,50,CERT-P-Usine_A-000823
2023-10-26 22:36:39,P-Usine_A-000824,P-Usine_A-000824,L-Usine_A-202343,Airbus,2023-10-31,50,CERT-P-Usine_A-000824
2023-10-26 22:39:16,P-Usine_A-000825,P-Usine_A-000825,L-Usine_A-202343,Dassault,2023-10-30,50,CERT-P-Usine_A-000825
2023-10-26 22:33:44,P-Usine_A-000826,P-Usine_A-000826,L-Usine_A-202343,Airbus,2023-10-27,50,CERT-P-Usine_A-000826
2023-10-26 22:42:03,P-Usine_A-000827,P-Usine_A-000827,L-Usine_A-202343,Safran,2023-10-27,50,CERT-P-Usine_A-000827
2023-10-26 22:39:33,P-Usine_A-000828,P-Usine_A-000828,L-Usine_A-202343,Safran,2023-10-30,50,CERT-P-Usine_A-000828
2023-10-26 22:39:21,P-Usine_A-000829,P-Usine_A-000829,L-Usine_A-202343,Airbus,2023-10-30,50,CERT-P-Usine_A-000829
2023-10-26 22:45:15,P-Usine_A-000831,P-Usine_A-000831,L-Usine_A-202343,Safran,2023-10-29,50,CERT-P-Usine_A-000831
2023-10-26 22:45:31,P-Usine_A-000832,P-Usine_A-000832,L-Usine_A-202343,Dassault,2023-10-27,50,CERT-P-Usine_A-000832
2023-10-26 22:45:01,P-Usine_A-000833,P-Usine_A-000833,L-Usine_A-202343,Airbus,2023-10-27,50,CERT-P-Usine_A-000833
2023-10-26 22:48:54,P-Usine_A-000834,P-Usine_A-000834,L-Usine_A-202343,Dassault,2023-10-31,50,CERT-P-Usine_A-000834
2023-10-26 22:48:00,P-Usine_A-000836,P-Usine_A-000836,L-Usine_A-202343,Safran,2023-10-30,50,CERT-P-Usine_A-000836
2023-10-26 22:48:19,P-Usine_A-000838,P-Usine_A-000838,L-Usine_A-202343,Airbus,2023-10-31,50,CERT-P-Usine_A-000838
2023-10-26 22:48:19,P-Usine_A-000838,P-Usine_A-000838,L-Usine_A-202343,Airbus,2023-10-31,50,CERT-P-Usine_A-000838
2023-10-26 22:48:46,P-Usine_A-000839,P-Usine_A-000839,L-Usine_A-202343,Dassault,2023-10-28,50,CERT-P-Usine_A-000839
2023-10-26 22:53:23,P-Usine_A-000841,P-Usine_A-000841,L-Usine_A-202343,Safran,2023-10-30,50,CERT-P-Usine_A-000841
2023-10-26 22:51:00,P-Usine_A-000842,P-Usine_A-000842,L-Usine_A-202343,Safran,2023-10-30,50,CERT-P-Usine_A-000842
2023-10-26 22:52:26,P-Usine_A-000843,P-Usine_A-000843,L-Usine_A-202343,Dassault,2023-10-27,50,CERT-P-Usine_A-000843
2023-10-26 22:50:53,P-Usine_A-000844,P-Usine_A-000844,L-Usine_A-202343,Dassault,2023-10-29,50,CERT-P-Usine_A-000844
2023-10-26 22:57:25,P-Usine_A-000845,P-Usine_A-000845,L-Usine_A-202343,Safran,2023-10-30,50,CERT-P-Usine_A-000845
2023-10-26 22:52:34,P-Usine_A-000846,P-Usine_A-000846,L-Usine_A-202343,Dassault,2023-10-27,50,CERT-P-Usine_A-000846
2023-10-26 22:52:54,P-Usine_A-000847,P-Usine_A-000847,L-Usine_A-202343,Safran,2023-10-30,50,CERT-P-Usine_A-000847
2023-10-26 22:59:23,P-Usine_A-000849,P-Usine_A-000849,L-Usine_A-202343,Airbus,999.9,50,CERT-P-Usine_A-000849
2023-10-26 22:56:46,P-Usine_A-000851,P-Usine_A-000851,L-Usine_A-202343,Airbus,2023-10-28,50,CERT-P-Usine_A-000851
2023-10-26 23:03:46,P-Usine_A-000852,P-Usine_A-000852,L-Usine_A-202343,Safran,2023-10-28,50,CERT-P-Usine_A-000852
2023-10-26 23:01:10,P-Usine_A-000853,P-Usine_A-000853,L-Usine_A-202343,Dassault,2023-10-30,50,CERT-P-Usine_A-000853
2023-10-26 23:00:39,P-Usine_A-000854,P-Usine_A-000854,L-Usine_A-202343,Dassault,2023-10-29,50,CERT-P-Usine_A-000854
,P-Usine_A-000855,P-Usine_A-000855,L-Usine_A-202343,Dassault,2023-10-30,50,CERT-P-Usine_A-000855
2023-10-26 23:07:10,P-Usine_A-000856,P-Usine_A-000856,L-Usine_A-202343,Airbus,2023-10-28,50,CERT-P-Usine_A-000856
2023-10-26 23:11:30,P-Usine_A-000857,P-Usine_A-000857,L-Usine_A-202343,Airbus,2023-10-27,50,CERT-P-Usine_A-000857
2023-10-26 23:05:45,P-Usine_A-000858,P-Usine_A-000858,L-Usine_A-202343,Dassault,2023-10-27,50,CERT-P-Usine_A-000858
2023-10-26 23:10:54,P-Usine_A-000859,P-Usine_A-000859,L-Usine_A-202343,Airbus,2023-10-27,50,CERT-P-Usine_A-000859
2023-10-26 23:08:24,P-Usine_A-000861,P-Usine_A-000861,L-Usine_A-202343,Dassault,2023-10-30,50,CERT-P-Usine_A-000861
2023-10-26 23:10:14,P-Usine_A-000863,P-Usine_A-000863,L-Usine_A-202343,Airbus,2023-10-28,50,CERT-P-Usine_A-000863
2023-10-26 23:15:15,P-Usine_A-000864,P-Usine_A-000864,L-Usine_A-202343,Airbus,2023-10-29,50,CERT-P-Usine_A-000864
2023-10-26 23:18:58,P-Usine_A-000865,P-Usine_A-000865,L-Usine_A-202343,Safran,2023-10-28,50,CERT-P-Usine_A-000865
2023-10-26 23:19:11,P-Usine_A-000866,P-Usine_A-000866,L-Usine_A-202343,Dassault,2023-10-30,50,CERT-P-Usine_A-000866
2023-10-26 23:14:24,P-Usine_A-000867,P-Usine_A-000867,L-Usine_A-202343,Safran,2023-10-27,50,CERT-P-Usine_A-000867
2023-10-26 23:21:43,P-Usine_A-000869,P-Usine_A-000869,L-Usine_A-202343,Safran,2023-10-29,50,CERT-P-Usine_A-000869
2023-10-26 23:24:41,P-Usine_A-000870,P-Usine_A-000870,L-Usine_A-202343,Safran,2023-10-31,50,CERT-P-Usine_A-000870
2023-10-26 23:23:39,P-Usine_A-000871,P-Usine_A-000871,L-Usine_A-202343,Airbus,2023-10-29,50,CERT-P-Usine_A-000871
2023-10-26 23:27:52,P-Usine_A-000873,P-Usine_A-000873,L-Usine_A-202343,Safran,2023-10-30,50,CERT-P-Usine_A-000873
2023-10-26 23:21:14,P-Usine_A-000874,P-Usine_A-000874,L-Usine_A-202343,Dassault,2023-10-27,50,CERT-P-Usine_A-000874
2023-10-26 23:25:48,P-Usine_A-000875,P-Usine_A-000875,L-Usine_A-202343,Dassault,2023-10-27,50,CERT-P-Usine_A-000875
2023-10-26 23:30:59,P-Usine_A-000876,P-Usine_A-000876,L-Usine_A-202343,Safran,2023-10-28,50,CERT-P-Usine_A-000876
2023-10-26 23:23:12,P-Usine_A-000877,P-Usine_A-000877,L-Usine_A-202343,Safran,2023-10-27,50,CERT-P-Usine_A-000877
2023-10-26 23:27:46,P-Usine_A-000880,P-Usine_A-000880,L-Usine_A-202343,Airbus,2023-10-29,50,CERT-P-Usine_A-000880
2023-10-26 23:31:38,P-Usine_A-000882,P-Usine_A-000882,L-Usine_A-202343,Airbus,2023-10-31,50,999.9
2023-10-26 23:33:47,P-Usine_A-000883,P-Usine_A-000883,L-Usine_A-202343,Safran,2023-10-27,50,CERT-P-Usine_A-000883
2023-10-26 23:38:07,P-Usine_A-000884,P-Usine_A-000884,L-Usine_A-202343,Safran,2023-10-31,50,CERT-P-Usine_A-000884
2023-10-26 23:31:04,P-Usine_A-000885,P-Usine_A-000885,L-Usine_A-202343,Safran,2023-10-28,50,CERT-P-Usine_A-000885
2023-10-26 23:31:04,P-Usine_A-000885,P-Usine_A-000885,L-Usine_A-202343,Safran,2023-10-28,50,CERT-P-Usine_A-000885
2023-10-26 23:34:50,P-Usine_A-000886,P-Usine_A-000886,L-Usine_A-202343,Safran,2023-10-30,50,CERT-P-Usine_A-000886
2023-10-26 23:38:08,P-Usine_A-000887,P-Usine_A-000887,L-Usine_A-202343,Airbus,2023-10-27,50,CERT-P-Usine_A-000887
2023-10-26 23:40:24,P-Usine_A-000888,P-Usine_A-000888,L-Usine_A-202343,Safran,2023-10-29,50,CERT-P-Usine_A-000888
2023-10-26 23:40:05,P-Usine_A-000889,P-Usine_A-000889,L-Usine_A-202343,Airbus,2023-10-30,50,CERT-P-Usine_A-000889
2023-10-26 23:35:34,P-Usine_A-000890,P-Usine_A-000890,L-Usine_A-202343,Airbus,2023-10-29,50,CERT-P-Usine_A-000890
2023-10-26 23:37:47,P-Usine_A-000891,P-Usine_A-000891,L-Usine_A-202343,Safran,2023-10-30,50,CERT-P-Usine_A-000891
2023-10-26 23:39:53,P-Usine_A-000892,P-Usine_A-000892,L-Usine_A-202343,Airbus,2023-10-31,50,CERT-P-Usine_A-000892
2023-10-26 23:39:28,P-Usine_A-000893,P-Usine_A-000893,L-Usine_A-202343,Airbus,2023-10-30,50,CERT-P-Usine_A-000893
2023-10-26 23:45:53,P-Usine_A-000894,P-Usine_A-000894,L-Usine_A-202343,Airbus,2023-10-28,50,CERT-P-Usine_A-000894
2023-10-26 23:46:44,P-Usine_A-000895,P-Usine_A-000895,L-Usine_A-202343,Dassault,2023-10-28,50,CERT-P-Usine_A-000895
2023-10-26 23:45:44,P-Usine_A-000896,P-Usine_A-000896,L-Usine_A-202343,Airbus,2023-10-27,50,CERT-P-Usine_A-000896
2023-10-26 23:47:18,P-Usine_A-000897,P-Usine_A-000897,L-Usine_A-202343,Safran,2023-10-27,50,CERT-P-Usine_A-000897
2023-10-26 23:51:04,P-Usine_A-000899,P-Usine_A-000899,L-Usine_A-202343,Dassault,2023-10-28,50,CERT-P-Usine_A-000899
2023-10-26 23:54:08,P-Usine_A-000900,P-Usine_A-000900,L-Usine_A-202343,Safran,2023-10-31,50,CERT-P-Usine_A-000900
2023-10-26 23:54:43,P-Usine_A-000901,P-Usine_A-000901,999.9,Safran,2023-10-29,50,CERT-P-Usine_A-000901
2023-10-26 23:48:40,P-Usine_A-000902,P-Usine_A-000902,L-Usine_A-202343,Airbus,2023-10-30,50,CERT-P-Usine_A-000902
2023-10-26 23:51:07,P-Usine_A-000903,P-Usine_A-000903,L-Usine_A-202343,Dassault,2023-10-30,50,CERT-P-Usine_A-000903
2023-10-26 23:53:54,P-Usine_A-000904,P-Usine_A-000904,L-Usine_A-202343,Airbus,2023-10-31,50,CERT-P-Usine_A-000904
2023-10-26 23:57:58,P-Usine_A-000905,P-Usine_A-000905,L-Usine_A-202343,Safran,2023-10-31,50,CERT-P-Usine_A-000905
2023-10-26 23:58:21,P-Usine_A-000906,P-Usine_A-000906,L-Usine_A-202343,Safran,2023-10-28,50,CERT-P-Usine_A-000906
2023-10-26 23:56:48,P-Usine_A-000907,P-Usine_A-000907,L-Usine_A-202343,Airbus,2023-10-27,50,CERT-P-Usine_A-000907
2023-10-26 23:54:28,P-Usine_A-000908,P-Usine_A-000908,L-Usine_A-202343,Safran,2023-10-27,50,CERT-P-Usine_A-000908
2023-10-26 23:56:21,P-Usine_A-000909,P-Usine_A-000909,L-Usine_A-202343,Dassault,2023-10-30,50,CERT-P-Usine_A-000909
2023-10-27 00:02:05,P-Usine_A-000910,P-Usine_A-000910,L-Usine_A-202343,Safran,2023-10-28,50,CERT-P-Usine_A-000910
2023-10-26 23:57:56,P-Usine_A-000911,P-Usine_A-000911,L-Usine_A-202343,Safran,2023-10-31,50,CERT-P-Usine_A-000911
2023-10-27 00:05:24,P-Usine_A-000912,P-Usine_A-000912,L-Usine_A-202343,Safran,2023-10-29,50,CERT-P-Usine_A-000912
2023-10-27 00:05:37,P-Usine_A-000913,P-Usine_A-000913,L-Usine_A-202343,Dassault,2023-10-29,50,CERT-P-Usine_A-000913
2023-10-27 00:05:37,P-Usine_A-000913,P-Usine_A-000913,L-Usine_A-202343,Dassault,2023-10-29,50,CERT-P-Usine_A-000913
2023-10-27 00:07:56,P-Usine_A-000914,P-Usine_A-000914,L-Usine_A-202343,Airbus,2023-10-28,50,CERT-P-Usine_A-000914
2023-10-27 00:09:58,P-Usine_A-000915,P-Usine_A-000915,L-Usine_A-202343,Dassault,2023-10-29,50,CERT-P-Usine_A-000915
2023-10-27 00:09:48,P-Usine_A-000916,P-Usine_A-000916,L-Usine_A-202343,Safran,2023-11-01,50,CERT-P-Usine_A-000916
2023-10-27 00:09:08,P-Usine_A-000917,P-Usine_A-000917,L-Usine_A-202343,Safran,2023-10-28,50,CERT-P-Usine_A-000917
2023-10-27 00:04:11,P-Usine_A-000918,P-Usine_A-000918,L-Usine_A-202343,Airbus,2023-10-31,50,CERT-P-Usine_A-000918
2023-10-27 00:04:40,P-Usine_A-000919,P-Usine_A-000919,L-Usine_A-202343,Dassault,2023-10-30,50,CERT-P-Usine_A-000919
2023-10-27 00:15:12,P-Usine_A-000921,P-Usine_A-000921,L-Usine_A-202343,Airbus,2023-10-31,50,CERT-P-Usine_A-000921
2023-10-27 00:08:40,P-Usine_A-000922,P-Usine_A-000922,L-Usine_A-202343,Airbus,2023-10-29,50,CERT-P-Usine_A-000922
2023-10-27 00:11:41,P-Usine_A-000923,P-Usine_A-000923,L-Usine_A-202343,Airbus,2023-10-31,50,CERT-P-Usine_A-000923
2023-10-27 00:12:46,P-Usine_A-000925,P-Usine_A-000925,L-Usine_A-202343,Safran,2023-10-30,50,CERT-P-Usine_A-000925
2023-10-27 00:11:02,P-Usine_A-000926,P-Usine_A-000926,L-Usine_A-202343,Airbus,2023-10-31,50,CERT-P-Usine_A-000926
2023-10-27 00:21:22,P-Usine_A-000927,P-Usine_A-000927,L-Usine_A-202343,Dassault,2023-10-28,50,CERT-P-Usine_A-000927
2023-10-27 00:19:56,P-Usine_A-000928,P-Usine_A-000928,L-Usine_A-202343,Safran,2023-11-01,50,CERT-P-Usine_A-000928
2023-10-27 00:15:05,P-Usine_A-000929,P-Usine_A-000929,L-Usine_A-202343,Dassault,2023-11-01,50,CERT-P-Usine_A-000929
2023-10-27 00:24:17,P-Usine_A-000930,P-Usine_A-000930,L-Usine_A-202343,Airbus,2023-10-31,50,CERT-P-Usine_A-000930
2023-10-27 00:21:36,P-Usine_A-000931,P-Usine_A-000931,L-Usine_A-202343,Airbus,2023-10-29,50,CERT-P-Usine_A-000931
2023-10-27 00:20:00,P-Usine_A-000932,P-Usine_A-000932,L-Usine_A-202343,Safran,999.9,50,CERT-P-Usine_A-000932
2023-10-27 00:20:14,P-Usine_A-000933,P-Usine_A-000933,L-Usine_A-202343,Safran,2023-10-28,50,CERT-P-Usine_A-000933
2023-10-27 00:25:18,P-Usine_A-000934,P-Usine_A-000934,L-Usine_A-202343,Airbus,2023-10-31,50,CERT-P-Usine_A-000934
2023-10-27 00:25:18,P-Usine_A-000934,P-Usine_A-000934,L-Usine_A-202343,Airbus,2023-10-31,50,CERT-P-Usine_A-000934
2023-10-27 00:27:22,P-Usine_A-000936,P-Usine_A-000936,L-Usine_A-202343,Safran,2023-10-30,50,CERT-P-Usine_A-000936
2023-10-27 00:29:06,P-Usine_A-000937,P-Usine_A-000937,L-Usine_A-202343,Safran,2023-10-28,50,CERT-P-Usine_A-000937
2023-10-27 00:28:21,P-Usine_A-000938,P-Usine_A-000938,L-Usine_A-202343,999.9,2023-10-30,50,CERT-P-Usine_A-000938
2023-10-27 00:24:33,P-Usine_A-000939,P-Usine_A-000939,L-Usine_A-202343,Safran,2023-10-28,50,CERT-P-Usine_A-000939
2023-10-27 00:24:33,P-Usine_A-000939,P-Usine_A-000939,L-Usine_A-202343,Safran,2023-10-28,50,CERT-P-Usine_A-000939
2023-10-27 00:26:20,P-Usine_A-000940,P-Usine_A-000940,L-Usine_A-202343,Dassault,2023-10-30,50,CERT-P-Usine_A-000940
2023-10-27 00:31:31,P-Usine_A-000941,P-Usine_A-000941,L-Usine_A-202343,Safran,2023-10-29,50,CERT-P-Usine_A-000941
2023-10-27 00:31:07,P-Usine_A-000942,P-Usine_A-000942,L-Usine_A-202343,Safran,2023-10-31,50,CERT-P-Usine_A-000942
2023-10-27 00:29:57,P-Usine_A-000943,P-Usine_A-000943,L-Usine_A-202343,Safran,2023-10-31,50,CERT-P-Usine_A-000943
2023-10-27 00:29:21,P-Usine_A-000944,P-Usine_A-000944,L-Usine_A-202343,Dassault,2023-10-30,50,CERT-P-Usine_A-000944
2023-10-27 00:33:48,P-Usine_A-000945,P-Usine_A-000945,L-Usine_A-202343,Dassault,2023-10-30,50,CERT-P-Usine_A-000945
2023-10-27 00:39:36,P-Usine_A-000946,,L-Usine_A-202343,Airbus,2023-11-01,50,CERT-P-Usine_A-000946
2023-10-27 00:36:39,P-Usine_A-000947,P-Usine_A-000947,L-Usine_A-202343,Dassault,2023-10-31,50,CERT-P-Usine_A-000947
2023-10-27 00:38:33,P-Usine_A-000948,P-Usine_A-000948,L-Usine_A-202343,Dassault,2023-10-30,50,CERT-P-Usine_A-000948
2023-10-27 00:34:55,P-Usine_A-000949,P-Usine_A-000949,L-Usine_A-202343,Dassault,2023-11-01,50,CERT-P-Usine_A-000949
2023-10-27 00:37:03,P-Usine_A-000950,P-Usine_A-000950,L-Usine_A-202343,Safran,2023-10-28,50,CERT-P-Usine_A-000950
2023-10-27 00:37:03,P-Usine_A-000950,P-Usine_A-000950,L-Usine_A-202343,Safran,2023-10-28,50,CERT-P-Usine_A-000950
2023-10-27 00:38:15,P-Usine_A-000951,P-Usine_A-000951,L-Usine_A-202343,Safran,2023-10-31,50,CERT-P-Usine_A-000951
2023-10-27 00:41:40,P-Usine_A-000952,P-Usine_A-000952,L-Usine_A-202343,Safran,2023-10-31,50,CERT-P-Usine_A-000952
2023-10-27 00:46:27,P-Usine_A-000953,P-Usine_A-000953,L-Usine_A-202343,Safran,2023-10-31,50,CERT-P-Usine_A-000953
2023-10-27 00:44:33,P-Usine_A-000954,P-Usine_A-000954,L-Usine_A-202343,Dassault,2023-10-29,50,CERT-P-Usine_A-000954
2023-10-27 00:44:04,P-Usine_A-000955,999.9,L-Usine_A-202343,Dassault,2023-11-01,50,CERT-P-Usine_A-000955
2023-10-27 00:43:40,P-Usine_A-000956,P-Usine_A-000956,L-Usine_A-202343,Airbus,2023-10-30,50,CERT-P-Usine_A-000956
2023-10-27 00:47:00,P-Usine_A-000957,P-Usine_A-000957,L-Usine_A-202343,Dassault,2023-10-31,50,CERT-P-Usine_A-000957
2023-10-27 00:48:46,P-Usine_A-000958,P-Usine_A-000958,L-Usine_A-202343,Dassault,2023-10-31,50,CERT-P-Usine_A-000958
2023-10-27 00:51:54,P-Usine_A-000959,P-Usine_A-000959,L-Usine_A-202343,Dassault,2023-10-28,50,CERT-P-Usine_A-000959
2023-10-27 00:50:12,P-Usine_A-000960,P-Usine_A-000960,L-Usine_A-202343,Dassault,2023-10-31,50,CERT-P-Usine_A-000960
2023-10-27 00:48:06,P-Usine_A-000962,P-Usine_A-000962,L-Usine_A-202343,Safran,2023-10-28,50,CERT-P-Usine_A-000962
2023-10-27 00:55:09,P-Usine_A-000963,P-Usine_A-000963,L-Usine_A-202343,Airbus,2023-10-28,50,CERT-P-Usine_A-000963
2023-10-27 00:58:06,P-Usine_A-000965,P-Usine_A-000965,L-Usine_A-202343,Airbus,2023-10-29,50,CERT-P-Usine_A-000965
2023-10-27 00:58:06,P-Usine_A-000965,P-Usine_A-000965,L-Usine_A-202343,Airbus,2023-10-29,50,CERT-P-Usine_A-000965
2023-10-27 00:57:58,P-Usine_A-000966,P-Usine_A-000966,L-Usine_A-202343,Dassault,2023-10-30,50,CERT-P-Usine_A-000966
2023-10-27 01:00:01,P-Usine_A-000968,P-Usine_A-000968,L-Usine_A-202343,Airbus,2023-10-31,50,CERT-P-Usine_A-000968
2023-10-27 01:01:09,P-Usine_A-000969,P-Usine_A-000969,L-Usine_A-202343,Dassault,2023-10-29,50,CERT-P-Usine_A-000969
2023-10-27 01:04:22,P-Usine_A-000970,P-Usine_A-000970,L-Usine_A-202343,Airbus,2023-10-31,50,CERT-P-Usine_A-000970
2023-10-27 01:03:46,P-Usine_A-000971,P-Usine_A-000971,L-Usine_A-202343,Safran,2023-10-29,50,CERT-P-Usine_A-000971
2023-10-27 01:03:46,P-Usine_A-000971,P-Usine_A-000971,L-Usine_A-202343,Safran,2023-10-29,50,CERT-P-Usine_A-000971
2023-10-27 01:04:07,P-Usine_A-000972,P-Usine_A-000972,L-Usine_A-202343,Airbus,2023-11-01,50,CERT-P-Usine_A-000972
2023-10-27 01:00:04,P-Usine_A-000973,P-Usine_A-000973,L-Usine_A-202343,Airbus,2023-10-29,50,CERT-P-Usine_A-000973
2023-10-27 01:00:32,P-Usine_A-000975,P-Usine_A-000975,L-Usine_A-202343,Dassault,2023-11-01,50,CERT-P-Usine_A-000975
2023-10-27 01:08:54,P-Usine_A-000976,P-Usine_A-000976,L-Usine_A-202343,Airbus,2023-10-29,50,CERT-P-Usine_A-000976
2023-10-27 01:08:54,P-Usine_A-000976,P-Usine_A-000976,L-Usine_A-202343,Airbus,2023-10-29,50,CERT-P-Usine_A-000976
2023-10-27 01:11:06,P-Usine_A-000977,P-Usine_A-000977,L-Usine_A-202343,,2023-10-28,50,CERT-P-Usine_A-000977
2023-10-27 01:12:21,P-Usine_A-000979,P-Usine_A-000979,L-Usine_A-202343,Safran,2023-10-30,50,CERT-P-Usine_A-000979
2023-10-27 01:12:24,P-Usine_A-000980,P-Usine_A-000980,L-Usine_A-202343,Safran,2023-10-28,50,CERT-P-Usine_A-000980
2023-10-27 01:07:52,P-Usine_A-000981,P-Usine_A-000981,L-Usine_A-202343,Dassault,2023-10-28,50,CERT-P-Usine_A-000981
2023-10-27 01:10:27,P-Usine_A-000982,P-Usine_A-000982,L-Usine_A-202343,Dassault,2023-10-31,50,CERT-P-Usine_A-000982
2023-10-27 01:14:08,P-Usine_A-000983,P-Usine_A-000983,L-Usine_A-202343,Dassault,2023-10-30,50,CERT-P-Usine_A-000983
2023-10-27 01:13:13,P-Usine_A-000984,999.9,L-Usine_A-202343,Safran,2023-10-30,50,CERT-P-Usine_A-000984
2023-10-27 01:12:25,P-Usine_A-000985,P-Usine_A-000985,L-Usine_A-202343,Safran,2023-10-31,50,CERT-P-Usine_A-000985
2023-10-27 01:15:44,P-Usine_A-000987,P-Usine_A-000987,L-Usine_A-202343,Airbus,2023-11-01,50,CERT-P-Usine_A-000987
2023-10-27 01:13:30,P-Usine_A-000988,P-Usine_A-000988,L-Usine_A-202343,Dassault,2023-10-30,50,CERT-P-Usine_A-000988
2023-10-27 01:21:50,P-Usine_A-000989,P-Usine_A-000989,L-Usine_A-202343,Dassault,2023-10-30,50,CERT-P-Usine_A-000989
2023-10-27 01:19:01,P-Usine_A-000990,P-Usine_A-000990,L-Usine_A-202343,Safran,2023-10-30,50,CERT-P-Usine_A-000990
2023-10-27 01:17:50,P-Usine_A-000991,P-Usine_A-000991,L-Usine_A-202343,Safran,2023-10-28,50,CERT-P-Usine_A-000991
2023-10-27 01:25:20,P-Usine_A-000992,P-Usine_A-000992,L-Usine_A-202343,Safran,2023-10-29,50,CERT-P-Usine_A-000992
2023-10-27 01:20:15,P-Usine_A-000993,P-Usine_A-000993,L-Usine_A-202343,Dassault,2023-10-31,50,CERT-P-Usine_A-000993
2023-10-27 01:27:31,P-Usine_A-000994,P-Usine_A-000994,L-Usine_A-202343,Dassault,2023-10-30,50,CERT-P-Usine_A-000994
2023-10-27 01:27:31,P-Usine_A-000994,P-Usine_A-000994,L-Usine_A-202343,Dassault,2023-10-30,50,CERT-P-Usine_A-000994
2023-10-27 01:28:54,P-Usine_A-000997,P-Usine_A-000997,L-Usine_A-202343,Safran,2023-10-28,50,CERT-P-Usine_A-000997
2023-10-27 01:32:15,P-Usine_A-000998,P-Usine_A-000998,L-Usine_A-202343,Safran,2023-10-29,50,CERT-P-Usine_A-000998
2023-10-27 01:28:09,P-Usine_A-000999,P-Usine_A-000999,L-Usine_A-202343,Safran,2023-10-29,50,CERT-P-Usine_A-000999
2023-10-27 01:34:48,P-Usine_A-001000,P-Usine_A-001000,L-Usine_A-202343,Airbus,2023-10-28,999.9,CERT-P-Usine_A-001000
